﻿<?xml version="1.0" encoding="utf-8"?><guidanceItem id="07a2edc8-7617-47b4-877d-d76639ebadd4" type="applicationscenario" title="Internet – Forms Auth to SQL, Roles in SQL" cssFile="guidance.css" Date="2008-01-12T00:21:45.73Z" Author="J.D. Meier, Srinath Vasireddy, Ashish Babbar, Rico Mariani, and Alex Mackman" Category="" filePath="..\Libraries\patterns &amp; practices Library\Application Scenario\07a2edc8-7617-47b4-877d-d76639ebadd4.xml" Priority="2" Rule_Type="Design" Source="patterns &amp; practices Library" Status="Release" Technology=".NET 2.0" Topic="Security" Type="Application Scenario" xmlns="urn:microsoft:guidanceexplorer:guidanceItem"><content><![CDATA[<H1>Applies To</H1><UL><LI><DIV>ASP.NET 2.0</DIV><LI><DIV>SQL Server 2000 </DIV><LI><DIV>Windows Server 2003&nbsp;</DIV></LI></UL><H1>Scenario</H1><P>In this scenario, an Internet ASP.NET application accesses a back-end SQL Server database. The application is used by the general public.&nbsp;</P><P><IMG src="http://channel9.msdn.com/wiki/images/InternetFormsAuthToSQLSQLRoles.gif"></P><H1>Key Characteristics</H1><UL><LI><DIV>Accounts are in a SQL Server database store</DIV><LI><DIV>Clients are mixed Internet Explorer and other browsers </DIV><LI><DIV>The application provides sensitive, per-user data. </DIV><LI><DIV>Only authenticated clients should access the application. </DIV><LI><DIV>Each user only has access to their data.</DIV></LI></UL><H1>Solution</H1><P>The Web application uses a trusted subsystem model and executes calls to the database on behalf of the original callers.</P><P><IMG src="http://channel9.msdn.com/wiki/images/InternetFormsAuthToSQLSQLRoles(Solution).gif"></P><H1>Web Server</H1><H2>IIS</H2><UL><LI><DIV>A dedicated application pool is used and configured to run under a custom domain service account with access to the database. </DIV><LI><DIV>The application's virtual directory is configured in IIS for anonymous access. </DIV><LI><DIV>The application's virtual directory is configured for SSL</DIV></LI></UL><H2>ASP.NET&nbsp; </H2><H3>Authentication </H3><UL><LI><DIV>ASP.NET is configured for Forms authentication &lt;authentication mode="Forms"/&gt;&nbsp; </DIV><LI><DIV>If you have role segmentation in your application then you use URL authorization. e.g. You might have pages that only members of the "Sales" role should be able to access and others that only members of "HR" should be able to access. </DIV><LI><DIV>Connection string configured to point to the user store in SQL Server. </DIV><LI><DIV>SqlMembershipProvider is configured to use with Membership feature for forms authentication </DIV><LI><DIV>Set the defaultProvider attribute for the membership element to the configured SqlMembershipProvider.</DIV></LI></UL><H3>Authorization</H3><UL><LI><DIV>Application is configured to enable role manager (SqlRoleProvider). </DIV><LI><DIV>&nbsp;Connection string pointing to Role Store in SQL Server is configured. </DIV><LI><DIV>&nbsp;Role-checks are performed by using Role Manager APIs with SqlRoleProvider. </DIV><LI><DIV>&nbsp;The database connection string includes Integrated Security=SSPI or Trusted Connection=Yes for Windows authentication.</DIV></LI></UL><H3>Configuration </H3><P>The database connection string is held in the &lt;connectionString&gt; section of the application's Web.config. This can be encrypted by using a protected configuration provider (DPAPI on a single machine, RSA if in a Web farm). Tradeoff here is added deployment complexity vs. keeping the database name and location a secret.</P><H1>Database Server</H1><H2>Authentication </H2><UL><LI><DIV>SQL Server configured for Windows authentication&nbsp; </DIV><LI><DIV>A SQL Server login is created for the application's application pool identity.&nbsp; </DIV><LI><DIV>The login is mapped to a database user for the Web application&nbsp;&nbsp; </DIV></LI></UL><H2>Authorization </H2><UL><LI><DIV>The database user is placed in a database role for the Web application.&nbsp; </DIV><LI><DIV>Database permissions are granted to the database role. Ideally, role only grants execute permissions on necessary stored procedures.&nbsp; </DIV></LI></UL><H1>Secure Communication </H1><H2>Browser to Web App </H2><UL><LI><DIV>SSL is used between browser and Web server to protect sensitive data on the wire. </DIV></LI></UL><H2>Web App to Database </H2><UL><LI><DIV>Database IPSec or SSL can be used between Web server and database server to protect sensitive data on the wire.&nbsp; </DIV></LI></UL><H1>Configuration </H1><H2>Membership</H2><PRE>&lt;connectionStrings&gt;<BR>&nbsp; &lt;add name="MyLocalSQLServer"<BR>&nbsp;&nbsp;&nbsp;&nbsp;&nbsp;&nbsp; connectionString="Initial Catalog=aspnetdb;data source=localhost;Integrated Security=SSPI;" /&gt;<BR>&nbsp;&lt;/connectionStrings&gt; <BR>&nbsp;&lt;membership defaultProvider="MySqlMembershipProvider" &gt;<BR>&nbsp; &lt;providers&gt;<BR>&nbsp;&nbsp;&nbsp; &lt;clear/&gt;<BR>&nbsp;&nbsp;&nbsp; &lt;add name="MySqlMembershipProvider"<BR>&nbsp;&nbsp;&nbsp;&nbsp;&nbsp;&nbsp;&nbsp;&nbsp; connectionStringName="MyLocalSQLServer"<BR>&nbsp;&nbsp;&nbsp;&nbsp;&nbsp;&nbsp;&nbsp;&nbsp; applicationName="MyAppName"<BR>&nbsp;&nbsp;&nbsp;&nbsp;&nbsp;&nbsp;&nbsp;&nbsp; type="System.Web.Security.SqlMembershipProvider, System.Web, Version=2.0.0.0, <BR>&nbsp;&nbsp;&nbsp;&nbsp;&nbsp;&nbsp;&nbsp; Culture=neutral, PublicKeyToken=b03f5f7f11d50a3a" /&gt;<BR>&nbsp; &lt;/providers&gt;<BR>&nbsp;&lt;/membership&gt;</PRE><H2>SqlRoleProvider</H2><PRE>&lt;configuration&gt;  &lt;connectionStrings&gt;    &lt;add name="SqlRoleManagerConnection"          connectionString="Data Source=sqlinstance;                          Initial Catalog=aspnetdb;Integrated Security=SSPI;"&gt;    &lt;/add&gt;  &lt;/connectionStrings&gt;&lt;/configuration&gt;  &lt;roleManager enabled="true" defaultProvider="SqlRoleManager"&gt;  &lt;providers&gt;    &lt;add name="SqlRoleManager"          type="System.Web.Security.SqlRoleProvider"         connectionStringName="SqlRoleManagerConnection"         applicationName="MyApplication" /&gt;  &lt;/providers&gt; &lt;/roleManager&gt; </PRE><H1>Additional Resources</H1><UL><LI><DIV>For more information see <A href="http://channel9.msdn.com/wiki/default.aspx/SecurityWiki.ASPNETV2ScenariosAndSolutions">http://channel9.msdn.com/wiki/default.aspx/SecurityWiki.ASPNETV2ScenariosAndSolutions</A></DIV></LI></UL>]]></content></guidanceItem>