﻿<?xml version="1.0" encoding="utf-8"?><guidanceItem id="1661e8b0-b6f5-4430-a673-6fecce6f6c74" type="applicationscenario" title="Internet – ASP.NET to SQL Server" cssFile="guidance.css" Date="2008-01-11T21:43:02.017Z" Author="J.D. Meier, Srinath Vasireddy, Ashish Babbar, Rico Mariani, and Alex Mackman" Category="" filePath="..\Libraries\patterns &amp; practices Library\Application Scenario\1661e8b0-b6f5-4430-a673-6fecce6f6c74.xml" Priority="2" Rule_Type="Design" Source="patterns &amp; practices Library" Status="Release" Technology=".NET 1.1" Topic="Security" Type="Application Scenario" xmlns="urn:microsoft:guidanceexplorer:guidanceItem"><content><![CDATA[<H1>Applies To</H1><UL><LI><DIV>ASP.NET 1.1</DIV><LI><DIV>.NET Framework 1.1</DIV></LI></UL><H1>Scenario</H1><SPAN><P></SPAN>In this scenario with two physical tiers, registered users securely log in to the Web-based application using a Web browser. The ASP.NET-based Web application makes secure connections to a Microsoft SQL Server database to manage predominantly data retrieval tasks. An example is a portal application that provides news content to registered subscribers.</P><P><IMG alt="" src="http://msdn2.microsoft.com/en-us/library/Aa302387.f07sn01(en-us,MSDN.10).gif" border=0></P><H1>Key Characteristics</H1><UL><LI><DIV>Users have a number of different browser types. </DIV><LI><DIV>Anonymous users can browse the application's unrestricted pages. </DIV><LI><DIV>Users must register or log on (through an HTML form) before being allowed to view restricted pages. </DIV><LI><DIV>User credentials are validated against a SQL Server database. </DIV><LI><DIV>All user input (such as user credentials) that is used in database queries is validated to mitigate the threat of SQL injection attacks. </DIV><LI><DIV>The front-end Web application is located within a perimeter network (also known as DMZ, demilitarized zone, and screened subnet), with firewalls separating it from the Internet and the internal corporate network (and the SQL Server database). </DIV><LI><DIV>The application requires strong security, high levels of scalability, and detailed auditing. </DIV><LI><DIV>The database trusts the application to authenticate users properly (that is, the application makes calls to the database on behalf of the users). </DIV><LI><DIV>The Web application connects to the database by using the ASP.NET process account. </DIV><LI><DIV>A single user-defined database role is used within SQL Server for database authorization.&nbsp;</DIV></LI></UL><H1>Solution</H1><P>In this scenario, the Web application presents a logon page to accept credentials. Successfully validated users are allowed to proceed, all others are denied access. The database authenticates against the ASP.NET default process identity, which is a least privileged account (that is, the database trusts the ASP.NET application).</P><P><IMG alt="" src="http://msdn2.microsoft.com/en-us/library/Aa302387.f07sn02(en-us,MSDN.10).gif" border=0></P><H2>Authentication </H2><UL><LI><DIV>IIS is configured to allow anonymous access; the ASP.NET Web application authenticates users with Forms authentication to acquire credentials. Validation is against a SQL Server database. </DIV><LI><DIV>Users' passwords are not stored in the database. Instead password hashes with salt values are stored. The salt mitigates the threat associated with dictionary attacks.</DIV><LI><DIV>Microsoft&#174; Windows&#174; authentication is used to connect to the database using the least privileged Windows account used to run the ASP.NET Web application.</DIV></LI></UL><H2>Authorization </H2><UL><LI><DIV>The ASP.NET process account is authorized to access system resources on the Web server. Resources are protected with Windows ACLs. </DIV><LI><DIV>Access to the database is authorized using the ASP.NET application identity.&nbsp; </DIV></LI></UL><H2>Secure Communication</H2><UL><LI><DIV>Secure sensitive data sent between the users and the Web application by using SSL. </DIV><LI><DIV>Secure sensitive data sent between the Web server and the database server by using IPSec.</DIV></LI></UL><H1>Web Server</H1><H2>IIS</H2><UL><LI><DIV>Enable Anonymous access for your Web application's virtual root directory.</DIV></LI></UL><H2>Configure ASP.NET&nbsp; </H2><UL><LI><DIV>Reset the password of the ASPNET account (used to run ASP.NET) to a known strong password.</DIV><LI><DIV>Configure your ASP.NET Web application to use Forms authentication (with SSL)</DIV></LI></UL><H1>Database Server</H1><UL><LI><DIV>Create a Windows account on your SQL Server computer that matches the ASP.NET process account</DIV><LI><DIV>Configure SQL Server for Windows authentication</DIV><LI><DIV>Create a SQL Server Login for newly created account </DIV><LI><DIV><STRONG>Note</STRONG>&nbsp;&nbsp; If you are running IIS 6.0 on Windows Server 2003, create a SQL Server login for the ASP.NET process identity directly by using the DomainName\WebServerName&#36; identifier</DIV><LI><DIV>Create a new database user and map the login name to the database user</DIV><LI><DIV>Create a new user-defined database role within the database and place the database user into the role</DIV><LI><DIV>Establish database permissions for the database role</DIV></LI></UL><H1>Secure Communication </H1><UL><LI><DIV>Configure the Web site for SSL</DIV><LI><DIV>Configure IPSec between application server and database server<BR></DIV></LI></UL><H1>Additional Resources</H1><UL><LI><DIV>For more information see <A href="http://msdn2.microsoft.com/en-us/library/aa302387.aspx">http://msdn2.microsoft.com/en-us/library/aa302387.aspx</A></DIV></LI></UL>]]></content></guidanceItem>