﻿<?xml version="1.0" encoding="utf-8"?><guidanceItem id="2f736e6b-d6b6-4874-8e21-03ee4fd52e95" type="applicationscenario" title="Internet – ASP.NET to Remote Enterprise Services to SQL Server" cssFile="guidance.css" Date="2008-01-11T21:41:52.397Z" Author="J.D. Meier, Srinath Vasireddy, Ashish Babbar, Rico Mariani, and Alex Mackman" Category="" filePath="..\Libraries\patterns &amp; practices Library\Application Scenario\2f736e6b-d6b6-4874-8e21-03ee4fd52e95.xml" Priority="2" Rule_Type="Design" Source="patterns &amp; practices Library" Status="Release" Technology=".NET 1.1" Topic="Security" Type="Application Scenario" xmlns="urn:microsoft:guidanceexplorer:guidanceItem"><content><![CDATA[<H1>Applies To</H1><UL><LI><DIV>ASP.NET 1.1</DIV><LI><DIV>.NET Framework 1.1</DIV></LI></UL><H1>Scenario</H1><P>In this scenario, a Web server running ASP.NET pages makes secure connections to serviced components, located on a remote application server that in turn connects to a SQL Server database. In common with many Internet application infrastructures, the Web server and application server are separated by a firewall (and the Web server is located within a perimeter network). Serviced components make secure connections to SQL Server.&nbsp;</P><P>As an example, consider an Internet banking application that provides sensitive data, (for example, private financial details) to users. All banking transactions from the client to the database must be secured and data integrity is critical. Not only does the traffic to and from the user need to be secured but the traffic to and from the database needs to be secured as well.&nbsp;</P><P><IMG alt="" src="http://msdn2.microsoft.com/en-us/library/Aa302387.f07sn03(en-us,MSDN.10).gif" border=0></P><H1>Key Characteristics</H1><UL><LI><DIV>Users have a number of different browser types.</DIV><LI><DIV>Anonymous users can browse the application's unrestricted pages. </DIV><LI><DIV>Users must register or log on (through an HTML form) before being allowed to view restricted pages. </DIV><LI><DIV>The front-end Web-based application is located within a perimeter network, with firewalls separating it from the Internet and the internal corporate network (and the application server). </DIV><LI><DIV>The application requires strong security, high levels of scalability, and detailed auditing. </DIV><LI><DIV>The Web-based application uses SOAP to connect to a Web services layer, which provides an interface to the serviced components that run within an Enterprise Services application on the application server. SOAP is preferred to DCOM due to firewall restrictions.</DIV><LI><DIV>&nbsp;SQL Server is using a single user-defined database role for authorization. </DIV><LI><DIV>Data is security sensitive and integrity and privacy must be secured over the network and in all persistent data stores. </DIV><LI><DIV>Enterprise Services (COM&#43;) transactions are used to enforce data integrity.&nbsp;</DIV></LI></UL><H1>Solution</H1><P>In this scenario, the Web service accepts credentials from a Forms login page and then authenticates the caller against a SQL Server database. The login page uses SSL to protect the user's credentials passed over the Internet.</P><P>The Web-based application communicates with a Web service, which provides an interface to the business services implemented within serviced components. The Web service trusts the Web-based application (inside the perimeter network) and authenticates the ASP.NET process identity. The user's identity is passed through all tiers at the application level using method and stored procedure parameters. This information is used for auditing the users' actions across the tiers.&nbsp;</P><P><IMG alt="" src="http://msdn2.microsoft.com/en-us/library/Aa302387.f07sn04(en-us,MSDN.10).gif" border=0></P><H2>Authentication </H2><UL><LI><DIV>Provide strong authentication at the Web server. </DIV><LI><DIV>IIS is configured for anonymous access and the Web-based application authenticates users with Forms authentication (against a SQL Server database).</DIV><LI><DIV>The Web service's virtual directory is configured for Integrated Windows authentication. Web services authenticate the Web-based application's process identity.</DIV><LI><DIV>Windows authentication is used to connect to the database. The database authenticates the least privileged Windows account used to run the Enterprise Services application.</DIV></LI></UL><H2>Authorization </H2><UL><LI><DIV>The trusted subsystem model is used and per-user authorization occurs only within the Web application. </DIV><LI><DIV>User access to pages on the Web server is controlled with URL authorization.</DIV><LI><DIV>The ASP.NET process account is authorized to access system resources on the Web server. Resources are protected with ACLs.</DIV><LI><DIV>Permissions within the database are controlled by a user-defined role. The Enterprise Services application identity is a member of the role.</DIV><LI><DIV>The Enterprise Services process account is authorized to access system resources on the application server. Resources are protected ACLs.&nbsp; </DIV></LI></UL><H2>Secure Communication </H2><UL><LI><DIV>Sensitive data sent between the users and the Web-based application is secured with SSL. </DIV><LI><DIV>Sensitive data sent between the Web server and Web service is secured with SSL.</DIV><LI><DIV>Sensitive data sent between serviced components and the database is secured with IPSec.</DIV></LI></UL><H1>Web Server</H1><H2>IIS</H2><P>Enable Anonymous access for your Web application's virtual root directory.</P><H2>Configure ASP.NET&nbsp; </H2><UL><LI><DIV>Reset the password of the ASPNET account (used to run ASP.NET) to a known strong password.</DIV><LI><DIV>Configure your ASP.NET Web application to use Forms authentication (with SSL)</DIV></LI></UL><H1>Application Server</H1><H2>IIS</H2><UL><LI><DIV>Disable anonymous access</DIV><LI><DIV>Configure Integrated Windows authentication&nbsp;</DIV></LI></UL><H2>Configure ASP.NET&nbsp;</H2><UL><LI><DIV>Use Windows authentication</DIV></LI></UL><H2>Configure Enterprise Services</H2><UL><LI><DIV>Create a least privileged custom account for running the Enterprise Services server application</DIV><LI><DIV>Configure the Enterprise Services application to use the custom account</DIV><LI><DIV>Enable role-based access checking</DIV><LI><DIV>Add a single Enterprise Services (COM&#43;) role to the application called (for example Trusted Web Service)</DIV><LI><DIV>Add the local ASP.NET process identity account to the Trusted Web Service role</DIV></LI></UL><H1>Database Server</H1><UL><LI><DIV>Create a Windows account on your SQL Server computer that matches the Enterprise Services application account</DIV><LI><DIV>Configure SQL Server for Windows authentication</DIV><LI><DIV>Create a SQL Server Login for your newly created account</DIV><LI><DIV>Create a new database user and map the login name to the database user</DIV><LI><DIV>Create a new user-defined database role and add the database user to the role</DIV><LI><DIV>Establish database permissions for the database role</DIV></LI></UL><H1>Secure Communication </H1><UL><LI><DIV>Configure the Web site for SSL</DIV><LI><DIV>Configure SSL between the Web server and application server.</DIV><LI><DIV>Configure IPSec between application server and database server</DIV></LI></UL><H1>Additional Resources</H1><UL><LI><DIV>For more information see <A href="http://msdn2.microsoft.com/en-us/library/aa302387.aspx">http://msdn2.microsoft.com/en-us/library/aa302387.aspx</A></DIV></LI></UL>]]></content></guidanceItem>