﻿<?xml version="1.0" encoding="utf-8"?><guidanceItem id="3fba8ec9-fa41-4362-9c97-b02d4971767a" type="applicationscenario" title="Extranet – Exposing a Web Service" cssFile="guidance.css" Date="2008-01-11T21:42:04.133Z" Author="J.D. Meier, Srinath Vasireddy, Ashish Babbar, Rico Mariani, and Alex Mackman" Category="" filePath="..\Libraries\patterns &amp; practices Library\Application Scenario\3fba8ec9-fa41-4362-9c97-b02d4971767a.xml" Priority="2" Rule_Type="Design" Source="patterns &amp; practices Library" Status="Release" Technology=".NET 1.1" Topic="Security" Type="Application Scenario" xmlns="urn:microsoft:guidanceexplorer:guidanceItem"><content><![CDATA[<H1>Applies To</H1><UL><LI><DIV>ASP.NET 1.1</DIV><LI><DIV>.NET Framework 1.1<BR></DIV></LI></UL><H1>Scenario</H1><P>Consider a business-to-business partner exchange scenario where a publisher company publishes and sells its services over the Internet. It exposes information to selected partner companies using a Web service. Users within each partner company access the Web service using an Intranet-based internal Web application.</P><P><IMG alt="" src="http://msdn2.microsoft.com/en-us/library/Aa302386.f06sn01(en-us,MSDN.10).gif" border=0></P><H1>Key Characteristics</H1><UL><LI><DIV>The publisher company exposes a Web service over the Internet. </DIV><LI><DIV>Partner company (not individual user) credentials (X.509 client certificates) are validated by the publisher to authorize access to resources. The publisher does not need to know about the user's individual logins in the partner company. </DIV><LI><DIV>Client certificates are mapped to Active Directory directory service accounts within the publisher company. </DIV><LI><DIV>The extranet contains a separate Active Directory from the (internal) corporate Active Directory. The extranet Active Directory is in a separate forest, which provides a separate trust boundary. </DIV><LI><DIV>Web service authorization is based on the mapped Active Directory account. You can use separate authorization decisions based on partner company identity (represented by separate Active Directory accounts per company). </DIV><LI><DIV>The database is accessed by a single trusted connection that corresponds to the ASP.NET Web service process identity. </DIV><LI><DIV>The data retrieved from the Web service is sensitive and must be secured while in transit (internally within the publisher company and externally while flowing over the Internet).</DIV></LI></UL><H1>Solution</H1><P>&nbsp;</P><P><IMG alt="" src="http://msdn2.microsoft.com/en-us/library/Aa302386.f06sn02(en-us,MSDN.10).gif" border=0></P><UL><LI><DIV>Each partner company's internal Web application retrieves data from the publisher company through the Web service and then presents the retrieved data to its users. The publisher requires a secure mechanism to authenticate partner companies, although the identity of individual users within partner companies is not relevant.</DIV><LI><DIV>Due to the sensitive nature of the data sent between the two companies over the Internet, it must be secured using SSL while in transit.</DIV><LI><DIV>A firewall that permits only inbound connections from the IP address of extranet partner companies is used to prevent other unauthorized Internet users from opening network connections to the Web service server.</DIV></LI></UL><H2>Authentication</H2><UL><LI><DIV>Partner applications use client certificates with each request to the Web service. </DIV><LI><DIV>Client certificates from partner companies are mapped to individual Active Directory accounts.</DIV><LI><DIV>Microsoft Windows authentication is used at the database. The ASP.NET Web service process identity is used to connect. The database trusts the Web service.</DIV></LI></UL><H2>Authorization</H2><UL><LI><DIV>The Web service uses .NET role-based authorization to check that authenticated Active Directory accounts are members of a Partner group.&nbsp; </DIV></LI></UL><H2>Secure Communication </H2><UL><LI><DIV>SSL is used to secure the communication between the partner Web application and publisher's Web service. </DIV><LI><DIV>IPSec is used to secure all communication between the Web service and the database.</DIV></LI></UL><H2>Configuring the partner application</H2><P>The following points needs to be considered to facilitate communication between the partner application and Web service: </P><UL><LI><DIV>The partner company's Web application can choose an authentication mechanism that allows it to authenticate and authorize its internal users. Those users are not passed to the Web service for further authentication. </DIV><LI><DIV>The partner company's Web application makes calls on behalf of its user to the Web service. Users cannot directly call the Web service. </DIV><LI><DIV>The partner company's Web application uses a client certificate to prove its identity to the Web service. </DIV><LI><DIV>If the partner application is an ASP.NET Web application, then it must use an intermediate out of process component (an Enterprise Services application or Windows service) to load the certificate and forward it to the Web service. </DIV></LI></UL><H1>Extranet Web Server</H1><H2>IIS</H2><UL><LI><DIV>Disable Anonymous access for the Web service's virtual root directory.</DIV><LI><DIV>Enable certificate Authentication for your Web application and Web service's virtual root.</DIV></LI></UL><H2>Configure Active Directory (Extranet)</H2><UL><LI><DIV>Set up Active Directory accounts to represent partner companies.</DIV><LI><DIV>Configure certificate mapping</DIV></LI></UL><H2>Configure ASP.NET (Web service)</H2><UL><LI><DIV>Configure the ASP.NET Web service to use Windows authentication.</DIV><LI><DIV>Reset the password of the ASPNET account (used to run ASP.NET) to a known strong password.</DIV></LI></UL><H1>Database Server</H1><UL><LI><DIV>Create a Windows account on the computer running Microsoft SQL Server&#8482; that matches the ASP.NET process account used to run the Web service (by default, this is ASPNET.)</DIV><LI><DIV>Configure SQL Server for Windows authentication.</DIV><LI><DIV>Create a SQL Server Login for the newly created Windows account. </DIV><LI><DIV>Note&nbsp;&nbsp; If you are running IIS 6.0 on Windows Server 2003, create a SQL Server login for the ASP.NET process identity directly by using the DomainName\WebServerName&#36; identifier.</DIV><LI><DIV>Create a new database user and map the login name to the database user.</DIV><LI><DIV>Create a new user-defined database role within the database and place the database user into the role.</DIV><LI><DIV>Establish database permissions for the database role.</DIV></LI></UL><H1>Secure Communication </H1><UL><LI><DIV>Configure the Web site on the Web server for SSL.</DIV><LI><DIV>Configure IPSec between Web server and database server.</DIV></LI></UL><H1>&nbsp;Additional Resources</H1><UL><LI><DIV>For more information see "Exposing a Web Service" in <A href="http://msdn2.microsoft.com/en-us/library/aa302386.aspx">http://msdn2.microsoft.com/en-us/library/aa302386.aspx</A></DIV></LI></UL>]]></content></guidanceItem>