﻿<?xml version="1.0" encoding="utf-8"?><guidanceItem id="44457720-7b4b-4b2c-9ac0-99719296c9db" type="applicationscenario" title="Intranet – Forms Auth to AD, Roles in AD" cssFile="guidance.css" Date="2008-01-12T00:21:04.44Z" Author="J.D. Meier, Srinath Vasireddy, Ashish Babbar, Rico Mariani, and Alex Mackman" Category="" filePath="..\Libraries\patterns &amp; practices Library\Application Scenario\44457720-7b4b-4b2c-9ac0-99719296c9db.xml" Priority="2" Rule_Type="Design" Source="patterns &amp; practices Library" Status="Release" Technology=".NET 2.0" Topic="Security" Type="Application Scenario" xmlns="urn:microsoft:guidanceexplorer:guidanceItem"><content><![CDATA[<H1>Applies To</H1><UL><LI><DIV>ASP.NET 2.0</DIV><LI><DIV>SQL Server 2000 </DIV><LI><DIV>Windows Server 2003</DIV></LI></UL><H1>Scenario</H1><P>In this scenario, an intranet ASP.NET application accesses a back-end SQL Server database. The application is used by corporate employees who have accounts within Active Directory.</P><P><IMG src="http://channel9.msdn.com/wiki/images/IntranetWinAuthToADADRoles.gif"></P><P>&nbsp;</P><H1>Key Characteristics</H1><UL><LI><DIV>User accounts are in the corporate Active Directory. </DIV><LI><DIV>Active Directory groups are used by the application for role-based authorization. </DIV><LI><DIV>The application provides sensitive, per-user data. </DIV><LI><DIV>Only authenticated clients should access the application. </DIV><LI><DIV>The ASP.NET Web application is running on Windows Server 2003.</DIV></LI></UL><H1>Solution</H1><UL><LI><DIV>The Web application uses a trusted subsystem model and executes calls to the database on behalf of the original callers. </DIV><LI><DIV>S4U extension enabled (for creating a Windows token authenticated by Forms authentication to check Windows groups for authorization). This is available by default on Windows 2003 servers.</DIV><LI><DIV>If your application is running on Windows 2000, then you need to call LogonUser in order to create the Windows token. To call LogonUser, you Web application's process identity must be granted the "Act as part of the operating system" user right. This should be avoided where possible.</DIV></LI></UL><H1>Web Server</H1><H2>IIS</H2><UL><LI><DIV>A dedicated application pool is used and configured to run under a custom domain service account with access to the database. </DIV><LI><DIV>The application's virtual directory is configured in IIS for anonymous access. </DIV><LI><DIV>The application's virtual directory is configured for SSL</DIV></LI></UL><H2>ASP.NET&nbsp; </H2><H3><BR>Authentication </H3><UL><LI><DIV>ASP.NET is configured for Forms authentication &lt;authentication mode="Forms"/&gt;&nbsp; </DIV><LI><DIV>&nbsp;Connection string (an LDAP query string) configured to point to the user container in AD. </DIV><LI><DIV>&nbsp;ActiveDirectoryMembershipProvider is configured for use with membership feature for forms authentication. Make sure the credentials you supply on the connectionUsername and connectionPassword attributes have appropriate permissions to access Active Directory </DIV><LI><DIV>&nbsp;The ActiveDirectoryMembershipProvider interacts with Active Directory for validating the user credentials. This saves writing custom code for user management and user validation and it also automatically creates and manages the authentication ticket for you. </DIV><LI><DIV>&nbsp;Set the defaultProvider attribute for the membership element to the configured ActiveDirectoryMembershipProvider.</DIV></LI></UL><H3>Authorization</H3><UL><LI><DIV>If you have role segmentation in your application then you use URL authorization. e.g. You might have pages that only members of the "Sales" role should be able to access and others that only members of "HR" should be able to access. </DIV><LI><DIV>&nbsp;Encrypt the connection string section for protecting the connection string and user credentials. </DIV><LI><DIV>&nbsp;The Windows identity (containing a Windows token) created by using the S4U extension is assigned to the current httpContext on the OnAuthenticate event.&nbsp; </DIV><LI><DIV>&nbsp;Role-checks are performed by using Windows identity token, for checking Active Directory group membership.</DIV></LI></UL><H3>Configuration </H3><UL><LI><DIV>The database connection string includes Integrated Security=SSPI or Trusted Connection=Yes for Windows authentication.&nbsp; </DIV><LI><DIV>The database connection string is held in the &lt;connectionString&gt; section of the application's Web.config. This can be encrypted by using a protected configuration provider (DPAPI on a single machine, RSA if in a Web farm). Tradeoff here is added deployment complexity vs. keeping the database name and location a secret.</DIV></LI></UL><H1>Database Server</H1><H2>Authentication </H2><UL><LI><DIV>SQL Server configured for Windows authentication&nbsp; </DIV><LI><DIV>A SQL Server login is created for the application's application pool identity&nbsp;&nbsp;&nbsp; </DIV></LI></UL><H2>Authorization </H2><UL><LI><DIV>The login is mapped to a database user for the Web application.&nbsp; </DIV><LI><DIV>The database user is placed in a database role for the Web application.&nbsp; </DIV><LI><DIV>Database permissions are granted to the database role. Ideally, role only grants execute permissions on necessary stored procedures.&nbsp; </DIV></LI></UL><H1>Secure Communication </H1><H2>Browser to Web App </H2><P>SSL is used between browser and Web server to protect sensitive data on the wire. </P><H2>Web App to Database </H2><P>If you're not in a secure data center, then IPSec or SSL can be used between the Web server and database server to protect sensitive data on the wire. Choose IPSec to encrypt all traffic between servers or SSL to encrypt per application or service.&nbsp; </P><H1>Configuration </H1><H2><BR>Membership Provider</H2><PRE><BR>&lt;connectionStrings&gt;<BR>&nbsp; &lt;add name="ADConnectionString"&nbsp; <BR>&nbsp;&nbsp;&nbsp;&nbsp;&nbsp;&nbsp; connectionString="<A href="ldap://testdomain.test.com/CN=Users,DC=testdomain,DC=test,DC=com">LDAP://testdomain.test.com/CN=Users,DC=testdomain,DC=test,DC=com</A>" /&gt;<BR>&nbsp;&lt;/connectionStrings&gt;<BR>&nbsp; &lt;membership defaultProvider="MyADMembershipProvider"&gt;<BR>&nbsp; &lt;providers&gt;<BR>&nbsp;&nbsp;&nbsp; &lt;add<BR>&nbsp;&nbsp;&nbsp;&nbsp;&nbsp;&nbsp; name="MyADMembershipProvider"<BR>&nbsp;&nbsp;&nbsp;&nbsp;&nbsp;&nbsp; type="System.Web.Security.ActiveDirectoryMembershipProvider, System.Web, Version=2.0.0.0, <BR>&nbsp;&nbsp;&nbsp;&nbsp;&nbsp;&nbsp;&nbsp;&nbsp;&nbsp;&nbsp;&nbsp;&nbsp; Culture=neutral, PublicKeyToken=b03f5f7f11d50a3a"<BR>&nbsp;&nbsp;&nbsp;&nbsp;&nbsp;&nbsp; connectionStringName="ADConnectionString"<BR>&nbsp;&nbsp;&nbsp;&nbsp;&nbsp;&nbsp; connectionUsername="testdomain\administrator" <BR>&nbsp;&nbsp;&nbsp;&nbsp;&nbsp;&nbsp; connectionPassword="password"/&gt;<BR>&nbsp;&nbsp;&nbsp; &lt;/providers&gt;<BR>&nbsp; &lt;/membership&gt;</PRE><P>Make sure to set the defaultProvider attribute value to MyADMembershipProvider, because this needs to be overwritten. The machine-level default value points to SQLMembershipProvider type, using the local SqlExpress instance. If you do not overwrite this attribute, ASP.NET uses the default provider.</P><H2>Role Manager</H2><PRE>&lt;roleManager enabled="true" <BR>&nbsp;&nbsp;&nbsp;&nbsp;&nbsp;&nbsp;&nbsp;&nbsp;&nbsp;&nbsp;&nbsp;&nbsp; defaultProvider="AspNetWindowsTokenRoleProvider" /&gt; </PRE><H1>Additional Resources</H1><UL><LI><DIV>For more information see <A href="http://channel9.msdn.com/wiki/default.aspx/SecurityWiki.ASPNETV2ScenariosAndSolutions">http://channel9.msdn.com/wiki/default.aspx/SecurityWiki.ASPNETV2ScenariosAndSolutions</A></DIV></LI></UL>]]></content></guidanceItem>