﻿<?xml version="1.0" encoding="utf-8"?><guidanceItem id="55ceb0c7-351a-4bc9-8478-c8ad09a82700" type="applicationscenario" title="Intranet – Flowing the Original Caller to the Database" cssFile="guidance.css" Date="2008-01-11T21:42:46.013Z" Author="J.D. Meier, Srinath Vasireddy, Ashish Babbar, Rico Mariani, and Alex Mackman" Category="" filePath="..\Libraries\patterns &amp; practices Library\Application Scenario\55ceb0c7-351a-4bc9-8478-c8ad09a82700.xml" Priority="2" Rule_Type="Design" Source="patterns &amp; practices Library" Status="Release" Technology=".NET 1.1" Topic="Security" Type="Application Scenario" xmlns="urn:microsoft:guidanceexplorer:guidanceItem"><content><![CDATA[<H1>Applies To</H1><UL><LI><DIV>ASP.NET 1.1</DIV><LI><DIV>.NET Framework 1.1</DIV><LI><DIV>SQL Server 2000<BR></DIV></LI></UL><H1>Scenario</H1><P>&nbsp;This section shows you how to implement the impersonation/delegation for two of the most common application scenarios:&nbsp; </P><UL><LI><DIV>ASP.NET to SQL Server</DIV><LI><DIV>ASP.NET to Enterprise Services to SQL Server</DIV></LI></UL><H1><BR>ASP.NET to SQL Server</H1><P><BR>In this scenario, calls to the database are made using the security context of the original caller. Authentication options described in this section include Basic and Integrated Windows authentication. A Kerberos delegation scenario is described within the "ASP.NET to Enterprise Services to SQL Server" section.</P><P>&nbsp;</P><H2>Using basic authentication at the Web server&nbsp;</H2><UL><LI><DIV>Basic authentication prompts the user with a pop-up dialog box into which they can type credentials (user name and password). </DIV><LI><DIV>The database must recognize the original caller. If the Web server and database are in different domains, appropriate trust relationships must be enabled to allow it to authenticate the original caller</DIV></LI></UL><H2>&nbsp;Authentication </H2><UL><LI><DIV>Authenticate users by using Basic authentication from IIS. </DIV><LI><DIV>Use Windows authentication within ASP.NET.</DIV><LI><DIV>Turn on impersonation in ASP.NET.</DIV><LI><DIV>Use Windows authentication to communicate with SQL Server.</DIV></LI></UL><H2>Authorization </H2><UL><LI><DIV>Use ACL checks against the original caller on the Web server. </DIV><LI><DIV>If the original callers are mapped to Windows groups (based on application requirements, for example, Managers, Tellers, and so on) then you can use .NET role checks against the original caller to restrict access to methods.&nbsp;&nbsp;&nbsp;</DIV></LI></UL><H2>Secure Communication </H2><UL><LI><DIV>Secure the clear text credentials sent between the Web server and the database by using SSL. </DIV><LI><DIV>To secure all sensitive data sent between the Web application and database, use IPSec.&nbsp;</DIV></LI></UL><H3>Using integrated Windows authentication at the Web server</H3><UL><LI><DIV>Integrated Windows authentication results in either NTLM or Kerberos authentication and is dependent upon the client and server computer configurations.</DIV><LI><DIV>NTLM authentication does not support delegation and as a result does not allow you to flow the original caller's security context from the Web server to a physically remote database. The single network hop allowed for NTLM authentication is used between the browser and Web server. To use NTLM authentication, the SQL Server must be installed on the Web server, which is likely to be appropriate only for very small intranet applications.</DIV></LI></UL><P>&nbsp;</P><H1>ASP.NET to Enterprise Services to SQL Server</H1><P><BR>In this scenario, ASP.NET pages call business components hosted in a remote Enterprise Services application that in turn talk to a database. The original caller's security context flows all the way from the browser to the database.</P><P>&nbsp;</P><P><IMG alt="" src="http://msdn2.microsoft.com/en-us/library/Aa302385.f05sn09(en-us,MSDN.10).gif" border=0> </P><P>&nbsp;</P><H1>Key Characteristics</H1><UL><LI><DIV>Users have Internet Explorer 5.x or later. </DIV><LI><DIV>All computers are Windows 2000 or later. </DIV><LI><DIV>User accounts are maintained in Active Directory within a single forest. </DIV><LI><DIV>The application flows the original caller's security context (at the operating system level) all the way to the database. </DIV><LI><DIV>All tiers use Windows authentication. </DIV><LI><DIV>Domain user accounts are configured for delegation and the account used to run the Enterprise Services application must be marked as "Trusted for delegation" within Active Directory.</DIV></LI></UL><H1>&nbsp;</H1><H1>Solution</H1><P>&nbsp;</P><P>In this scenario, the Web server authenticates the caller. You must then configure ASP.NET for impersonation in order to flow the original caller's security context to the remote Enterprise Services application. Within the Enterprise Services application, component code must explicitly impersonate the caller (using CoImpersonateClient) in order to ensure the caller's context flows to the database.</P><P>&nbsp;</P><P><IMG alt="" src="http://msdn2.microsoft.com/en-us/library/Aa302385.f05sn10(en-us,MSDN.10).gif" border=0></P><P>&nbsp;</P><H2>Authentication </H2><UL><LI><DIV>All tiers support Kerberos authentication (the Web server, the application server, and database server). </DIV></LI></UL><P>&nbsp;</P><H2>Authorization </H2><UL><LI><DIV>Authorization checks are performed in the middle tier with Enterprise Services (COM&#43;) roles against the original caller's identity.&nbsp; </DIV></LI></UL><P>&nbsp;</P><H2>Secure Communication </H2><UL><LI><DIV>SSL is used between the browser and the Web server to secure sensitive data. </DIV><LI><DIV>RPC Packet Privacy (providing encryption) is used between ASP.NET and the serviced components within the remote Enterprise Services application.</DIV><LI><DIV>IPSec is used between the serviced components and the database.</DIV></LI></UL><H1>Web Server</H1><H2><BR>IIS</H2><UL><LI><DIV>Disable Anonymous access for your Web application's virtual root directory</DIV><LI><DIV>Enable Integrated Windows Authentication</DIV></LI></UL><P>&nbsp;</P><H2>Configure ASP.NET&nbsp; </H2><UL><LI><DIV>Configure your ASP.NET Web application to use Windows authentication</DIV><LI><DIV>Configure your ASP.NET Web application for impersonation</DIV><LI><DIV>Configure the DCOM impersonation level used by the ASP.NET Web application for outgoing calls</DIV><LI><DIV>Configure the DCOM authentication level at the client</DIV></LI></UL><P>&nbsp;</P><H2>Configure Serviced Components (and the Application Server)</H2><UL><LI><DIV>Managed class(es) must inherit from the ServicedComponent class</DIV><LI><DIV>Add code to the serviced component to impersonate the caller by calling the CoImpersonateClient()and CoRevertToSelf()APIs from OLE32.DLL before accessing remote resources (for example, a database) in order for the caller's context to be used. By default, the Enterprise Services process context is used for outgoing calls.</DIV><LI><DIV>Configure the Enterprise Services application as a server application</DIV><LI><DIV>Configure the Enterprise Services application to use packet privacy authentication (to provide secure communication with encryption)</DIV><LI><DIV>Configure the Enterprise Services application for component level role-based security</DIV><LI><DIV>Create a custom account for running Enterprise Services and mark it as Trusted for delegation in Active Directory</DIV><LI><DIV>Configure Enterprise Services to run as your custom account</DIV></LI></UL><P>&nbsp;</P><H1>Database Server</H1><UL><LI><DIV>Configure SQL Server for Windows authentication</DIV><LI><DIV>Create SQL Server Logins for the Windows groups that the users belong to.</DIV><LI><DIV>Create new database users for each SQL Server login</DIV><LI><DIV>Establish database permissions for the database users</DIV></LI></UL><P><BR></P><H1>Additional Resources</H1><UL><LI><DIV>For more information see&nbsp;<A href="http://msdn2.microsoft.com/en-us/library/aa302385.aspx">http://msdn2.microsoft.com/en-us/library/aa302385.aspx</A></DIV></LI></UL>]]></content></guidanceItem>