﻿<?xml version="1.0" encoding="utf-8"?><guidanceItem id="5cc828ab-450e-46ac-a907-9f2268bc136f" type="applicationscenario" title="Extranet – Exposing a Web Application" cssFile="guidance.css" Date="2008-01-19T01:07:27.19Z" Author="J.D. Meier, Srinath Vasireddy, Ashish Babbar, Rico Mariani, and Alex Mackman" Category="" filePath="..\Libraries\patterns &amp; practices Library\Application Scenario\5cc828ab-450e-46ac-a907-9f2268bc136f.xml" Priority="2" Rule_Type="Design" Source="patterns &amp; practices Library" Status="Release" Technology=".NET 1.1" Topic="Security" Type="Application Scenario" xmlns="urn:microsoft:guidanceexplorer:guidanceItem"><content><![CDATA[<H1>Applies To</H1><UL><LI><DIV>ASP.NET 1.1</DIV><LI><DIV>SQL Server 2000 </DIV><LI><DIV>Windows Server 2003 </DIV></LI></UL><H1>Scenario</H1><P>Consider a business-to-business partner exchange scenario where the publisher company gives its partners exclusive access to its application over the Internet and provides a partner-portal application; for example, to sell services, keep partners updated with product information, and provide online collaboration and so on.</P><SPAN><P><IMG alt="" src="http://msdn2.microsoft.com/en-us/library/Aa302386.f06sn03(en-us,MSDN.10).gif" border=0></P></SPAN><H1>Key Characteristics</H1><UL><LI>The partner Web application accepts credentials either by using a Forms login page or it presents a login dialog using Basic authentication in IIS. <LI>The credentials are validated against a separate Active Directory within the extranet perimeter network (also known as DMZ, demilitarized zone, and screened subnet). The extranet Active Directory is in a separate forest, which provides a separate trust boundary. <LI>The database is accessed by a single trusted connection that corresponds to the ASP.NET Web application process identity. <LI>Web application authorization is based on either a GenericPrincipal object (created as part of the Forms authentication process) or a WindowsPrincipal object (if Basic authentication is used). <LI>The data retrieved from the Web application is sensitive and must be secured while in transit (internally within the publisher company and externally while flowing over the Internet). </LI></UL><H1>Soultion</H1><P><IMG alt="" src="http://msdn2.microsoft.com/en-us/library/Aa302386.f06sn04(en-us,MSDN.10).gif" border=0></P><UL><LI><DIV>Due to the sensitive nature of the data sent between the two companies over the Internet, it must be secured using SSL while in transit. </DIV><LI><DIV>A firewall that permits only inbound connections from the IP address of extranet partner companies is used to prevent other unauthorized Internet users from opening network connections to the Web server.</DIV></LI></UL><H2>Authentication</H2><UL><LI><DIV>Users within partner companies are authenticated by the Web application using either Basic or Forms authentication against the extranet Active Directory. </DIV><LI><DIV>Windows authentication is used at the database. The ASP.NET Web application process identity is used to connect. The database trusts the Web application.</DIV></LI></UL><H2>Authorization </H2><UL><LI><DIV>The Web application uses .NET role-based authorization to verify that the authenticated user is a member of a Partner group.&nbsp; </DIV></LI></UL><H2>Secure Communication</H2><UL><LI><DIV>SSL is used to secure the communication between the partner Web browser and publisher's Web application. </DIV><LI><DIV>IPSec is used to secure all communication between the Web application and the database.</DIV></LI></UL><H2>Extranet Web Server</H2><H3>IIS</H3><UL><LI><DIV>To use Forms authentication, enable Anonymous access for the Web application's virtual root directory</DIV></LI></UL><P>&#8212;or&#8212;</P><UL><LI><DIV>To use Basic authentication, disable Anonymous access and select Basic authentication</DIV></LI></UL><H3>Configure Active Directory (Extranet)&nbsp; </H3><UL><LI><DIV>Set up Active Directory accounts to represent partner users</DIV></LI></UL><H3>Configure ASP.NET</H3><UL><LI><DIV>Configure the ASP.NET Web application to use Windows authentication (for IIS Basic)</DIV></LI></UL><P>&#8212;or&#8212;</P><UL><LI><DIV>Configure ASP.NET to use Forms authentication</DIV><LI><DIV>Reset the password of the ASPNET account (used to run ASP.NET) to a known strong password</DIV></LI></UL><H2>Database Server</H2><UL><LI><DIV>Create a Windows account on the SQL Server computer that matches the ASP.NET process account used to run the Web service</DIV><LI><DIV>Configure SQL Server for Windows authentication</DIV><LI><DIV>Create a SQL Server Login for the newly created account </DIV><LI><DIV>Note&nbsp;&nbsp; If you are running IIS 6.0 on Windows Server 2003, create a SQL Server login for the ASP.NET process identity directly by using the DomainName\WebServerName&#36; identifier</DIV><LI><DIV>Create a new database user and map the login name to the database user</DIV><LI><DIV>Create a new user-defined database role within the database and place the database user into the role</DIV><LI><DIV>Establish database permissions for the database role</DIV></LI></UL><H2>Secure Communication</H2><UL><LI><DIV>Configure the Web site on the Web server for SSL</DIV><LI><DIV>Configure IPSec between Web server and database server<BR></DIV></LI></UL><H1>Additional Resources</H1><UL><LI><DIV>For more information see "Exposing a Web Application" in <A href="http://msdn2.microsoft.com/en-us/library/aa302386.aspx">http://msdn2.microsoft.com/en-us/library/aa302386.aspx</A></DIV></LI></UL>]]></content></guidanceItem>