﻿<?xml version="1.0" encoding="utf-8"?><guidanceItem id="6e3881d8-e46b-4d99-b171-05a58344cb91" type="applicationscenario" title="Intranet – ASP.NET to Web Services to SQL Server" cssFile="guidance.css" Date="2008-01-11T21:42:37.46Z" Author="J.D. Meier, Srinath Vasireddy, Ashish Babbar, Rico Mariani, and Alex Mackman" Category="" filePath="..\Libraries\patterns &amp; practices Library\Application Scenario\6e3881d8-e46b-4d99-b171-05a58344cb91.xml" Priority="2" Rule_Type="Design" Source="patterns &amp; practices Library" Status="Release" Technology=".NET 1.1" Topic="Security" Type="Application Scenario" xmlns="urn:microsoft:guidanceexplorer:guidanceItem"><content><![CDATA[<H1>Applies To</H1><UL><LI><DIV>ASP.NET 1.1</DIV><LI><DIV>.NET Framework 1.1</DIV><LI><DIV>SQL Server 2000</DIV></LI></UL><H1>Scenario</H1><P>In this scenario, a Web server that runs ASP.NET pages connects to a Web service on a remote server. This server in turn connects to a remote database server. As an example, consider a HR Web application that provides sensitive data specific to a user. The application relies on the Web service for data retrieval.</P><P><IMG alt="" src="http://msdn2.microsoft.com/en-us/library/Aa302385.f05sn05(en-us,MSDN.10).gif" border=0></P><H1>Key Characteristics</H1><UL><LI><DIV>Users have Internet Explorer 5.x or later. </DIV><LI><DIV>All computers run Windows 2000 or later. </DIV><LI><DIV>User accounts are in Active Directory within a single forest. </DIV><LI><DIV>The application flows the original caller's security context all the way to the database. </DIV><LI><DIV>All tiers use Windows authentication. </DIV><LI><DIV>The machine account that identifies the ASP.NET default process, or the custom domain-level accounts used for ASP.NET processes, are configured for delegation. </DIV><LI><DIV>The database does not support delegation.&nbsp;</DIV></LI></UL><H1>Solution</H1><P>In this scenario, the Web server that hosts the ASP.NET Web application authenticates the original caller's identity and flows their security context to the remote server that hosts the Web service. This enables authorization checks to be applied to Web methods to either allow or deny access to the original caller. The database authenticates against the Web service process identity (the database trusts the Web service). The Web service in turn makes calls to the database and passes the user's identity at the application level using stored procedure parameters.</P><P><IMG alt="" src="http://msdn2.microsoft.com/en-us/library/Aa302385.f05sn06(en-us,MSDN.10).gif" border=0></P><H2>&nbsp;Authentication </H2><UL><LI><DIV>The Web application authenticates users by using Integrated Windows authentication from IIS. </DIV><LI><DIV>The Web service uses Integrated Windows authentication from IIS. It authenticates the original caller's security context delegated by the Web application.</DIV><LI><DIV>The Kerberos authentication protocol is used to flow the original caller security context from the Web application to the Web service using delegation.</DIV><LI><DIV>Windows authentication is used to connect to the database using the ASP.NET process account.</DIV></LI></UL><H2>Authorization </H2><UL><LI><DIV>The Web application performs role checks against the original caller to restrict access to pages. </DIV><LI><DIV>Access to the Web service methods is controlled by using .NET roles based on the original caller's Windows group membership&nbsp; </DIV></LI></UL><H2>Secure Communication </H2><UL><LI><DIV>Sensitive data sent between the original callers and the Web application and Web service is secured by using SSL.</DIV><LI><DIV>Sensitive data sent between the Web service and the database is secure by using IPSec.</DIV></LI></UL><H1>Web Server</H1><H2>IIS</H2><UL><LI><DIV>Disable Anonymous access for your Web application's virtual root directory </DIV><LI><DIV>Enable Windows Integrated Authentication for your Web application's virtual root</DIV></LI></UL><H2>Configure ASP.NET&nbsp; </H2><UL><LI><DIV>Configure your ASP.NET Web application to use Windows authentication</DIV><LI><DIV>Configure your ASP.NET Web application for impersonation</DIV></LI></UL><H1>Configuring the application server (that hosts the Web service)</H1><H2>IIS</H2><UL><LI><DIV>Disable Anonymous access for your Web service's virtual root directory </DIV><LI><DIV>Enable Windows Integrated Authentication for your Web service's virtual root directory</DIV></LI></UL><H2>Configure ASP.NET</H2><UL><LI><DIV>Change the ASPNET password to a known value </DIV><LI><DIV>Configure your ASP.NET Web service to use Windows authentication</DIV><LI><DIV>Make sure impersonation is off</DIV></LI></UL><H1>Database Server</H1><UL><LI><DIV>Create a Windows account on your SQL Server computer that matches the ASP.NET process account used to run the Web service</DIV><LI><DIV>Configure SQL Server for Windows authentication</DIV><LI><DIV>Create a SQL Server Login for the newly created Windows account </DIV><LI><DIV>Note&nbsp;&nbsp; If you are running IIS 6.0 on Windows Server 2003, create a SQL Server login for the ASP.NET process identity directly by using the DomainName\WebServerName&#36; identifier</DIV><LI><DIV>Create a new database user and map the login name to the database user</DIV><LI><DIV>Create a new database user role and add the database user to the role</DIV><LI><DIV>Establish database permissions for the database user role</DIV></LI></UL><H1>Secure Communication </H1><UL><LI><DIV>Configure the Web site on the Web server for SSL</DIV><LI><DIV>Configure IPSec between Web server and database server</DIV></LI></UL><P><BR></P><H1>Additional Resources</H1><UL><LI><DIV>For more information see&nbsp;<A href="http://msdn2.microsoft.com/en-us/library/aa302385.aspx">http://msdn2.microsoft.com/en-us/library/aa302385.aspx</A></DIV></LI></UL>]]></content></guidanceItem>