﻿<?xml version="1.0" encoding="utf-8"?><guidanceItem id="7df8b2ed-ac23-40e1-87d7-cc941aa2817c" type="applicationscenario" title="Intranet – ASP.NET to SQL Server" cssFile="guidance.css" Date="2008-01-11T21:42:28.427Z" Author="J.D. Meier, Srinath Vasireddy, Ashish Babbar, Rico Mariani, and Alex Mackman" Category="" filePath="..\Libraries\patterns &amp; practices Library\Application Scenario\7df8b2ed-ac23-40e1-87d7-cc941aa2817c.xml" Priority="2" Rule_Type="Design" Source="patterns &amp; practices Library" Status="Release" Technology=".NET 1.1" Topic="Security" Type="Application Scenario" xmlns="urn:microsoft:guidanceexplorer:guidanceItem"><content><![CDATA[<H1>Applies To</H1><UL><LI><DIV>ASP.NET 1.1</DIV><LI><DIV>.NET Framework 1.1</DIV><LI><DIV>SQL Server 2000 </DIV></LI></UL><H1>Scenario</H1><P>In this scenario, a HR database serves per-user data securely on a homogenous intranet. The application uses a trusted subsystem model and executes calls on behalf of the original callers. The application authenticates callers by using Integrated Windows authentication and makes calls to the database using the ASP.NET process identity. Due to the sensitive nature of the data, SSL is used between the Web server and clients.</P><P><IMG alt="" src="http://msdn2.microsoft.com/en-us/library/Aa302385.f05sn01(en-us,MSDN.10).gif" border=0></P><H1>Key Characteristics</H1><UL><LI><DIV>Clients have Internet Explorer. </DIV><LI><DIV>User accounts are in Microsoft Active Directory directory service. </DIV><LI><DIV>The application provides sensitive, per-user data. </DIV><LI><DIV>Only authenticated clients should access the application. </DIV><LI><DIV>The database trusts the application to authenticate users properly (that is, the application makes calls to the database on behalf of the users). </DIV><LI><DIV>Microsoft SQL Server is using a single database user role for authorization.&nbsp;</DIV></LI></UL><H1>Solution</H1><P>In this scenario, the Web server authenticates the caller and restricts access to local resources by using the caller's identity. You don't have to impersonate within the Web application in order to restrict access to resources against the original caller. The database authenticates against the ASP.NET default process identity, which is a least privileged account (that is, the database trusts the ASP.NET application).&nbsp;</P><P><IMG alt="" src="http://msdn2.microsoft.com/en-us/library/Aa302385.f05sn02(en-us,MSDN.10).gif" border=0></P><H2>Authentication</H2><UL><LI><DIV>Provide strong authentication at the Web server to authenticate original callers by using Integrated Windows authentication in Internet Information Services (IIS).</DIV><LI><DIV>Use Windows authentication within ASP.NET (no impersonation).</DIV><LI><DIV>Secure connections to the database using SQL Server configured for Windows authentication.</DIV><LI><DIV>The database trusts the ASP.NET worker process to make calls. Authenticate the ASP.NET process identity at the database.</DIV></LI></UL><H2>Authorization</H2><UL><LI><DIV>Configure resources on the Web server using ACLs tied to the original callers. For easier administration, users are added to Windows groups and groups are used within the ACLs.</DIV><LI><DIV>The Web application performs .NET role checks against the original caller to restrict access to pages.&nbsp; </DIV></LI></UL><H2>Secure Communication</H2><UL><LI><DIV>Secure sensitive data sent between the Web server and the database</DIV><LI><DIV>Secure sensitive data sent between the original callers and the Web application.</DIV></LI></UL><H1>Web Server</H1><H2>IIS</H2><UL><LI><DIV>Disable Anonymous access for your Web application's virtual root directory</DIV><LI><DIV>Enable Integrated Windows Authentication</DIV></LI></UL><H2>Configure ASP.NET&nbsp; </H2><UL><LI><DIV>Change the ASPNET password to a known strong password value </DIV><LI><DIV>Configure your ASP.NET Web application to use Windows authentication</DIV><LI><DIV>Make sure impersonation is off </DIV></LI></UL><H1>Database Server</H1><UL><LI><DIV>Create a Windows account on your SQL Server computer that matches the ASP.NET process account (ASPNET)</DIV><LI><DIV>Configure SQL Server for Windows authentication</DIV><LI><DIV>Create a SQL Server Login for the newly created local account </DIV><LI><DIV><STRONG>Note</STRONG>&nbsp;&nbsp; If you are running IIS 6.0 on Windows Server 2003, create a SQL Server login for the ASP.NET process identity directly by using the DomainName\WebServerName&#36; identifier</DIV><LI><DIV>Create a new database user and map the login name to the database user</DIV><LI><DIV>Create a new user-defined database role and add the database user to the role</DIV><LI><DIV>Establish database permissions for the database role</DIV></LI></UL><H1>Secure Communication </H1><UL><LI><DIV>Configure the Web site for SSL</DIV><LI><DIV>Configure IPSec between Web server and database server&nbsp;</DIV></LI></UL><H1>Additional Resources</H1><UL><LI><DIV>For more information see&nbsp;<A href="http://msdn2.microsoft.com/en-us/library/aa302385.aspx">http://msdn2.microsoft.com/en-us/library/aa302385.aspx</A></DIV></LI></UL>]]></content></guidanceItem>