﻿<?xml version="1.0" encoding="utf-8"?><guidanceItem id="a3357124-bfc3-45e1-940f-ab532f6bb171" type="applicationscenario" title="Intranet – ASP.NET to Enterprise Services to SQL Server" cssFile="guidance.css" Date="2008-01-11T21:42:53.073Z" Author="J.D. Meier, Srinath Vasireddy, Ashish Babbar, Rico Mariani, and Alex Mackman" Category="" filePath="..\Libraries\patterns &amp; practices Library\Application Scenario\a3357124-bfc3-45e1-940f-ab532f6bb171.xml" Priority="2" Rule_Type="Design" Source="patterns &amp; practices Library" Status="Release" Technology=".NET 1.1" Topic="Security" Type="Application Scenario" xmlns="urn:microsoft:guidanceexplorer:guidanceItem"><content><![CDATA[<H1>Applies To</H1><UL><LI><DIV>ASP.NET 1.1</DIV><LI><DIV>.NET Framework 1.1</DIV><LI><DIV>SQL Server 2000 <BR></DIV></LI></UL><H1>Scenario</H1><P>In this scenario, ASP.NET pages call business components hosted in an Enterprise Services application that in turn connects to a database. As an example, consider an internal purchase order system that uses transactions over the intranet and allows internal departments to place orders.</P><P><IMG alt="" src="http://msdn2.microsoft.com/en-us/library/Aa302385.f05sn03(en-us,MSDN.10).gif" border=0></P><H1>Key Characteristics</H1><UL><LI><DIV>Users have Internet Explorer. </DIV><LI><DIV>Components are deployed on the Web server. </DIV><LI><DIV>The application handles sensitive data that must be secured while in transit. </DIV><LI><DIV>Business components connect to SQL Server using Windows authentication. </DIV><LI><DIV>Business functionality within these components is restricted based on the identity of the caller. </DIV><LI><DIV>Serviced components are configured as a server application (out-of-process). </DIV><LI><DIV>Components connect to the database using the server application's process identity. </DIV><LI><DIV>Impersonation is enabled within ASP.NET (to facilitate Enterprise Services role-based security).&nbsp;</DIV></LI></UL><H1>Solution</H1><P>In this scenario, the Web server authenticates the original caller and flows the caller's security context to the serviced component. The serviced component authorizes access to business functionality based on the original caller's identity. The database authenticates against the Enterprise Service application's process identity (that is, the database trusts the serviced components within the Enterprise Services application). When the serviced component makes calls to the database, it passes the user's identity at the application level (by using trusted query parameters).&nbsp;</P><P><IMG alt="" src="http://msdn2.microsoft.com/en-us/library/Aa302385.f05sn04(en-us,MSDN.10).gif" border=0></P><H2>Authentication </H2><UL><LI><DIV>Provide strong authentication at the Web server using Integrated Windows authentication.</DIV><LI><DIV>Flow the original caller's security context to the serviced component to support Enterprise Services (COM&#43;) role checks.</DIV><LI><DIV>Secure connections to the database use Windows authentication.</DIV><LI><DIV>The database trusts the serviced component's identity to make the database calls. The database authenticates the Enterprise Services application process identity.</DIV></LI></UL><H2>Authorization </H2><UL><LI><DIV>Authorize access to business logic using Enterprise Services (COM&#43;) roles.&nbsp; </DIV></LI></UL><H2>Secure Communication </H2><UL><LI><DIV>Secure sensitive data sent between the users and the Web application by using SSL.</DIV><LI><DIV>Secure sensitive data sent between the Web server and the database by using IPSec.</DIV></LI></UL><H1>Web Server</H1><H2>IIS</H2><UL><LI><DIV>Disable Anonymous access for your Web application's virtual root directory</DIV><LI><DIV>Enable Integrated Windows Authentication</DIV></LI></UL><H2>Configure ASP.NET&nbsp; </H2><UL><LI><DIV>Configure your ASP.NET Web application to use Windows authentication</DIV><LI><DIV>Configure your ASP.NET Web application for impersonation</DIV><LI><DIV>Configure ASP.NET DCOM security to ensure that calls to Enterprise Services support caller impersonation </DIV></LI></UL><H2>Configuring enterprise services</H2><UL><LI><DIV>Create a custom account for running Enterprise Services</DIV><LI><DIV>Configure the Enterprise Services application as a server application</DIV><LI><DIV>Configure Enterprise Services (COM&#43;) roles</DIV><LI><DIV>Configure Enterprise Services to run as your custom account</DIV></LI></UL><H1>Database Server</H1><UL><LI><DIV>Create a Windows account on your SQL Server computer that matches the Enterprise Services process account</DIV><LI><DIV>Configure SQL Server for Windows authentication</DIV><LI><DIV>Create a SQL Server Login for your newly created account</DIV><LI><DIV>Create a new database user and map the login name to the database user</DIV><LI><DIV>Create a new database user role and add the database user to the role</DIV><LI><DIV>Establish database permissions for the database user role</DIV></LI></UL><H1>Secure Communication </H1><UL><LI><DIV>Configure the Web site for SSL</DIV><LI><DIV>Configure IPSec between Web server and database server</DIV></LI></UL><H1>Additional Resources</H1><UL><LI><DIV>For more information see&nbsp;<A href="http://msdn2.microsoft.com/en-us/library/aa302385.aspx">http://msdn2.microsoft.com/en-us/library/aa302385.aspx</A></DIV></LI></UL>]]></content></guidanceItem>