﻿<?xml version="1.0" encoding="utf-8"?><guidanceItem id="ddec9db6-afac-4acb-b3f1-4ba7fbf42fc8" type="applicationscenario" title="Intranet – Windows Auth to AD, Roles in AD" cssFile="guidance.css" Date="2008-01-12T00:17:51.553Z" Author="J.D. Meier, Srinath Vasireddy, Ashish Babbar, Rico Mariani, and Alex Mackman" Category="" filePath="..\Libraries\patterns &amp; practices Library\Application Scenario\ddec9db6-afac-4acb-b3f1-4ba7fbf42fc8.xml" Priority="2" Rule_Type="Design" Source="patterns &amp; practices Library" Status="Release" Technology=".NET 2.0" Topic="Security" Type="Application Scenario" xmlns="urn:microsoft:guidanceexplorer:guidanceItem"><content><![CDATA[<H1>Applies To</H1><UL><LI><DIV>ASP.NET 2.0</DIV><LI><DIV>SQL Server 2000 </DIV><LI><DIV>Windows Server 2003 </DIV></LI></UL><H1>Scenario</H1><P>In this scenario, an intranet ASP.NET application accesses a back-end SQL Server database. The application is used by corporate employees who have accounts within Active Directory.</P><P><IMG src="http://channel9.msdn.com/wiki/images/InternetFormsAuthToSQLSQLRoles.gif"></P><H1>Key Characteristics</H1><UL><LI><DIV>User accounts are in the corporate Active Directory. </DIV><LI><DIV>Active Directory groups are used by the application for role-based authorization. </DIV><LI><DIV>Clients have browsers that support Windows authentication. </DIV><LI><DIV>The database trusts the Web application. </DIV><LI><DIV>The Web app's application pool identity is used to access the database with Windows auth<BR></DIV></LI></UL><H1>Solution</H1><P>The Web application uses a trusted subsystem model and executes calls to the database on behalf of the original callers.&nbsp;</P><H1><IMG src="http://channel9.msdn.com/wiki/images/InternetFormsAuthToSQLSQLRoles(Solution).gif"></H1><H1>Web Server</H1><H2>IIS</H2><UL><LI><DIV>A dedicated application pool is used and configured to run under a custom domain service account with access to the database. </DIV><LI><DIV>The application's virtual directory is configured in IIS for Windows authentication. Anonymous access is disabled. </DIV></LI></UL><H2>ASP.NET&nbsp; </H2><H3>Authentication </H3><UL><LI><DIV>ASP.NET is configured for Windows authentication &lt;authentication mode="Windows"/&gt;&nbsp; </DIV></LI></UL><H3>Authorization</H3><UL><LI><DIV>If you want to use Role Manager APIs for role-based authorization against Windows groups then configure the application to use WindowsTokenRoleProvider. </DIV><LI><DIV>The solution can use the WindowsTokenRoleProvider configuration available in the machine level Web.config file. You just need to set the defaultProvider property to AspnetWindowsTokenRoleProvider. </DIV><LI><DIV>Role-checks (user's Windows group membership) are performed by using role manager APIs with the WindowsTokenRoleProvider. </DIV><LI><DIV>If you have role segmentation in your application then you use URL authorization. e.g. You might have pages that only members of the "Sales" role should be able to access and others that only members of "HR" should be able to access.</DIV></LI></UL><H3>Configuration </H3><UL><LI><DIV>The database connection string includes Integrated Security=SSPI or Trusted Connection=Yes for Windows authentication.&nbsp; </DIV><LI><DIV>The database connection string is held in the &lt;connectionString&gt; section of the application's Web.config. This can be encrypted by using a protected configuration provider (DPAPI on a single machine, RSA if in a Web farm). Tradeoff here is added deployment complexity vs. keeping the database name and location a secret. </DIV></LI></UL><H1>Database Server</H1><UL><LI><DIV>SQL Server is configured for Windows authentication&nbsp; </DIV><LI><DIV>A SQL Server login is created for the application's application pool identity</DIV><LI><DIV>The login is mapped to a database user for the Web application.&nbsp; </DIV><LI><DIV>The database user is placed in a database role.&nbsp; </DIV><LI><DIV>Database permissions are granted to the database role. Ideally, role only grants execute permissions on necessary stored procedures. </DIV></LI></UL><H1>Secure Communication </H1><UL><LI><DIV>SSL is used between browser and Web server to protect sensitive data on the wire. </DIV><LI><DIV>If not in a secure data center, IPSec or SSL can be used between Web server and database server to protect sensitive data on the wire. Choose between IPSec to encrypt all traffic between servers or SSL to encrypt per application or service.&nbsp; </DIV></LI></UL><H1>Configuration</H1><H3>ASP.NET Authentication</H3><PRE>&nbsp;&lt;authentication mode="Windows" /&gt;</PRE><H3>Role Manager</H3><PRE>&lt;roleManager enabled="true"<BR>              defaultProvider="AspNetWindowsTokenRoleProvider" /&gt;</PRE><H1>Additional Resources</H1><UL><LI><DIV>For more information see <A href="http://channel9.msdn.com/wiki/default.aspx/SecurityWiki.ASPNETV2ScenariosAndSolutions">http://channel9.msdn.com/wiki/default.aspx/SecurityWiki.ASPNETV2ScenariosAndSolutions</A></DIV></LI></UL>]]></content></guidanceItem>