﻿<?xml version="1.0" encoding="utf-8"?><guidanceItem id="000d39bc-79e0-486c-a7c5-cafbdbba76f2" type="checklist" title="Use SQL Profiler to monitor table and index scans" cssFile="guidance.css" Date="2007-12-18T18:45:33.123Z" Author="J.D. Meier, Srinath Vasireddy, Ashish Babbar, Sharon Bjeletich and Alex Mackman" Category="Performance Testing" filePath="..\Libraries\patterns &amp; practices Library\Checklist Item\000d39bc-79e0-486c-a7c5-cafbdbba76f2.xml" Priority="2" Rule_Type="Implementation" Source="patterns &amp; practices Library" Status="Beta" Technology="SQL Server 2000" Topic="Performance" Type="Checklist Item" xmlns="urn:microsoft:guidanceexplorer:guidanceItem"><content><![CDATA[<H1>Applies to</H1><UL><LI><DIV>SQL Server 2000</DIV></LI></UL><H1>What to Check For</H1><P>Check to ensure that your application uses SQL Profiler to monitor table and index scans.</P><H1>How to Check</H1><P>Periodically use the SQL Profiler to continuously search for table and index scans. As statistics and usage change, the table and index scans that appear will change.</P><H1>Additional Resources</H1><UL><LI>For more information about Performance Monitor or System Monitor and SQL Server, see "Monitoring Server Performance and Activity" at <A href="http://msdn.microsoft.com/library/en-us/adminsql/ad_mon_perf_00mr.asp">http://msdn.microsoft.com/library/en-us/adminsql/ad_mon_perf_00mr.asp</A>.</LI></UL>]]></content></guidanceItem>