﻿<?xml version="1.0" encoding="utf-8"?><guidanceItem id="00194d75-948c-4d54-9db9-f8403488d48d" type="checklist" title="Restrict use of late binding and only use late binding where it is necessary and appropriate." cssFile="guidance.css" Date="2007-12-15T00:31:05.773Z" Author="J.D. Meier, Srinath Vasireddy, Ashish Babbar, Rico Mariani, and Alex Mackman" Category="Coupling and Cohesion" filePath="..\Libraries\patterns &amp; practices Library\Checklist Item\00194d75-948c-4d54-9db9-f8403488d48d.xml" Priority="2" Rule_Type="Implementation" Source="patterns &amp; practices Library" Status="Beta" Technology=".NET 1.1" Topic="Performance" Type="Checklist Item" xmlns="urn:microsoft:guidanceexplorer:guidanceItem"><content><![CDATA[<H1>Applies to</H1><UL><LI><DIV>.NET 1.1</DIV></LI></UL><H1>What to Check For</H1><P>Check to ensure that your application restricts the&nbsp;use of late binding and only use late binding where it is necessary and appropriate.</P><H1>How to Check</H1><P>Review your design to ensure that, if you use late binding, you do so for the appropriate reasons and where you really need to. For example, it might be appropriate to load an object based on configuration information maintained in a configuration file. For example, a database-agnostic data access layer might load different objects, depending on the currently configured database.</P><P>If you do use late binding, be aware of the performance implications. Late binding internally uses reflection, which should be avoided in performance-critical code. Late binding defers type identification until run time and requires extra processing. Some examples of late binding include using <B>Activator.CreateInstance</B> to load a library at run time, or using <B>Type.InvokeMember</B> to invoke a method on a class.</P>]]></content></guidanceItem>