﻿<?xml version="1.0" encoding="utf-8"?><guidanceItem id="0026483f-1f3d-4540-949a-ed7e7781cbd0" type="checklist" title="Implement Finalize only if you hold unmanaged resources across client calls." cssFile="guidance.css" Date="2007-12-15T00:41:05.623Z" Author="J.D. Meier, Srinath Vasireddy, Ashish Babbar, Rico Mariani, and Alex Mackman" Category="Finalize and Dispose" filePath="..\Libraries\patterns &amp; practices Library\Checklist Item\0026483f-1f3d-4540-949a-ed7e7781cbd0.xml" Priority="2" Rule_Type="Implementation" Source="patterns &amp; practices Library" Status="Beta" Technology=".NET 1.1" Topic="Performance" Type="Checklist Item" xmlns="urn:microsoft:guidanceexplorer:guidanceItem"><content><![CDATA[<H1>Applies to</H1><UL><LI><DIV>.NET 1.1</DIV></LI></UL><H1>What to Check For</H1><P>Check to ensure that your application&nbsp;implements Finalize only if it holds unmanaged resources across client calls.</P><H1>How to Check</H1><P>Use a finalizer only on objects that hold unmanaged resources across client calls. For example, if your object has only one method named <B>GetData</B> that opens a connection, fetches data from an unmanaged resource, closes the connection, and returns data, there is no need to implement a finalizer. However, if your object also exposes an <B>Open</B> method in which a connection to an unmanaged resource is made, and then data is fetched using a separate <B>GetData</B> method, it is possible for the connection to be maintained to the unmanaged resource across calls. In this case, you should provide a <B>Finalize</B> method to clean up the connection to the unmanaged resource, and in addition use the Dispose<B> </B>pattern to give the client the ability to explicitly release the resource after it is finished.</P><BLOCKQUOTE><B>Note&nbsp;&nbsp;&nbsp;</B>You must be holding the unmanaged resource directly. If you use a managed wrapper you do not need your own finalizer, although you might still choose to implement <B>IDisposable</B> so that you can pass along the dispose request to the underlying object. </BLOCKQUOTE><H1>Additional Resources</H1><UL><LI>For more information about performance testing, see Chapter 5, "<A href="http://msdn2.microsoft.com/en-us/library/ms998547.aspx">Improving Managed Code Performance</A>".</LI></UL>]]></content></guidanceItem>