﻿<?xml version="1.0" encoding="utf-8"?><guidanceItem id="005a1735-d916-4390-bf49-346c8efd0c7e" type="checklist" title="Understand the performance implications of a remote middle tier." cssFile="guidance.css" Date="2007-12-14T01:30:23.627Z" Author="J.D. Meier, Srinath Vasireddy, Ashish Babbar, John Allen and Alex Mackman" Category="Deployment Considerations" filePath="..\Libraries\patterns &amp; practices Library\Checklist Item\005a1735-d916-4390-bf49-346c8efd0c7e.xml" Priority="2" Rule_Type="Implementation" Source="patterns &amp; practices Library" Status="Beta" Technology="ASP.NET 1.1" Topic="Performance" Type="Checklist Item" xmlns="urn:microsoft:guidanceexplorer:guidanceItem"><content><![CDATA[<H1>Applies to</H1><UL><LI><DIV>ASP.NET 1.1</DIV></LI></UL><H1>What to Check For</H1><P>Check to ensure that the performance implications&nbsp;of using a&nbsp;remote middle tier in your application are known.</P><H1>How to Check</H1><P>If possible, avoid the overhead of interprocess and intercomputer communication. Unless your business requirements dictate the use of a remote middle tier, keep your presentation, business, and data access logic on the Web server. Deploy your business and data access assemblies to the Bin directory of your application. However, you might require a remote middle tier for any of the following reasons: </P><UL><LI>You want to share your business logic between your Internet-facing Web applications and other internal enterprise applications. <LI>Your scale-out and fault tolerance requirements dictate the use of a middle tier cluster or of load-balanced servers. <LI>Your corporate security policy mandates that you cannot put business logic on your Web servers. </LI></UL><P>If you do have to deploy by using a remote middle tier, ensure you recognize this early so that you can measure and test by using the same environment.</P>]]></content></guidanceItem>