﻿<?xml version="1.0" encoding="utf-8"?><guidanceItem id="006d14b1-23be-4608-9279-729d0633ae75" type="checklist" title="IIS Web permissions are configured" cssFile="guidance.css" Date="2007-12-14T01:23:34.167Z" Author="J.D. Meier, Srinath Vasireddy, Ashish Babbar, John Allen and Alex Mackman" Category="ACLs and Permissions" filePath="..\Libraries\patterns &amp; practices Library\Checklist Item\006d14b1-23be-4608-9279-729d0633ae75.xml" Priority="2" Rule_Type="Deployment" Source="patterns &amp; practices Library" Status="Beta" Technology="ASP.NET 1.1" Topic="Security" Type="Checklist Item" xmlns="urn:microsoft:guidanceexplorer:guidanceItem"><content><![CDATA[<H1>Applies to</H1><UL><LI><DIV>ASP.NET 1.1</DIV></LI></UL><H1>What to Check For</H1><P>Check to ensure that IIS Web permissions are configured for your Application Bin Directory. </P><H1>How to Check</H1><P>Check that Bin directory does not have Read, Write, or Directory browsing permissions. Execute permissions are set to None.</P>]]></content></guidanceItem>