﻿<?xml version="1.0" encoding="utf-8"?><guidanceItem id="00716e90-b0a6-472f-8b14-3b3321aaa551" type="checklist" title="Consider element and attribute name lengths." cssFile="guidance.css" Date="2007-12-18T21:14:59.577Z" Author="J.D. Meier, Srinath Vasireddy, Ashish Babbar, and Alex Mackman " Category="Design Considerations" filePath="..\Libraries\patterns &amp; practices Library\Checklist Item\00716e90-b0a6-472f-8b14-3b3321aaa551.xml" Priority="2" Rule_Type="Implementation" Source="patterns &amp; practices Library" Status="Beta" Technology="XML (.NET 1.1)" Topic="Performance" Type="Checklist Item" xmlns="urn:microsoft:guidanceexplorer:guidanceItem"><content><![CDATA[<H1>Applies to</H1><UL><LI><DIV>XML (.NET 1.1)</DIV></LI></UL><H1>What to Check For</H1><P>Check to ensure that your application considers element and attribute name lengths.</P><H1>How to Check</H1><P>Consider the length of the element names and the length of the attribute names that you use. These names are included as metadata in your XML documents. Therefore, the length of an element or attribute name affects the document size. You need to balance size issues with ease of human interpretation and future maintenance. Try to use names that are short and meaningful.</P>]]></content></guidanceItem>