﻿<?xml version="1.0" encoding="utf-8"?><guidanceItem id="007a2212-bc35-4922-9b3f-0b451291b9a7" type="checklist" title="Use specific handlers to catch specific exceptions." cssFile="guidance.css" Date="2007-12-17T08:00:35.233Z" Author="J.D. Meier, Srinath Vasireddy, Ashish Babbar, and Alex Mackman" Category="Exception Management" filePath="..\Libraries\patterns &amp; practices Library\Checklist Item\007a2212-bc35-4922-9b3f-0b451291b9a7.xml" Priority="2" Rule_Type="Implementation" Source="patterns &amp; practices Library" Status="Beta" Technology="ADO.NET 1.1" Topic="Performance" Type="Checklist Item" xmlns="urn:microsoft:guidanceexplorer:guidanceItem"><content><![CDATA[<H1>Applies to</H1><UL><LI><DIV>ADO.NET 1.1</DIV></LI></UL><H1>What to Check For</H1><P>Check to ensure that your application uses specific handlers to catch specific exceptions by using structured exception handling.</P><H1>How to Check</H1><P>If you know that there are scenarios where specific errors could possibly occur, use specific handlers. For example, if you want to know if a concurrency violation occurs when multiple updates are occurring, look for exceptions of type <B>DBConcurrencyException</B>. The specific exception classes <B>SqlException</B> and <B>OleDbException</B> provide a detailed message when errors occur. Use this message to log the details. Ensure that specific exceptions precede generic handlers, as shown in the following code fragment. </P><DIV><PRE>try<BR>&#123;<BR> ...<BR>&#125;<BR>catch (SqlException sqlex)<BR> // specific handler<BR>&#123;<BR> ...<BR>&#125;<BR>catch (Exception ex) // Generic handler<BR>&#123;<BR> ...<BR>&#125;</PRE></DIV><H1>Additional Resources</H1><UL><LI>For more information about exception handling guidelines specific to performance, see Chapter 5, "<A href="http://msdn2.microsoft.com/en-us/library/ms998547.aspx">Improving Managed Code Performance</A>."</LI></UL>]]></content></guidanceItem>