﻿<?xml version="1.0" encoding="utf-8"?><guidanceItem id="009da3ac-db1b-4f63-aa5f-f4699240dedb" type="checklist" title="Session state is maintained" cssFile="guidance.css" Date="2007-12-18T22:03:20.69Z" Author="J.D. Meier, Srinath Vasireddy, Ashish Babbar, John Allen and Alex Mackman" Category="Web Farm Considerations" filePath="..\Libraries\patterns &amp; practices Library\Checklist Item\009da3ac-db1b-4f63-aa5f-f4699240dedb.xml" Priority="2" Rule_Type="Deployment" Source="patterns &amp; practices Library" Status="Beta" Technology="ASP.NET 1.1" Topic="Security" Type="Checklist Item" xmlns="urn:microsoft:guidanceexplorer:guidanceItem"><content><![CDATA[<H1>Applies to</H1><UL><LI><DIV>ASP.NET 1.1</DIV></LI></UL><H1>What to Check For</H1><P>Check to ensure that your application&nbsp;maintains ASP.NET session state out of process in the ASP.NET SQL Server state database or in the out-of-process state service that runs on a remote machine to avoid server affinity.</P>]]></content></guidanceItem>