﻿<?xml version="1.0" encoding="utf-8"?><guidanceItem id="00ae3320-ef51-441f-b186-ffd872f1c33b" type="checklist" title="Do not divulge exception details to clients in production" cssFile="guidance.css" Date="2008-06-27T15:27:52.31Z" Author="J.D. Meier, Jason Taylor, Prashant Bansode, Carlos Farre, Madhu Sundararajan, Rob Boucher, Steve Gregersen" Category="Exception Management" filePath="..\Libraries\patterns &amp; practices Library\Checklist Item\00ae3320-ef51-441f-b186-ffd872f1c33b.xml" Priority="2" Rule_Type="Implementation" Source="patterns &amp; practices Library" Status="Release" Technology="WCF 3.5" Topic="Security" Type="Checklist Item" xmlns="urn:microsoft:guidanceexplorer:guidanceItem"><content><![CDATA[<H1>Applies to</H1><UL><LI>Microsoft&#174; Windows Communication Foundation (WCF) 3.5 <LI>Microsoft Visual Studio&#174; 2008</LI></UL><H1>What to Check For</H1><P>Check to ensure that your application does not divulge exception details to clients in production.</P>

]]></content></guidanceItem>