﻿<?xml version="1.0" encoding="utf-8"?><guidanceItem id="00cec7d8-b38e-40a5-8be1-eb0305774675" type="checklist" title="Use Enterprise Services declarative transactions for transactions that span multiple resource managers or where you need to flow transaction context across components." cssFile="guidance.css" Date="2007-12-14T22:33:40.24Z" Author="J.D. Meier, Srinath Vasireddy, Ashish Babbar, Rico Mariani, and Alex Mackman" Category="Data Access" filePath="..\Libraries\patterns &amp; practices Library\Checklist Item\00cec7d8-b38e-40a5-8be1-eb0305774675.xml" Priority="2" Rule_Type="Implementation" Source="patterns &amp; practices Library" Status="Beta" Technology=".NET 2.0" Topic="Performance" Type="Checklist Item" xmlns="urn:microsoft:guidanceexplorer:guidanceItem"><content><![CDATA[<H1>Applies to</H1><UL><LI><DIV>.NET 2.0</DIV></LI></UL><H1>What to Check For</H1><P>Check to ensure that your application uses Enterprise Services declarative transactions for transactions that span multiple resource managers or&nbsp;when it&nbsp;needs to flow transaction context across components.</P><H1>How to Check</H1><P>If you have transactions spanning multiple data stores, you should consider using distributed transactions provided by the Enterprise Services. Enterprise Services uses the DTC to enforce transactions.</P><P>The DTC performs the inter-data source communication, and ensures that either all of the data is committed or none of the data is committed. This comes at an operational cost. If you do not have transactions that span multiple data sources, Transact-SQL (T-SQL) or ADO.NET manual transactions offer better performance. However, you need to trade the performance benefits against ease of programming. Declarative Enterprise Services transactions offer a simple component-based programming model.</P><H1>Additional Resources</H1><UL><LI><DIV>For more information about a best practices data access code, see "Data Access Application Block for .NET" on MSDN at <A href="http://msdn.microsoft.com/library/en-us/dnbda/html/daab-rm.asp">http://msdn.microsoft.com/library/en-us/dnbda/html/daab-rm.asp</A>. </DIV><LI><DIV>For more information about best practice data access, see the .NET Data Access Architecture Guide on MSDN at <A href="http://msdn.microsoft.com/library/en-us/dnbda/html/daag.asp">http://msdn.microsoft.com/library/en-us/dnbda/html/daag.asp</A>.</DIV></LI></UL>]]></content></guidanceItem>