﻿<?xml version="1.0" encoding="utf-8"?><guidanceItem id="00d911b4-3eb1-470a-a424-45de4c88605d" type="checklist" title="In ASP .NET applications, ASP.NET validator controls are used to constrain and validate input." cssFile="guidance.css" Date="2007-12-17T02:38:40.09Z" Author="J.D. Meier, Alex Mackman, Blaine Wastell, Prashant Bansode, Chaitanya Bijwe" Category="Input and Data Validation" filePath="..\Libraries\patterns &amp; practices Library\Checklist Item\00d911b4-3eb1-470a-a424-45de4c88605d.xml" Priority="2" Rule_Type="Implementation" Source="patterns &amp; practices Library" Status="Beta" Technology="ADO.NET 2.0" Topic="Security" Type="Checklist Item" xmlns="urn:microsoft:guidanceexplorer:guidanceItem"><content><![CDATA[<H1>Applies to</H1><UL><LI><DIV>ADO.NET 2.0</DIV></LI></UL><H1>What to Check For</H1><P>Check to ensure that ASP.NET validator controls&nbsp;are used&nbsp;to constrain and validate input in the presentation layer of your ASP.NET&nbsp;application. ASP.NET validator controls validate the associated control on the server and they provide a client-side implementation to perform validation on the client. </P><P></P><H1>How to Fix</H1><P>If you are using ASP.NET, use the ASP.NET validator controls to constrain and validate input in the presentation layer of your application. ASP.NET validator controls validate the associated control on the server and they provide a client-side implementation to perform validation on the client. </P><UL><LI>Use <B>RegularExpressionValidator</B> to constrain text input. <LI>Use <B>RangeValidator</B> to check the ranges of numeric, currency, date, and string input. <LI>Use <B>CustomValidator</B> for custom validation, such as ensuring that a date is in the future or in the past. </LI></UL><H1>Additional Resources</H1><UL><LI>For more information, see "How To: Use Regular Expressions to Constrain Input in ASP.NET," at <A href="http://msdn2.microsoft.com/en-us/library/ms998267.aspx">http://msdn.microsoft.com/library/en-us/dnpag2/html/PAGHT000001.asp</A></LI></UL>]]></content></guidanceItem>