﻿<?xml version="1.0" encoding="utf-8"?><guidanceItem id="011815ed-d2f2-4f71-a4de-d2603ef27884" type="checklist" title="URL Authorization is Used for Page and Directory Access Control" cssFile="guidance.css" Date="2007-12-14T01:19:42.223Z" Author="J.D. Meier, Srinath Vasireddy, Ashish Babbar, John Allen and Alex Mackman" Category="Authorization" filePath="..\Libraries\patterns &amp; practices Library\Checklist Item\011815ed-d2f2-4f71-a4de-d2603ef27884.xml" Priority="2" Rule_Type="Implementation" Source="patterns &amp; practices Library" Status="Beta" Technology="ASP.NET 1.1" Topic="Security" Type="Checklist Item" xmlns="urn:microsoft:guidanceexplorer:guidanceItem"><content><![CDATA[<H1>Applies to</H1><UL><LI><DIV>ASP.NET 1.1</DIV></LI></UL><H1>What to Check For</H1><P>Check to ensure URL Authorization is used&nbsp;to control which users and groups of users have access to specific pages or the application itself. </P><H1>Why</H1><P>Rather than having to password protect pages, URL Authorization allows you to tie page access to user accounts or roles</P><H1>How to Check</H1><P>Use the following steps to check if your application uses URL Authorization:</P><OL><LI><DIV>Check if your application has an&nbsp;&lt;<B>authorization</B>&gt; element in its Web.config file.</DIV><LI><DIV>Check to ensure that the users, roles and access rights listed in the &lt;<B>authorization</B>&gt; element match to your application's requirements.</DIV></LI></OL><P>Below is an example of the &lt;<B>authorization</B>&gt; element configured to deny access to all but a few chosen users and roles:</P><PRE>&lt;authorization&gt;<BR>&nbsp; &lt;allow users="DomainName\Bob, DomainName\Mary" /&gt;<BR>&nbsp; &lt;allow roles="BUILTIN\Administrators, DomainName\Manager" /&gt;<BR>&nbsp; &lt;deny users="&#42;" /&gt;<BR>&lt;/authorization&gt;</PRE><H1>How to Fix</H1><P>Any application can use this gatekeeper. It is configured using <B>&lt;authorization&gt; </B>elements that control which users and groups of users should have access to the application. The default element from Machine.config is shown below:</P><PRE>&lt;authorization&gt;  <BR>&#9;&lt;&#33;-- allow/deny Attributes: users="&#91;&#42;&#124;?&#124;name&#93;" &#42; - All users ? - Anonymous users        <BR>&#9;&#9;&#91;name&#93; - Named user     roles="&#91;name&#93;" --&gt; &lt;allow users="&#42;"/&gt;<BR>&lt;/authorization&gt;</PRE><P><STRONG>URL Authorization Notes</STRONG> <P>Use the following to help you successfully configure URL Authorization: <UL><LI>Authorization settings in Web.config usually refer to all of the files in the current directory and all subdirectories, unless a subdirectory contains its own Web.config with an <B>&lt;authorization&gt;</B> element. In this case, the settings in the subdirectory override the parent directory settings. <LI>URL authorization only applies to file types that are mapped by IIS to the ASP.NET ISAPI extension: Aspnet_isapi.dll. <LI>When your application uses Windows authentication, you are authorizing access to Windows user and group accounts. User names take the form of "authority\WindowsUserName" and role names take the form of "authority\WindowsGroupName", where authority is either a domain name or the local machine name depending on the account type. <P>A number of well known accounts are represented with "BUILTIN" strings.&nbsp;For&nbsp;example, the local administrators group is referred to as "BUILTIN\Administrators". The local users group is referred to as "BUILTIN\Users". <BLOCKQUOTE><B>Note</B>&nbsp;&nbsp;&nbsp;With.NET&nbsp;Framework version 1.0, the authority and the group name are case sensitive. The group name must match the group name that appears in Windows exactly.</BLOCKQUOTE><LI>When your application uses Forms authentication, you authorize the custom user and roles maintained in your custom user store. For example, if you use Forms to authenticate users against a database, you authorize against the roles retrieved from the database. <LI>You can use the <B>&lt;location&gt;</B> tag to apply authorization settings to an individual file or directory. The following example shows how you can apply authorization to a specific file (page.aspx): <PRE>&lt;location path="page.aspx" /&gt;  <BR>&#9;&lt;authorization&gt;    <BR>&#9;&#9;&lt;allow users="DomainName\Bob, DomainName\Mary" /&gt;    <BR>&#9;&#9;&lt;deny users="&#42;" /&gt;  <BR>&#9;&lt;/authorization&gt;<BR>&lt;/location&gt;</PRE></LI></UL><H1>Additional Resources</H1><UL><LI><DIV><A href="http://msdn.microsoft.com/library/en-us/dnnetsec/html/THCMCh19.asp?frame=true#c19618429_012">Securing Your ASP.NET Application and Web Services</A></DIV></LI></UL><H1>Related Items</H1><UL><LI><DIV>Guideline: Use URL Authorization for Page and Directory Access Control</DIV></LI></UL>]]></content></guidanceItem>