﻿<?xml version="1.0" encoding="utf-8"?><guidanceItem id="018a5da8-bfbf-45f8-98b6-bea292a85d19" type="checklist" title="Minimize calls to DataBinder.Eval." cssFile="guidance.css" Date="2008-01-18T23:33:27.02Z" Author="J.D. Meier, Alex Mackman, Blaine Wastell, Prashant Bansode, Andy Wigley, Kishore Gopalan" Category="Data Binding" filePath="..\Libraries\patterns &amp; practices Library\Checklist Item\018a5da8-bfbf-45f8-98b6-bea292a85d19.xml" Priority="2" Rule_Type="Implementation" Source="patterns &amp; practices Library" Status="Beta" Technology="ASP.NET 2.0" Topic="Performance" Type="Checklist Item" xmlns="urn:microsoft:guidanceexplorer:guidanceItem"><content><![CDATA[<H1>Applies to</H1><UL><LI><DIV>ASP.NET 2.0</DIV></LI></UL><H1>What to Check For</H1><P>Check to ensure that your application minimizes calls to DataBinder.Eval method.</P><H1>How to Check</H1><P>The<B> DataBinder.Eval</B> method uses reflection to evaluate the arguments that are passed in and to return the results. If you have a table that has 100 rows and 10 columns, you call <B>DataBinder.Eval</B> 1,000 times if you use <B>DataBinder.Eval</B> on each column. Your choice to use <B>DataBinder.Eval</B> is multiplied 1,000 times in this scenario. Limiting the use of <B>DataBinder.Eval</B> during data binding operations significantly improves page performance. </P><H1>How to Fix</H1><P>Consider the following <B>ItemTemplate</B> element within a <B>Repeater</B> control using <B>DataBinder.Eval.</B></P><DIV><PRE>&lt;ItemTemplate&gt;<BR>  &lt;tr&gt;<BR>    &lt;td&gt;&lt;&#37;# DataBinder.Eval(Container.DataItem,"field1") &#37;&gt;&lt;/td&gt;<BR>    &lt;td&gt;&lt;&#37;# DataBinder.Eval(Container.DataItem,"field2") &#37;&gt;&lt;/td&gt;<BR>  &lt;/tr&gt;<BR>&lt;/ItemTemplate&gt;</PRE></DIV><P>There are alternatives to using <B>DataBinder.Eval</B> in this scenario. The alternatives include the following: </P><UL><LI><B>Use explicit casting</B>. Using explicit casting offers better performance by avoiding the cost of reflection. Cast the <B>Container.DataItem</B> as a <B>DataRowView</B>. <DIV><PRE>&lt;ItemTemplate&gt;<BR>  &lt;tr&gt;<BR>    &lt;td&gt;&lt;&#37;# ((DataRowView)Container.DataItem)&#91;"field1"&#93; &#37;&gt;&lt;/td&gt;<BR>    &lt;td&gt;&lt;&#37;# ((DataRowView)Container.DataItem)&#91;"field2"&#93; &#37;&gt;&lt;/td&gt;<BR>  &lt;/tr&gt;<BR>&lt;/ItemTemplate&gt;</PRE></DIV><P>You can gain even better performance with explicit casting if you use a <B>DataReader</B> to bind your control and use the specialized methods to retrieve your data. Cast the <B>Container.DataItem</B> as a <B>DbDataRecord</B>. </P><DIV><PRE>&lt;ItemTemplate&gt;<BR>  &lt;tr&gt;<BR>     &lt;td&gt;&lt;&#37;# ((DbDataRecord)Container.DataItem).GetString(0) &#37;&gt;&lt;/td&gt;<BR>     &lt;td&gt;&lt;&#37;# ((DbDataRecord)Container.DataItem).GetInt(1) &#37;&gt;&lt;/td&gt;<BR>  &lt;/tr&gt;<BR>&lt;/ItemTemplate&gt;</PRE></DIV><P>The explicit casting depends on the type of data source you are binding to; the preceding code illustrates an example. </P><LI><B>Use the ItemDataBound event</B>. If the record that is being data bound contains many fields, it may be more efficient to use the <B>ItemDataBound</B> event. By using this event, you only perform the type conversion once. The following sample uses a <B>DataSet</B> object. <DIV><PRE>protected void Repeater_ItemDataBound(Object sender, RepeaterItemEventArgs e)&#123;<BR>  DataRowView drv = (DataRowView)e.Item.DataItem;<BR>  Response.Write(string.Format("&lt;td&gt;&#123;0&#125;&lt;/td&gt;",drv&#91;"field1"&#93;));<BR>  Response.Write(string.Format("&lt;td&gt;&#123;0&#125;&lt;/td&gt;",drv&#91;"field2"&#93;));<BR>  Response.Write(string.Format("&lt;td&gt;&#123;0&#125;&lt;/td&gt;",drv&#91;"field3"&#93;));<BR>  Response.Write(string.Format("&lt;td&gt;&#123;0&#125;&lt;/td&gt;",drv&#91;"field4"&#93;));<BR>&#125;</PRE></DIV></LI></UL><H1>Additional Resources</H1><UL><LI><P>For more information about data binding, see the following Knowledge Base articles: </P><UL><LI>307860, "INFO: ASP.NET Data Binding Overview" at <A href="http://support.microsoft.com/default.aspx?scid=kb;en-us;307860">http://support.microsoft.com/default.aspx?scid=kb;en-us;307860</A> <LI>313481, "INFO: Roadmap for Web Forms Data Binding" at <A href="http://support.microsoft.com/default.aspx?scid=kb;en-us;313481">http://support.microsoft.com/default.aspx?scid=kb;en-us;313481</A> <LI>314809, "PRB: ASP.NET Fires Change Events Even If You Do Not Change the Control Value" at <A href="http://support.microsoft.com/default.aspx?scid=kb;en-us;314809">http://support.microsoft.com/default.aspx?scid=kb;en-us;314809</A> </LI></UL></LI></UL>]]></content></guidanceItem>