﻿<?xml version="1.0" encoding="utf-8"?><guidanceItem id="01c455e9-c62e-44d0-b17b-d6e5b693abf3" type="checklist" title="Separate dynamic data from static data in your pages." cssFile="guidance.css" Date="2008-01-18T23:44:40.767Z" Author="J.D. Meier, Alex Mackman, Blaine Wastell, Prashant Bansode, Andy Wigley, Kishore Gopalan" Category="Caching" filePath="..\Libraries\patterns &amp; practices Library\Checklist Item\01c455e9-c62e-44d0-b17b-d6e5b693abf3.xml" Priority="2" Rule_Type="Implementation" Source="patterns &amp; practices Library" Status="Beta" Technology="ASP.NET 2.0" Topic="Performance" Type="Checklist Item" xmlns="urn:microsoft:guidanceexplorer:guidanceItem"><content><![CDATA[<H1>Applies to</H1><UL><LI><DIV>ASP.NET 2.0</DIV></LI></UL><H1>What to Check For</H1><P>Check to ensure that your application partitions its pages by separating dynamic data from static data when using caching.</P><H1>How to Check</H1><P>Partial page caching enables you to cache parts of a page by using user controls. Use user controls to partition your page. For example, consider the following simple page which contains static, dynamic, and user-specific information.</P><DIV><PRE>&#91;main.aspx&#93;<BR>&lt;html&gt;<BR>&lt;body&gt;<BR>&lt;table&gt;<BR>&lt;tr&gt;<BR>&lt;td colspan=3&gt;Application Header - Welcome John Smith&lt;/td&gt;<BR>&lt;/tr&gt;<BR>&lt;tr&gt;<BR>&lt;td&gt;Menu&lt;/td&gt;<BR>&lt;td&gt;Dynamic Content&lt;/td&gt;<BR>&lt;td&gt;Advertisments&lt;/td&gt;<BR>&lt;/tr&gt;<BR>&lt;tr&gt;&lt;<BR>td colspan=3&gt;Application Footer&lt;/td&gt;<BR>&lt;/tr&gt;<BR>&lt;/table&gt;<BR>&lt;/html&gt;</PRE></DIV><P>You can partition and cache this page by using the following code:</P><DIV><PRE>&#91;main.aspx&#93;<BR>&lt;&#37;&#64; Register TagPrefix="app" TagName="header" src="header.ascx" &#37;&gt;<BR>&lt;&#37;&#64; Register TagPrefix="app" TagName="menu" src="menu.ascx" &#37;&gt;<BR>&lt;&#37;&#64; Register TagPrefix="app" TagName="advertisements" src="advertisements.ascx" &#37;&gt;<BR>&lt;&#37;&#64; Register TagPrefix="app" TagName="footer" src="footer.ascx" &#37;&gt;<BR>&lt;html&gt;<BR>&lt;body&gt;<BR>&lt;table&gt;<BR>&lt;tr&gt;<BR>&lt;td colspan=3&gt;<BR>&lt;app:header runat=server /&gt;<BR>&lt;/td&gt;<BR>&lt;/tr&gt;<BR>&lt;tr&gt;<BR>&lt;td&gt;<BR>&lt;app:menu runat=server /&gt;<BR>&lt;/td&gt;<BR>&lt;td&gt;Dynamic Content&lt;/td&gt;<BR>&lt;td&gt;&lt;app:advertisements runat=server /&gt;&lt;/td&gt;<BR>&lt;/tr&gt;<BR>&lt;tr&gt;<BR>&lt;td colspan=3&gt;&lt;app:footer runat=server /&gt;&lt;/td&gt;<BR>&lt;/tr&gt;<BR>&lt;/table&gt;<BR>&lt;/html&gt;<BR>&#91;header.ascx&#93;<BR>&lt;&#37;&#64;Control &#37;&gt;Application Header - Welcome &lt;&#37; GetName() &#37;&gt; <BR>&#91;menu.ascx&#93;<BR>&lt;&#37;&#64;Control &#37;&gt;&lt;&#37;&#64; OutputCache Duration="30" VaryByParam="none" &#37;&gt;<BR>Menu<BR>&#91;advertisements.ascx&#93;<BR>&lt;&#37;&#64;Control &#37;&gt;&lt;&#37;&#64; OutputCache Duration="30" VaryByParam="none" &#37;&gt;<BR>Advertisements<BR>&#91;footer.ascx&#93;<BR>&lt;&#37;&#64;Control &#37;&gt;&lt;&#37;&#64; OutputCache Duration="60" VaryByParam="none" &#37;&gt;<BR>Footer</PRE></DIV><P>By partitioning the content, as shown in the sample, you can cache selected portions of the page to reduce processing and rendering time.</P><H1>Additional Resources</H1><UL><LI>For more information about programmatic caching, see "Using Programmatic Caching" in "Understanding Caching Technologies" of the <I>Caching Architecture Guide for .NET Framework Applications</I> at <A href="http://msdn.microsoft.com/library/en-us/dnbda/html/cachingarchch2.asp">http://msdn.microsoft.com/library/en-us/dnbda/html/CachingArchch2.asp</A>.</LI></UL>]]></content></guidanceItem>