﻿<?xml version="1.0" encoding="utf-8"?><guidanceItem id="01dd0a56-0b0e-4a34-9e83-1926f22ff94a" type="checklist" title="NTLM version 2 is enabled by setting LMCompatibilityLevel to 5." cssFile="guidance.css" Date="2007-12-18T18:32:48.423Z" Author="J.D. Meier, Alex Mackman, Michael Dunner, Srinath Vasireddy, Ray Escamilla and Anandha Murukan" Category="Deployment Considerations" filePath="..\Libraries\patterns &amp; practices Library\Checklist Item\01dd0a56-0b0e-4a34-9e83-1926f22ff94a.xml" Priority="2" Rule_Type="Deployment" Source="patterns &amp; practices Library" Status="Beta" Technology="SQL Server 2000" Topic="Security" Type="Checklist Item" xmlns="urn:microsoft:guidanceexplorer:guidanceItem"><content><![CDATA[<H1>Applies to</H1><UL><LI><DIV>SQL Server 2000 </DIV><LI><DIV>Windows 2000 Server</DIV><DIV></DIV></LI></UL><H1>What to Check For</H1><P>Check to ensure that if client computers connect to your database server by using Windows authentication, you should configure your database server to use the strongest version of Windows authentication, which is NTLMv2.</P><H1>How to Check</H1><P><STRONG>Note</STRONG>&nbsp;&nbsp;&nbsp;To support NTLMV2, clients must be running Windows&nbsp;2000, Windows&nbsp;Server 2003, or Windows&nbsp;NT&#174; operating system version 4.0 with Service Pack 4.</P><P></P><H1>How to Fix</H1><P><B>To enable NTLMv2 authentication from the Local Security Policy Tool</B> </P><OL><LI>Expand Local Policies, select Security Options, and then double-click LAN Manager Authentication Level. <LI>Select Send NTLMv2 response only\refuse LM &amp; NTLM. </LI></OL><P>This is the most secure setting.</P><BLOCKQUOTE><B>Note</B>&nbsp;&nbsp;&nbsp;This is equivalent to setting the HKLM\System\CurrentControlSet\Control\Lsa\LMCompatibilityLevel DWORD value to 5.</BLOCKQUOTE>]]></content></guidanceItem>