﻿<?xml version="1.0" encoding="utf-8"?><guidanceItem id="021d6b56-c8be-4939-8cc6-86575e9d0454" type="checklist" title="Consider using Server.Transfer instead of Response.Redirect." cssFile="guidance.css" Date="2007-12-14T00:15:28.913Z" Author="J.D. Meier, Alex Mackman, Blaine Wastell, Prashant Bansode, Andy Wigley, Kishore Gopalan" Category="Pages" filePath="..\Libraries\patterns &amp; practices Library\Checklist Item\021d6b56-c8be-4939-8cc6-86575e9d0454.xml" Priority="2" Rule_Type="Implementation" Source="patterns &amp; practices Library" Status="Beta" Technology="ASP.NET 2.0" Topic="Performance" Type="Checklist Item" xmlns="urn:microsoft:guidanceexplorer:guidanceItem"><content><![CDATA[<H1>Applies to</H1><UL><LI><DIV>ASP.NET 2.0</DIV></LI></UL><H1>What to Check For</H1><P>Check to ensure that your application considers using Server.Transfer instead of Response.Redirect.</P><H1>How to Check</H1><P><B>Response.Redirect </B>sends a metatag to the client that makes the client send a new request to the server by using the new URL. <B>Server.Transfer </B>avoids this indirection by making a server-side call. When you use <B>Server.Transfer</B>, the URL in the browser does not change, and load test tools may incorrectly report the page size because different pages are rendered for the same URL.</P><P>The <B>Server.Transfer</B>, <B>Response.Redirect</B>, and <B>Response.End</B> methods all raise <B>ThreadAbortException</B> exceptions because they internally call <B>Response.End</B>. The call to <B>Response.End</B> causes this exception. Consider using the overloaded method to pass <B>false</B> as the second parameter so that you can suppress the internal call to <B>Response.End</B>.</P><H1>Additional Resources</H1><UL><LI><P>For more information, see Knowledge Base article 312629, "PRB: ThreadAbortException Occurs If You Use Response.End, Response.Redirect, or Server.Transfer," at <A href="http://support.microsoft.com/default.aspx?scid=kb;en-us;312629">http://support.microsoft.com/default.aspx?scid=kb;en-us;312629</A>.</P></LI></UL>]]></content></guidanceItem>