﻿<?xml version="1.0" encoding="utf-8"?><guidanceItem id="02257236-a107-4a74-a113-2799eb332d2a" type="checklist" title="If SQL authentication is used, then Aspnet_regiis is used to encrypt connection strings in configuration files." cssFile="guidance.css" Date="2007-12-17T02:47:03.803Z" Author="J.D. Meier, Alex Mackman, Blaine Wastell, Prashant Bansode, Chaitanya Bijwe" Category="Authentication" filePath="..\Libraries\patterns &amp; practices Library\Checklist Item\02257236-a107-4a74-a113-2799eb332d2a.xml" Priority="2" Rule_Type="Implementation" Source="patterns &amp; practices Library" Status="Beta" Technology="ADO.NET 2.0" Topic="Security" Type="Checklist Item" xmlns="urn:microsoft:guidanceexplorer:guidanceItem"><content><![CDATA[<H1>Applies to</H1><UL><LI><DIV>ADO.NET 2.0</DIV></LI></UL><H1>What to Check For</H1><P>Check to ensure that your application uses aspnet_regiis to encrypt connection strings in the configuration file when it uses SQL authentication. </P><P></P><H1>How to Fix</H1><P>To protect credentials in configuration files, place connection strings inside the &lt;<B>connectionStrings</B>&gt; section, and encrypt them by using the Aspnet_regiis.exe tool. For more information, see the section "Store Encrypted Connection Strings in Configuration Files," in this document.</P>]]></content></guidanceItem>