﻿<?xml version="1.0" encoding="utf-8"?><guidanceItem id="027d8581-8344-4785-8172-820b9df43d08" type="checklist" title="Use custom collections only where absolutely necessary." cssFile="guidance.css" Date="2007-12-15T00:32:38.757Z" Author="J.D. Meier, Srinath Vasireddy, Ashish Babbar, Rico Mariani, and Alex Mackman" Category="Data Structures" filePath="..\Libraries\patterns &amp; practices Library\Checklist Item\027d8581-8344-4785-8172-820b9df43d08.xml" Priority="2" Rule_Type="Implementation" Source="patterns &amp; practices Library" Status="Beta" Technology=".NET 1.1" Topic="Performance" Type="Checklist Item" xmlns="urn:microsoft:guidanceexplorer:guidanceItem"><content><![CDATA[<H1>Applies to</H1><UL><LI><DIV>.NET 1.1</DIV></LI></UL><H1>What to Check For</H1><P>Check to ensure that your application uses custom collections only where absolutely necessary.</P><H1>How to Check</H1><P>For most scenarios, the collections provided by .NET Framework are sufficient, although on occasion, you might need to develop a custom collection. Carefully investigate the supplied collection classes before developing your own. The main reasons for wanting to develop your own custom collection include the following: </P><UL><LI>You need to marshal a collection by reference rather than by value, which is the default behavior of collections provided by .NET Framework. <LI>You need a strongly typed collection. <LI>You need to customize the serialization behavior of a collection. <LI>You need to optimize on the cost of enumeration. </LI></UL><H1>Additional Resources</H1><UL><LI><DIV><DIV><P>For more information about improving view state efficiency, see "<A href="http://msdn2.microsoft.com/en-us/library/ms998544.aspx#scalenetchapt04&#37;20_topic12">Data Structures and Algorithms</A>".</P></DIV></DIV></LI></UL>]]></content></guidanceItem>