﻿<?xml version="1.0" encoding="utf-8"?><guidanceItem id="029f80fc-c629-40c8-b219-f6d96123d0c2" type="checklist" title="If using SSL is not possible, the SlidingExpiration attribute is set to false and limited authentication cookie time-outs are used." cssFile="guidance.css" Date="2007-12-13T23:53:37.327Z" Author="J.D. Meier, Alex Mackman, Blaine Wastell, Prashant Bansode, Andy Wigley, Kishore Gopalan" Category="Forms Authentication" filePath="..\Libraries\patterns &amp; practices Library\Checklist Item\029f80fc-c629-40c8-b219-f6d96123d0c2.xml" Priority="2" Rule_Type="Implementation" Source="patterns &amp; practices Library" Status="Beta" Technology="ASP.NET 2.0" Topic="Security" Type="Checklist Item" xmlns="urn:microsoft:guidanceexplorer:guidanceItem"><content><![CDATA[<H1>Applies to</H1><UL><LI><DIV>ASP.NET 2.0</DIV></LI></UL><H1>What to Check For</H1><P>Check to ensure that if using SSL is not possible&nbsp;in&nbsp;your application, the SlidingExpiration attribute is set to false and limited authentication cookie time-outs are used. </P><P></P><H1>How to Fix</H1><P>If you cannot use SSL, limit the cookie lifetime to reduce the time window in which an attacker can use a captured cookie to gain access to your application with a spoofed identity. The default timeout for an authentication cookie is 30 minutes. Consider reducing this to 10 minutes as shown here.</P><DIV><PRE>&lt;forms     timeout="00:10:00"     slidingExpiration="true"... /&gt;  </PRE></DIV><P>The <B>slidingExpiration="true"</B> setting ensures that the expiration period is reset after each Web request. With the preceding configuration, this means that the cookie only times out after a 10 minute period of inactivity.</P><P>If you are in a scenario where you are concerned about cookie hijacking, consider reducing the timeout and setting <B>slidingExpiration</B>=<B>"false"</B>. If sliding expiration is turned off, the authentication cookie expires after the timeout period whether or not the user is active. After the timeout period, the user must re-authenticate.</P>]]></content></guidanceItem>