﻿<?xml version="1.0" encoding="utf-8"?><guidanceItem id="02bb8629-66e2-43a3-9b06-088ce9b14e2d" type="checklist" title="Consider Web services before using the SoapFormatter." cssFile="guidance.css" Date="2007-12-18T20:43:47.857Z" Author="J.D. Meier, Srinath Vasireddy, Ashish Babbar, and Alex Mackman" Category="Formatters" filePath="..\Libraries\patterns &amp; practices Library\Checklist Item\02bb8629-66e2-43a3-9b06-088ce9b14e2d.xml" Priority="2" Rule_Type="Implementation" Source="patterns &amp; practices Library" Status="Beta" Technology="Remoting (.NET 1.1)" Topic="Performance" Type="Checklist Item" xmlns="urn:microsoft:guidanceexplorer:guidanceItem"><content><![CDATA[<H1>Applies to</H1><UL><LI><DIV>Remoting (.NET 1.1)</DIV></LI></UL><H1>What to Check For</H1><P>Check to ensure that your application considers Web services before using the SoapFormatter.</P><H1>How to Check</H1><P>If you need SOAP for interoperability reasons, consider using Web services ahead of the <B>SoapFormatter</B> with .NET remoting. Web services outperform .NET remoting, when using SOAP-based communication. </P>]]></content></guidanceItem>