﻿<?xml version="1.0" encoding="utf-8"?><guidanceItem id="02c3fc63-fbad-46d4-b186-fa245b97ea4a" type="checklist" title="Use paging for large result sets." cssFile="guidance.css" Date="2007-12-14T00:23:02.507Z" Author="J.D. Meier, Alex Mackman, Blaine Wastell, Prashant Bansode, Andy Wigley, Kishore Gopalan" Category="Data Access" filePath="..\Libraries\patterns &amp; practices Library\Checklist Item\02c3fc63-fbad-46d4-b186-fa245b97ea4a.xml" Priority="2" Rule_Type="Implementation" Source="patterns &amp; practices Library" Status="Beta" Technology="ASP.NET 2.0" Topic="Performance" Type="Checklist Item" xmlns="urn:microsoft:guidanceexplorer:guidanceItem"><content><![CDATA[<H1>Applies to</H1><UL><LI><DIV>ASP.NET 2.0</DIV></LI></UL><H1>What to Check For</H1><P>Check to ensure that your application uses paging for large result sets for better performance.</P><H1>How to Check</H1><P>Paging large query result sets can significantly improve the performance of an application. If you have large result sets, implement a paging solution that achieves the following: </P><UL><LI>The paging solution reduces back-end work on the database. <LI>The paging solution reduces the size of data that is sent to the client. <LI>The paging solution limits client work. </LI></UL><P>Several paging solutions are available; each solution solves the problems that are inherent to specific scenarios. The following paragraphs briefly summarize the solutions. For implementation-specific details, see the "How To: Page Records in .NET Applications" in the "How To" section of this guide.</P><P>A relatively quick and easy solution is to use the automatic paging provided by the <B>DataGrid</B> object. However, this solution works only for tables that have unique incrementing columns; it is not suitable for large tables. With the custom paging approach, you set <B>AllowPaging </B>and <B>AllowCustomPaging</B> properties to <B>true</B>, and then set the <B>PageSize</B> and <B>VirtualItemCount</B> properties. Then the <B>StartIndex</B> (the last browsed row) and <B>NextIndex</B> (<B>StartIndex</B> &#43; <B>PageSize</B>) properties are calculated. The <B>StartIndex</B> and <B>NextIndex</B> values are used as ranges for the identity column to retrieve and display the requested page. This solution does not cache data; it pulls only the relevant records across the network.</P><P>There are several solutions available for tables that do not have unique incrementing column numbers. For tables that have a clustered index and and that do not require special server-side coding, use the <B>subquery</B> solution to track the number of rows to skip from the start. From the resulting records, use the TOP keyword in conjunction with the <B>&lt;pagesize&gt;</B> element to retrieve the next page of rows. Only the relevant page records are retrieved over the network. Other solutions use either the <B>Table</B> data type or a global temporary table with an additional IDENTITY column to store the queried results. This column is used to limit the range of rows fetched and displayed. This requires server-side coding.</P><H1>Additional Resources</H1><UL><LI>For more information and implementation details for paging solutions, see "<A href="http://msdn2.microsoft.com/en-us/library/ms979197.aspx">How To: Page Records in .NET Applications</A>" in the "How To" section of this guide. Also, see Knowledge Base article 318131, "HOW TO: Page Through a Query Result for Better Performance," at <A href="http://support.microsoft.com/default.aspx?scid=kb;en-us;318131">http://support.microsoft.com/default.aspx?scid=kb;en-us;318131</A>. <LI>For more information about data access, see Chapter 12, "<A href="http://msdn2.microsoft.com/en-us/library/ms998569.aspx">Improving ADO.NET Performance</A>"</LI></UL>]]></content></guidanceItem>