﻿<?xml version="1.0" encoding="utf-8"?><guidanceItem id="02e8aaa0-ac92-42f7-b2f2-5fa5722dd95a" type="checklist" title="Symmetric encryption keys are backed up and encrypted with DPAPI and stored in a restricted registry key." cssFile="guidance.css" Date="2007-12-17T07:37:24.453Z" Author="J.D. Meier, Srinath Vasireddy, Ashish Babbar, and Alex Mackman" Category="Sensitive Data" filePath="..\Libraries\patterns &amp; practices Library\Checklist Item\02e8aaa0-ac92-42f7-b2f2-5fa5722dd95a.xml" Priority="2" Rule_Type="Implementation" Source="patterns &amp; practices Library" Status="Beta" Technology="ADO.NET 1.1" Topic="Security" Type="Checklist Item" xmlns="urn:microsoft:guidanceexplorer:guidanceItem"><content><![CDATA[<H1>Applies to</H1><UL><LI><DIV>ADO.NET 1.1</DIV></LI></UL><H1>What to Check For</H1><P>Check to ensure that the Symmetric encryption keys are backed up and encrypted with DPAPI and stored in a restricted registry key.</P><P></P><H1>How to Fix</H1><H3>Using 3DES Encryption</H3><P>To store sensitive data, such as credit card numbers, in the database, use a strong symmetric encryption algorithm such as 3DES.</P><P><B>During development, to enable 3DES encryption</B> </P><OL><LI>Use the <B>RNGCryptoServiceProvider</B> class to generate a strong (192 bit, 24 byte) encryption key. <LI>Back up the encryption key, and store the backup in a physically secure location. <LI>Encrypt the key with DPAPI and store it in a registry key. Use the following ACL to secure the registry key: <DIV><PRE>Administrators: Full Control<BR>Process Account (for example ASPNET): Read</PRE></DIV></LI></OL><P><B>At runtime, to store encrypted data in the database</B> </P><OL><LI>Obtain the data to be encrypted. <LI>Retrieve the encrypted encryption key from the registry. <LI>Use DPAPI to decrypt the encryption key. <LI>Use the <B>TripleDESCryptoServiceProvider</B> class with the encryption key to encrypt the data. <LI>Store the encrypted data in the database. </LI></OL><P><B>At runtime, to decrypt the encrypted secrets</B> </P><OL><LI>Retrieve the encrypted data from the database. <LI>Retrieve the encrypted encryption key from the registry. <LI>Use DPAPI to decrypt the encryption key. <LI>Use the <B>TripleDESCryptoServiceProvider</B> class to decrypt the data. </LI></OL><P>With this process, if the DPAPI account used to encrypt the encryption key is damaged, the backup of the 3DES key can be retrieved from the backup location and be encrypted using DPAPI under a new account. The new encrypted key can be stored in the registry and the data in the database can still be decrypted.</P><BLOCKQUOTE><B>Note</B>&nbsp;&nbsp;&nbsp;Using DPAPI is easier in .NET 2.0 because the <B>ProtectedData</B> class now provides a managed wrapper to DPAPI, For more information, see "<A onclick="javascript:Track('ctl00_LibFrame_ctl03&#124;ctl00_LibFrame_ctl31',this);" href="http://msdn2.microsoft.com/en-us/library/system.security.cryptography.protecteddata.aspx">.NET Framework Class Library - ProtectedData Class</A>."</BLOCKQUOTE><P>If you are running .NET 1.1, you need create a managed DPAPI library. For more information, see "How To: Create a DPAPI Library" in the "How To" section of "Microsoft <I>patterns &amp; practices</I> Volume I, <I>Building Secure ASP.NET Applications: Authentication, Authorization, and Secure Communication</I>" at <A onclick="javascript:Track('ctl00_LibFrame_ctl03&#124;ctl00_LibFrame_ctl32',this);" href="http://msdn.microsoft.com/library/en-us/dnnetsec/html/secnetlpmsdn.asp">http://msdn.microsoft.com/library/en-us/dnnetsec/html/secnetlpMSDN.asp</A>.</P>]]></content></guidanceItem>