﻿<?xml version="1.0" encoding="utf-8"?><guidanceItem id="03234a04-2cea-40c7-a240-ad3e2d21b7e4" type="checklist" title="Unmanaged types or handles are never exposed to partially trusted code." cssFile="guidance.css" Date="2007-12-15T00:14:21.277Z" Author="J.D. Meier, Srinath Vasireddy, Ashish Babbar, Rico Mariani, and Alex Mackman" Category="Unmanaged Code" filePath="..\Libraries\patterns &amp; practices Library\Checklist Item\03234a04-2cea-40c7-a240-ad3e2d21b7e4.xml" Priority="2" Rule_Type="Implementation" Source="patterns &amp; practices Library" Status="Beta" Technology=".NET 1.1" Topic="Security" Type="Checklist Item" xmlns="urn:microsoft:guidanceexplorer:guidanceItem"><content><![CDATA[<H1>Applies to</H1><UL><LI><DIV>.NET 1.1</DIV></LI></UL><H1>What to Check For</H1><P>Check to ensure that Unmanaged types or handles are never exposed to partially trusted code.</P>]]></content></guidanceItem>