﻿<?xml version="1.0" encoding="utf-8"?><guidanceItem id="032bbe3a-f166-4e46-9a3f-7f2ecfac9252" type="checklist" title="If role caching is used, authorization cookie is restricted to HTTPS connections by using the requireSSL attribute." cssFile="guidance.css" Date="2007-12-13T23:52:30.923Z" Author="J.D. Meier, Alex Mackman, Blaine Wastell, Prashant Bansode, Andy Wigley, Kishore Gopalan" Category="Authorization" filePath="..\Libraries\patterns &amp; practices Library\Checklist Item\032bbe3a-f166-4e46-9a3f-7f2ecfac9252.xml" Priority="2" Rule_Type="Implementation" Source="patterns &amp; practices Library" Status="Beta" Technology="ASP.NET 2.0" Topic="Security" Type="Checklist Item" xmlns="urn:microsoft:guidanceexplorer:guidanceItem"><content><![CDATA[<H1>Applies to</H1><UL><LI><DIV>ASP.NET 2.0</DIV></LI></UL><H1>What to Check For</H1><P>Check to ensure that your application sets the <B>cookieRequireSSL</B> attribute to <B>true</B> to specify that the authorization cookie with the role information should only be returned to the server over HTTPS connections. </P>]]></content></guidanceItem>