﻿<?xml version="1.0" encoding="utf-8"?><guidanceItem id="03565d93-3545-49cb-a2ff-709a51717752" type="checklist" title="Access to the metabase is restricted by using NTFS permissions (%systemroot%\system32\inetsrv\metabase.bin)." cssFile="guidance.css" Date="2007-12-18T19:41:33.077Z" Author="J.D. Meier, Alex Mackman, Michael Dunner, Srinath Vasireddy, Ray Escamilla and Anandha Murukan" Category="IIS Configuration" filePath="..\Libraries\patterns &amp; practices Library\Checklist Item\03565d93-3545-49cb-a2ff-709a51717752.xml" Priority="2" Rule_Type="Deployment" Source="patterns &amp; practices Library" Status="Beta" Technology="Web Application" Topic="Security" Type="Checklist Item" xmlns="urn:microsoft:guidanceexplorer:guidanceItem"><content><![CDATA[<H1>Applies to</H1><UL><LI><DIV>Web Application</DIV></LI></UL><H1>What to Check For</H1><P>Check to ensure that access to the metabase (&#37;systemroot&#37;\system32\inetsrv\metabase.bin)&nbsp;is restricted by using NTFS permissions.</P><P></P><H1>How to Fix</H1><P>Security and other IIS configuration settings are maintained in the IIS metabase file. Harden the NTFS permissions on the IIS metabase (and the backup metabase file) to be sure that attackers cannot modify your IIS configuration in any way (for example, to disable authentication for a particular virtual directory.)</P><P>During this step, you: </P><UL><LI><B>Restrict access to the metabase using NTFS permissions</B>. <LI><B>Restrict banner information returned by IIS</B>. </LI></UL><H3>Restrict Access to the Metabase Using NTFS Permissions</H3><P>Set the following NTFS permissions on the IIS metabase file (Metabase.bin) in the \WINNT\system32\inetsrv directory. </P><UL><LI>Local System: Full Control <LI>Administrators: Full Control </LI></UL>]]></content></guidanceItem>