﻿<?xml version="1.0" encoding="utf-8"?><guidanceItem id="0364da94-4e57-4b7a-a404-ffc9fd8c6afe" type="checklist" title="Authentication cookies are not persisted" cssFile="guidance.css" Date="2008-01-19T00:05:41.66Z" Author="J.D. Meier, Srinath Vasireddy, Ashish Babbar, John Allen and Alex Mackman" Category="Authentication" filePath="..\Libraries\patterns &amp; practices Library\Checklist Item\0364da94-4e57-4b7a-a404-ffc9fd8c6afe.xml" Priority="2" Rule_Type="Implementation" Source="patterns &amp; practices Library" Status="Beta" Technology="ASP.NET 1.1" Topic="Security" Type="Checklist Item" xmlns="urn:microsoft:guidanceexplorer:guidanceItem"><content><![CDATA[<H1>Applies to</H1><UL><LI><DIV>ASP.NET 1.1</DIV></LI></UL><H1>What to Check For</H1><P>Check to ensure that your application is not persisting authentication cookies.</P><H1>How to Check</H1><P>Do not persist authentication cookies because they are stored in the user's profile and can be stolen if an attacker gets physical access to the user's computer. You can specify a non-persistent cookie when you create the <B>FormsAuthenticationTicket</B> as follows:</P><DIV><PRE>FormsAuthenticationTicket ticket =<BR>                new FormsAuthenticationTicket(<BR>                        1,                           // version<BR>                        Context.User.Identity.Name,  // user name<BR>                        DateTime.Now,                // issue time<BR>                        DateTime.Now.AddMinutes(15), // expires every 15 mins<BR><B>                        false,                       // do not persist the cookie<BR></B>                        roleStr );                   // user roles<BR></PRE></DIV>]]></content></guidanceItem>