﻿<?xml version="1.0" encoding="utf-8"?><guidanceItem id="040962c5-117b-42c2-8ea0-6a3370529b46" type="checklist" title="Avoid unnecessary type conversions." cssFile="guidance.css" Date="2007-12-17T06:32:19.087Z" Author="J.D. Meier, Alex Mackman, Blaine Wastell, Prashant Bansode, Chaitanya Bijwe" Category="Types" filePath="..\Libraries\patterns &amp; practices Library\Checklist Item\040962c5-117b-42c2-8ea0-6a3370529b46.xml" Priority="2" Rule_Type="Implementation" Source="patterns &amp; practices Library" Status="Beta" Technology="ADO.NET 2.0" Topic="Performance" Type="Checklist Item" xmlns="urn:microsoft:guidanceexplorer:guidanceItem"><content><![CDATA[<H1>Applies to</H1><UL><LI><DIV>ADO.NET 2.0</DIV></LI></UL><H1>What to Check For</H1><P>Check to ensure that your application avoids unnecessary type conversions when passing parameters.</P><H1>How to Check</H1><P>Type conversions can occur when you pass parameters to and from stored procedures or other SQL statements. To avoid type conversions, make sure that you: </P><UL><LI>Set the provider-specific type property of each <B>Parameter</B> object. <LI>Pass a consistent object type when you set the <B>Value</B> property<B> </B>of the<B> Parameter</B> object. </LI></UL><P>For example, the .NET Framework Data Provider for SQL Server defines the <B>System.Data.SqlTypes</B> namespace. This namespace provides classes that represent the native data types in SQL Server. This namespace also includes the <B>SqlDbType</B> enumeration, which you use to specify the precise type of a parameter that is passed through a <B>SqlParameter</B> object.</P><H1>How to Fix</H1><P>The following code demonstrates how to avoid type conversions for the .NET Framework Data Provider for SQL Server.</P><DIV><PRE>// Set the provider-specific type for the parameter.<BR>SqlParameter param = new SqlParameter("&#64;Name", SqlDbType.NVarChar, 20);<BR>// Use the right provider-specific type. In this case use SqlString, which<BR>// corresponds to SqlDbType.<BR>NVarCharparam.Value = new SqlString("Frederick Smith");</PRE></DIV><P>The type namespaces and type enumerations for each data provider are summarized in Table.</P><P><B>Table : Database Provider Types</B></P><DIV><TABLE><TBODY><TR><TD><B>Provider</B></TD><TD><B>Type namespace</B></TD><TD><B>Type enumeration</B></TD></TR><TR><TD>SQL Server</TD><TD>System.Data.SqlTypes</TD><TD>SqlDbType</TD></TR><TR><TD>OLE DB</TD><TD>System.Data.OleDb</TD><TD>OleDbType</TD></TR><TR><TD>ODBC</TD><TD>System.Data.OdbcType</TD><TD>OdbcType</TD></TR><TR><TD>Oracle</TD></TR></TBODY></TABLE></DIV>]]></content></guidanceItem>