﻿<?xml version="1.0" encoding="utf-8"?><guidanceItem id="044dc4a5-5f54-4e53-b1e1-27b90753e715" type="checklist" title="Locate components that interact frequently within the same boundary or as close to each other as possible." cssFile="guidance.css" Date="2007-12-15T00:33:54.687Z" Author="J.D. Meier, Srinath Vasireddy, Ashish Babbar, Rico Mariani, and Alex Mackman" Category="Deployment Considerations" filePath="..\Libraries\patterns &amp; practices Library\Checklist Item\044dc4a5-5f54-4e53-b1e1-27b90753e715.xml" Priority="2" Rule_Type="Implementation" Source="patterns &amp; practices Library" Status="Beta" Technology=".NET 1.1" Topic="Performance" Type="Checklist Item" xmlns="urn:microsoft:guidanceexplorer:guidanceItem"><content><![CDATA[<H1>Applies to</H1><UL><LI><DIV>.NET 1.1</DIV></LI></UL><H1>What to Check For</H1><P>Check to ensure that your application components are located closely to each other as possible&nbsp;such that they interact frequently within the same boundary.</P><H1>How to Check</H1><P>Ensure that your design places frequently interacting components that perform a single unit of work within the same boundary or as close as possible to each other. Components that are frequently interacting across boundaries can hurt performance, due to the increased overhead associated with call latency and serialization. The boundaries that you need to consider, from a performance perspective, are application domains, apartments, processes, and servers. These are arranged in ascending order of increasing cost overhead.</P>]]></content></guidanceItem>