﻿<?xml version="1.0" encoding="utf-8"?><guidanceItem id="045f01f6-a434-41ad-a5bf-a45f5f31f185" type="checklist" title="HTTP requests are filtered. URLScan is installed and configured." cssFile="guidance.css" Date="2007-12-18T19:54:35.72Z" Author="J.D. Meier, Alex Mackman, Michael Dunner, Srinath Vasireddy, Ray Escamilla and Anandha Murukan" Category="IIS Configuration" filePath="..\Libraries\patterns &amp; practices Library\Checklist Item\045f01f6-a434-41ad-a5bf-a45f5f31f185.xml" Priority="2" Rule_Type="Deployment" Source="patterns &amp; practices Library" Status="Beta" Technology="Web Application" Topic="Security" Type="Checklist Item" xmlns="urn:microsoft:guidanceexplorer:guidanceItem"><content><![CDATA[<H1>Applies to</H1><UL><LI><DIV>Web Application</DIV></LI></UL><H1>What to Check For</H1><P>Check to ensure that URLScan is installed and configured so that all HTTP requests are filtered.</P><P></P><H1>How to Fix</H1><P>URLScan is installed when you run IISLockdown, although you can download it and install it separately.</P><BLOCKQUOTE><B>Note</B>&nbsp;&nbsp;&nbsp;IIS 6.0 on Windows Server 2003 has functionality equivalent to URLScan built in. Your decision whether to install UrlScan should be based on your specific organizational requirements. For more information, see "<A href="http://www.microsoft.com/technet/security/tools/urlscan.mspx#eeaa">Installing UrlScan 2.5</A>."</BLOCKQUOTE><P><B>To install URLScan without running IISLockdown</B> </P><OL><LI>Download IISlockd.exe from <A href="http://download.microsoft.com/download/iis50/utility/2.1/nt45xp/en-us/iislockd.exe">http://download.microsoft.com/download/iis50/Utility/2.1/NT45XP/EN-US/iislockd.exe</A>. <LI>Run the following command to extract the URLScan setup: <P>i<B>islockd.exe /q /c</B> </P></LI></OL><P>URLScan blocks requests that contain unsafe characters (for example, characters that have been used to exploit vulnerabilities, such as ".." used for directory traversal). URLScan logs requests that contain these characters in the &#37;windir&#37;\system32\inetsrv\urlscan directory.</P><P>You configure URLScan using settings in the .ini file &#37;windir&#37;\system32\inetsrv\urlscan\urlscan.ini.</P><P>In addition to blocking malicious requests, you can use URLScan to defend your server against denial of service attacks before the requests reach ASP.NET. To do this, set limits in the <B>MaxAllowedContentLength</B>, <B>MaxUrl</B>, and <B>MaxQueryString</B> arguments in the URLScan.ini file. For more information, see "<A href="http://msdn2.microsoft.com/en-us/library/aa302368.aspx">How To: Use&nbsp;URLScan</A>" in the "How To" section of this guide.</P><H3>Reversing URLScan Changes</H3><P>There is no automatic operation to remove URLScan. If you have problems with URLScan, you can either remove it from IIS or you can analyze the problem by logging requests that are rejected. To do this, use the option <B>RejectResponseUrl=/~&#42;</B> in the URLScan .ini file.</P><P>For more information about how to remove ISAPI filters, see "<A href="http://msdn2.microsoft.com/en-us/library/aa302432.aspx#c16618429_021">Step 13. ISAPI Filters</A>," later in this chapter.</P><H1>Additional Resources</H1><P>See the following articles for more information about the URLScan tool: </P><UL><LI>For information on running URLScan, see "<A href="http://msdn2.microsoft.com/en-us/library/aa302368.aspx">How To: Use&nbsp;URLScan</A>" . <LI>For information about URLScan configuration and the URLScan.ini file settings, see Microsoft Knowledge Base article 326444, "How To: Configure the URLScan Tool." </LI></UL>]]></content></guidanceItem>