﻿<?xml version="1.0" encoding="utf-8"?><guidanceItem id="04917137-c930-4db5-9e2f-295f6181cb39" type="checklist" title="Use OracleLob.Read to read from Oracle databases." cssFile="guidance.css" Date="2007-12-17T07:10:48.89Z" Author="J.D. Meier, Srinath Vasireddy, Ashish Babbar, and Alex Mackman" Category="Binary Large Objects" filePath="..\Libraries\patterns &amp; practices Library\Checklist Item\04917137-c930-4db5-9e2f-295f6181cb39.xml" Priority="2" Rule_Type="Implementation" Source="patterns &amp; practices Library" Status="Beta" Technology="ADO.NET 1.1" Topic="Performance" Type="Checklist Item" xmlns="urn:microsoft:guidanceexplorer:guidanceItem"><content><![CDATA[<H1>Applies to</H1><UL><LI><DIV>ADO.NET 1.1</DIV></LI></UL><H1>What to Check For</H1><P>Check to ensure that your application uses OracleLob.Read&nbsp;when reading from Oracle databases.</P><H1>How to Check</H1><P>To read BLOBs from an Oracle database, use the .NET Framework Data Provider for Oracle. This data provider provides the <B>System.Data.OracleClient.OracleLob </B>class that can read BLOBs. The following code fragment shows how the <B>OracleLob.Read</B> method enables you to read the data in chunks.</P><DIV><PRE>byte&#91;&#93; buffer = new byte&#91;100&#93;;<BR>  while((actual = blob.Read(buffer, 0/&#42;buffer offset&#42;/,<BR>         buffer.Length/&#42;count&#42;/)) &gt;0)&#123;<BR> //write the buffer to some stream<BR>&#125;</PRE></DIV><H1>Additional Resources</H1><UL><LI><P>For more information about OracleLob.Read, see "OracleLob.Read Method" in <I>.NET Framework Class Library</I> at <A href="http://msdn.microsoft.com/library/default.asp?url=/library/en-us/cpref/html/frlrfsystemdataoracleclientoraclelobclassreadtopic.asp">http://msdn.microsoft.com/library/default.asp?url=/library/en-us/cpref/html/frlrfsystemdataoracleclientoraclelobclassreadtopic.asp</A>.</P></LI></UL>]]></content></guidanceItem>