﻿<?xml version="1.0" encoding="utf-8"?><guidanceItem id="049dfa49-f404-4c45-9150-3fcaec590107" type="checklist" title="Passwords are not stored in custom user store databases. Password hashes are stored with salt values instead." cssFile="guidance.css" Date="2007-12-17T07:38:01.447Z" Author="J.D. Meier, Srinath Vasireddy, Ashish Babbar, and Alex Mackman" Category="Sensitive Data" filePath="..\Libraries\patterns &amp; practices Library\Checklist Item\049dfa49-f404-4c45-9150-3fcaec590107.xml" Priority="2" Rule_Type="Implementation" Source="patterns &amp; practices Library" Status="Beta" Technology="ADO.NET 1.1" Topic="Security" Type="Checklist Item" xmlns="urn:microsoft:guidanceexplorer:guidanceItem"><content><![CDATA[<H1>Applies to</H1><UL><LI><DIV>ADO.NET 1.1</DIV></LI></UL><H1>What to Check For</H1><P>Check to ensure that the user store that contains user names and passwords are not&nbsp;either in clear text or in encrypted format. Instead of storing passwords, store non-reversible hash values with added salt to mitigate the risk of dictionary attacks.</P><P></P><H1>How to Fix</H1><H3>Store Password Hashes with Salt</H3><P>If you need to implement a user store that contains user names and passwords, do not store the passwords either in clear text or in encrypted format. Instead of storing passwords, store non-reversible hash values with added salt to mitigate the risk of dictionary attacks.</P><BLOCKQUOTE><B>Note</B>&nbsp;&nbsp;&nbsp;A salt value is a cryptographically strong random number.</BLOCKQUOTE><H3>Creating a Salt Value</H3><P>The following code shows how to generate a salt value by using random number generation functionality provided by the <B>RNGCryptoServiceProvider</B> class within the <B>System.Security.Cryptography</B> namespace.</P><DIV><PRE>public static string CreateSalt(int size)&#123;<BR>  RNGCryptoServiceProvider rng = new RNGCryptoServiceProvider();<BR>  byte&#91;&#93; buff = new byte&#91;size&#93;;<BR>  rng.GetBytes(buff);<BR>  return Convert.ToBase64String(buff);<BR>&#125;</PRE></DIV><H3>Creating a Hash Value (with Salt)</H3><P>The following code fragment shows how to generate a hash value from a supplied password and salt value.</P><DIV><PRE>public static string CreatePasswordHash(string pwd, string salt)&#123;<BR>  string saltAndPwd = string.Concat(pwd, salt);<BR>  string hashedPwd = <BR>       FormsAuthentication.HashPasswordForStoringInConfigFile(<BR>                                             saltAndPwd, "SHA1");<BR>  return hashedPwd;</PRE><PRE>&#125;</PRE></DIV><H3>More Information</H3><P>For more information about implementing a user store that stores password hashes with salt, see "How To: Use Forms Authentication with SQL Server 2000" in the "How To" section of "Microsoft <I>patterns &amp; practices</I> Volume I, <I>Building Secure ASP.NET&nbsp;Applications: Authentication, Authorization, and Secure Communication</I>" at&nbsp;<A href="http://msdn.microsoft.com/library/en-us/dnnetsec/html/secnetlpmsdn.asp">http://msdn.microsoft.com/library/en-us/dnnetsec/html/secnetlpMSDN.asp</A>.</P>]]></content></guidanceItem>