﻿<?xml version="1.0" encoding="utf-8"?><guidanceItem id="04b59bbe-d6dc-42d8-87b3-4a151afa585a" type="checklist" title="The design addresses the required scalability and performance criteria." cssFile="guidance.css" Date="2007-12-18T21:30:37.197Z" Author="J.D. Meier, Srinath Vasireddy, Ashish Babbar, John Allen and Alex Mackman" Category="Deployment Considerations" filePath="..\Libraries\patterns &amp; practices Library\Checklist Item\04b59bbe-d6dc-42d8-87b3-4a151afa585a.xml" Priority="2" Rule_Type="Design" Source="patterns &amp; practices Library" Status="Beta" Technology="ASP.NET 1.1" Topic="Security" Type="Checklist Item" xmlns="urn:microsoft:guidanceexplorer:guidanceItem"><content><![CDATA[<H1>Applies to</H1><UL><LI><DIV>ASP.NET 1.1</DIV></LI></UL><H1>What to Check For</H1><P>Check to ensure that your application design addresses the required scalability and performance criteria.</P>]]></content></guidanceItem>