﻿<?xml version="1.0" encoding="utf-8"?><guidanceItem id="04c8b0f1-f0b4-447f-8798-0369693a80b5" type="checklist" title="Ensure debug is set to false." cssFile="guidance.css" Date="2007-12-18T21:46:27.743Z" Author="J.D. Meier, Srinath Vasireddy, Ashish Babbar, John Allen and Alex Mackman" Category="Pages" filePath="..\Libraries\patterns &amp; practices Library\Checklist Item\04c8b0f1-f0b4-447f-8798-0369693a80b5.xml" Priority="2" Rule_Type="Implementation" Source="patterns &amp; practices Library" Status="Beta" Technology="ASP.NET 1.1" Topic="Performance" Type="Checklist Item" xmlns="urn:microsoft:guidanceexplorer:guidanceItem"><content><![CDATA[<H1>Applies to</H1><UL><LI><DIV>ASP.NET 1.1</DIV></LI></UL><H1>What to Check For</H1><P>Check to ensure that debugging is disabled before moving your application into production.</P><H1>How to Check</H1><P>When <B>debug</B> is set to <B>true</B>, the following occurs: </P><UL><LI>Pages are not batch compiled. <LI>Pages do not time out. When a problem occurs, such as a problem with a Web service call, the Web server may start to queue requests and stop responding. <LI>Additional files are generated in the Temporary ASP.NET Files folder. <LI>The <B>System.Diagnostics.DebuggableAttribute</B> attribute is added to generated code. This causes the CLR to track extra information about generated code, and it also disables certain optimizations. </LI></UL><P>Before you run performance tests and before you move your application into production, be sure that <B>debug</B> is set to <B>false</B> in the Web.config file and at the page level. By default, <B>debug</B> is set to <B>false</B> at the page level. If you do need to set this attribute during development time, it is recommended that you set it at the Web.config file level, as shown in the following fragment.</P><DIV><PRE>&lt;compilation debug="false" ... /&gt;</PRE></DIV><P>The following shows how to set <B>debug</B> to <B>false</B> at the page level.</P><DIV><PRE>&lt;&#37;&#64; Page debug="false" ... &#37;&gt;</PRE></DIV><BLOCKQUOTE><B>Note&nbsp;&nbsp;&nbsp;</B>A common pitfall is to set this attribute at the page level during development and then forget to set it back when the application is moved to production.</BLOCKQUOTE>]]></content></guidanceItem>