﻿<?xml version="1.0" encoding="utf-8"?><guidanceItem id="04e8afdf-03e0-466e-8c0e-665cb9fc5bf9" type="checklist" title="Do not use exceptions to control regular application flow." cssFile="guidance.css" Date="2007-12-15T00:35:18.287Z" Author="J.D. Meier, Srinath Vasireddy, Ashish Babbar, Rico Mariani, and Alex Mackman" Category="Exception Management" filePath="..\Libraries\patterns &amp; practices Library\Checklist Item\04e8afdf-03e0-466e-8c0e-665cb9fc5bf9.xml" Priority="2" Rule_Type="Implementation" Source="patterns &amp; practices Library" Status="Beta" Technology=".NET 1.1" Topic="Performance" Type="Checklist Item" xmlns="urn:microsoft:guidanceexplorer:guidanceItem"><content><![CDATA[<H1>Applies to</H1><UL><LI><DIV>.NET 1.1</DIV></LI></UL><H1>What to Check For</H1><P>Check to ensure that your application does not use exceptions to control regular application flow.</P><H1>How to Check</H1><P>You should not use exceptions to control the application flow because throwing exceptions is expensive. Some alternatives include the following: </P><UL><LI>Change the API so it communicates its success or failure by returning a <B>bool</B> value as shown in the following code. <DIV><PRE>// BAD WAY<BR>// ... search for Productif ( dr.Read() ==0 ) <BR>// no record found, ask to create&#123;<BR>//this is an example of throwing an unnecessary exception because<BR>//nothing has gone wrong and it is a perfectly acceptable situation<BR>throw( new Exception("User Account Not found"));<BR>&#125;<BR>// GOOD WAY<BR>// ... search for Productif ( dr.Read() ==0 )&#123; <BR>// no record found, ask to create  <BR>return false;<BR>&#125;</PRE></DIV><LI>Refactor your code to include validation logic to avoid exceptions instead of throwing exceptions. </LI></UL><H1>Additional Resources</H1><UL><LI><DIV><DIV><P>For more information, see the following resources: </P><UL><LI>For more information about using exceptions, see "Writing Exceptional Code" on MSDN at <A href="http://msdn.microsoft.com/library/en-us/dncscol/html/csharp07192001.asp">http://msdn.microsoft.com/library/en-us/dncscol/html/csharp07192001.asp</A>. <LI>For exception management best practices, see the <I>Exception Management Architecture Guide</I> on MSDN at <A href="http://msdn.microsoft.com/library/en-us/dnbda/html/exceptdotnet.asp">http://msdn.microsoft.com/library/en-us/dnbda/html/exceptdotnet.asp</A>. </LI></UL></DIV></DIV></LI></UL>]]></content></guidanceItem>