﻿<?xml version="1.0" encoding="utf-8"?><guidanceItem id="05691264-eb59-47da-b80b-004c2ea645e8" type="checklist" title="Unused HttpModules are removed." cssFile="guidance.css" Date="2007-12-18T19:52:08.22Z" Author="J.D. Meier, Alex Mackman, Michael Dunner, Srinath Vasireddy, Ray Escamilla and Anandha Murukan" Category="IIS Configuration" filePath="..\Libraries\patterns &amp; practices Library\Checklist Item\05691264-eb59-47da-b80b-004c2ea645e8.xml" Priority="2" Rule_Type="Deployment" Source="patterns &amp; practices Library" Status="Beta" Technology="Web Application" Topic="Security" Type="Checklist Item" xmlns="urn:microsoft:guidanceexplorer:guidanceItem"><content><![CDATA[<H1>Applies to</H1><UL><LI><DIV>Web Application</DIV></LI></UL><H1>What to Check For</H1><P>Check to ensure that unused HttpModules are removed in the machine.config file.</P>]]></content></guidanceItem>