﻿<?xml version="1.0" encoding="utf-8"?><guidanceItem id="057164f5-d0cb-4f6e-a0ce-40d79fa97a20" type="checklist" title="Code that only supports full-trust callers is strong named or explicitly demands the full-trust permission set." cssFile="guidance.css" Date="2007-12-15T00:19:50.7Z" Author="J.D. Meier, Srinath Vasireddy, Ashish Babbar, Rico Mariani, and Alex Mackman" Category="Code Access Security" filePath="..\Libraries\patterns &amp; practices Library\Checklist Item\057164f5-d0cb-4f6e-a0ce-40d79fa97a20.xml" Priority="2" Rule_Type="Implementation" Source="patterns &amp; practices Library" Status="Beta" Technology=".NET 1.1" Topic="Security" Type="Checklist Item" xmlns="urn:microsoft:guidanceexplorer:guidanceItem"><content><![CDATA[<H1>Applies to</H1><UL><LI><DIV>.NET 1.1</DIV></LI></UL><H1>What to Check For</H1><P>Check to ensure that code that only supports full-trust callers is strong named or explicitly demands the full-trust permission set.</P>]]></content></guidanceItem>