﻿<?xml version="1.0" encoding="utf-8"?><guidanceItem id="05748688-17cd-4d4e-8eb1-627d119f2ef2" type="checklist" title="Default permissions that are applied to SQL Server objects are not altered. " cssFile="guidance.css" Date="2007-12-18T18:32:57.657Z" Author="J.D. Meier, Alex Mackman, Michael Dunner, Srinath Vasireddy, Ray Escamilla and Anandha Murukan" Category="Security Considerations" filePath="..\Libraries\patterns &amp; practices Library\Checklist Item\05748688-17cd-4d4e-8eb1-627d119f2ef2.xml" Priority="2" Rule_Type="Deployment" Source="patterns &amp; practices Library" Status="Beta" Technology="SQL Server 2000" Topic="Security" Type="Checklist Item" xmlns="urn:microsoft:guidanceexplorer:guidanceItem"><content><![CDATA[<H1>Applies to</H1><UL><LI><DIV>SQL Server 2000 </DIV><LI><DIV>Windows 2000 Server</DIV><DIV></DIV></LI></UL><H1>What to Check For</H1><P>Check to ensure that the default permissions that are applied to SQL Server objects are not altered.</P><P></P><H1>How to Fix</H1><P>In&nbsp;versions of SQL Server earlier than Service Pack 3, the public role does have access to various default SQL Server database objects. With Service Pack 3, the security design has been reviewed and security has been improved by removing the public role where it is unnecessary and by applying more granular role checks.</P>]]></content></guidanceItem>