﻿<?xml version="1.0" encoding="utf-8"?><guidanceItem id="05a199cd-f475-4a64-917b-38d4efa7370f" type="checklist" title="Impersonation is reverted by using finally blocks. " cssFile="guidance.css" Date="2008-01-18T23:34:59.963Z" Author="J.D. Meier, Alex Mackman, Blaine Wastell, Prashant Bansode, Andy Wigley, Kishore Gopalan" Category="Impersonation and Delegation" filePath="..\Libraries\patterns &amp; practices Library\Checklist Item\05a199cd-f475-4a64-917b-38d4efa7370f.xml" Priority="2" Rule_Type="Implementation" Source="patterns &amp; practices Library" Status="Beta" Technology="ASP.NET 2.0" Topic="Security" Type="Checklist Item" xmlns="urn:microsoft:guidanceexplorer:guidanceItem"><content><![CDATA[<H1>Applies to</H1><UL><LI><DIV>ASP.NET 2.0</DIV></LI></UL><H1>What to Check For</H1><P>Check to ensure that impersonation is reverted by using structured exception handling&nbsp;in programmatic impersonation.</P><P></P><H1>How to Fix</H1><P>If you must use programmatic impersonation, use structured exception handling and put the impersonation code inside <B>try</B> blocks. Use a <B>catch</B> block to handle exceptions and use a <B>finally</B> block to ensure that the impersonation is reverted as shown here.</P><DIV><PRE>using System.Security.Principal;<BR>...<BR>WindowsIdentity winIdentity = new WindowsIdentity(<A href="mailto:username&#64;domainName">username&#64;domainName</A>);<BR>WindowsImpersonationContext ctx = winIdentity.Impersonate();<BR>try&#123;<BR>  // Do work<BR>&#125;<BR>catch(Exception ex)&#123;<BR>  // Stop impersonating  ctx.Undo();<BR>&#125;<BR>finally&#123;<BR>  // Stop impersonating<BR>  ctx.Undo();<BR>&#125;</PRE></DIV><P>By using a <B>finally</B> block, you ensure that the impersonation token is removed from the current thread whether an exception is generated or not. Also be aware that if your code fails to catch exceptions, a malicious user could use exception filters to execute code that runs under the impersonated security context. This is particularly serious if your code impersonates a privileged account. If your code does not catch the exception, exception filters higher in the call stack are executed before code in your <B>finally</B> block is executed.</P><BLOCKQUOTE><B>Note</B>&nbsp;&nbsp;&nbsp;Exception filters are supported by Microsoft Intermediate Language (MSIL) and Visual Basic .NET.<B> </B></BLOCKQUOTE><H1>Additional Resources</H1><UL><LI>For more information, see <A href="http://msdn2.microsoft.com/en-us/library/ms998351.aspx">How To: Use Impersonation and Delegation in ASP.NET 2.0</A>.</LI></UL>]]></content></guidanceItem>