﻿<?xml version="1.0" encoding="utf-8"?><guidanceItem id="05bfb9a7-b266-40cb-9b27-29bd8a270657" type="checklist" title="Evaluate hash joins." cssFile="guidance.css" Date="2007-12-18T18:51:57.087Z" Author="J.D. Meier, Srinath Vasireddy, Ashish Babbar, Sharon Bjeletich and Alex Mackman" Category="Execution Plan" filePath="..\Libraries\patterns &amp; practices Library\Checklist Item\05bfb9a7-b266-40cb-9b27-29bd8a270657.xml" Priority="2" Rule_Type="Implementation" Source="patterns &amp; practices Library" Status="Beta" Technology="SQL Server 2000" Topic="Performance" Type="Checklist Item" xmlns="urn:microsoft:guidanceexplorer:guidanceItem"><content><![CDATA[<H1>Applies to</H1><UL><LI><DIV>SQL Server 2000</DIV></LI></UL><H1>What to Check For</H1><P>Check&nbsp;that your application&nbsp;evaluates hash joins to&nbsp;measure the current performance of your SQL code.</P><H1>How to Check</H1><P>Make sure that you investigate hash joins in a query execution plan. A hash join may be the best option, but frequently, a hash join is selected because there are no indexes that the optimizer can use to perform an efficient nested loop or merge join. In the absence of indexes, a hash join is the best option. However, better indexing may occur from a nested loop or merge join. Note that hash joins are also fairly CPU intensive. If you have high CPU usage, and you do not feel that enough work is being performed against the server to justify this, evaluate the execution plans by using SQL Profiler to find out if you have a lot of hash joins.</P><P>Queries that use a parallel execution plan often have to perform hash joins to recombine the finished parallel streams. Hash joins in this scenario are usually optimal and should not be a concern.</P><H1>Additional Resources</H1><UL><LI>For more information about the statistics that are used by Query Optimizer, see "Statistics Used by the Query Optimizer in Microsoft SQL Server 2000" at <A href="http://msdn2.microsoft.com/en-us/library/aa902688(SQL.80).aspx">http://msdn2.microsoft.com/en-us/library/aa902688(SQL.80).aspx</A>. <LI>For more information about query recompilation, see "Query Recompilation in SQL Server 2000" at <A href="http://msdn2.microsoft.com/en-us/library/Aa902682(SQL.80).aspx">http://msdn2.microsoft.com/en-us/library/Aa902682(SQL.80).aspx</A>. <LI>For more information about troubleshooting slow-running queries, see Knowledge Base article 243589, "HOW TO: Troubleshoot Slow-Running Queries on SQL Server 7.0 or Later," at <A href="http://support.microsoft.com/default.aspx?scid=kb;en-us;243589">http://support.microsoft.com/default.aspx?scid=kb;en-us;243589</A>.</LI></UL>]]></content></guidanceItem>