﻿<?xml version="1.0" encoding="utf-8"?><guidanceItem id="05cc7156-0b4b-488b-9255-92a27627ada3" type="checklist" title="Use output caching to cache relatively static pages." cssFile="guidance.css" Date="2007-12-18T21:45:08.077Z" Author="J.D. Meier, Srinath Vasireddy, Ashish Babbar, John Allen and Alex Mackman" Category="Caching" filePath="..\Libraries\patterns &amp; practices Library\Checklist Item\05cc7156-0b4b-488b-9255-92a27627ada3.xml" Priority="2" Rule_Type="Implementation" Source="patterns &amp; practices Library" Status="Beta" Technology="ASP.NET 1.1" Topic="Performance" Type="Checklist Item" xmlns="urn:microsoft:guidanceexplorer:guidanceItem"><content><![CDATA[<H1>Applies to</H1><UL><LI><DIV>ASP.NET 1.1</DIV></LI></UL><H1>What to Check For</H1><P>Check to ensure that your application uses output caching to cache relatively static pages.</P><H1>How to Check</H1><P>If your page is relatively static across multiple user requests, consider using page output caching to cache the entire page for a specified duration. You specify the duration based on the nature of the data on the page. A dynamic page does not always have to be rebuilt for every request just because it is a dynamic page. For example, you might be able to cache Web-based reports that are expensive to generate for a defined period. Caching dynamic pages for even a minute or two can increase performance drastically on high volume pages.</P><P>If you need to remove an item from the cache instead of waiting until the item expires, you can use the <B>HttpResponse.RemoveOutputCacheItem </B>method. This method accepts an absolute path to the page that you want to remove as shown in the following code fragment.</P><DIV><PRE>HttpResponse.RemoveOutputCacheItem("/Test/Test.aspx");</PRE></DIV><P>The caveat here is that this is specific to a server, because the cache is not shared across a Web farm. Also, it cannot be used from a user control.</P><BLOCKQUOTE><P><B>Note&nbsp;&nbsp;&nbsp;</B>The next version of ASP.NET (code-named "Whidbey") is likely to support a database cache dependency. If it is implemented, this database cache dependency will allow you to remove items from the cache when data changes in the database.</P></BLOCKQUOTE><H1>Additional Resources</H1><P><UL><LI>For more information about programmatic caching, see "Using Programmatic Caching" in "Understanding Caching Technologies" of the <I>Caching Architecture Guide for .NET Framework Applications</I> at <A href="http://msdn.microsoft.com/library/en-us/dnbda/html/cachingarchch2.asp">http://msdn.microsoft.com/library/en-us/dnbda/html/CachingArchch2.asp</A>.&nbsp;</LI></UL><P></P>]]></content></guidanceItem>