﻿<?xml version="1.0" encoding="utf-8"?><guidanceItem id="05d5087a-1fe7-4242-8c71-884cb555a181" type="checklist" title="Use caching." cssFile="guidance.css" Date="2007-12-14T00:21:58.433Z" Author="J.D. Meier, Alex Mackman, Blaine Wastell, Prashant Bansode, Andy Wigley, Kishore Gopalan" Category="Design Considerations" filePath="..\Libraries\patterns &amp; practices Library\Checklist Item\05d5087a-1fe7-4242-8c71-884cb555a181.xml" Priority="2" Rule_Type="Implementation" Source="patterns &amp; practices Library" Status="Beta" Technology="ASP.NET 2.0" Topic="Performance" Type="Checklist Item" xmlns="urn:microsoft:guidanceexplorer:guidanceItem"><content><![CDATA[<H1>Applies to</H1><UL><LI><DIV>ASP.NET 2.0</DIV></LI></UL><H1>What to Check For</H1><P>Check to ensure that your application uses caching when designing application for better performance.</P><H1>How to Fix</H1><P>A well-designed caching strategy is probably the single most important performance-related design consideration. ASP.NET caching features include output caching, partial page caching, and the cache API. Design your application to take advantage of these features.</P><P>Caching can be used to reduce the cost of data access and rendering output. Knowing how your pages use or render data enables you to design efficient caching strategies. Caching is particularly useful when your Web application constantly relies on data from remote resources such as databases, Web services, remote application servers, and other remote resources. Applications that are database intensive may benefit from caching by reducing the load on the database and by increasing the throughput of the application. As a general rule, if caching is cheaper than the equivalent processing, you should use caching. Consider the following when you design for caching: </P><UL><LI><B>Identify data or output that is expensive to create or retrieve</B>. Caching data or output that is expensive to create or retrieve can reduce the costs of obtaining the data. Caching the data reduces the load on your database server. <LI><B>Evaluate the volatility</B>. For caching to be effective, the data or output should be static or infrequently modified. Lists of countries, states, or zip codes are some simple examples of the type of data that you might want to cache. Data or output that changes frequently is usually less suited to caching but can be manageable, depending upon the need. Caching user data is typically only recommended when you use specialized caches, such as the ASP.NET session state store. <LI><B>Evaluate the frequency of use</B>. Caching data or output that is frequently used can provide significant performance and scalability benefits. You can obtain performance and scalability benefits when you cache static or frequently modified data and output alike. For example, frequently used, expensive data that is modified on a periodic basis may still provide large performance and scalability improvements when managed correctly. If the data is used more often than it is updated, the data is a candidate for caching. <LI><B>Separate volatile data from nonvolatile data</B>. Design user controls to encapsulate static content such as navigational aids or help systems, and keep them separate from more volatile data. This permits them to be cached. Caching this data decreases the load on your server. <LI><B>Choose the right caching mechanism</B>. There are many different ways to cache data. Depending on your scenario, some are better than others. User-specific data is typically stored in the <B>Session</B> object. Static pages and some types of dynamic pages such as non-personalized pages that are served to large user sets can be cached by using the ASP.NET output cache and response caching. Static content in pages can be cached by using a combination of the output cache and user controls. The ASP.NET caching features provide a built-in mechanism to update the cache. Application state, session state, and other caching means do not provide a built-in mechanism to update the cache. </LI></UL>]]></content></guidanceItem>