﻿<?xml version="1.0" encoding="utf-8"?><guidanceItem id="05dad44c-149c-47b7-9188-bbd75dac12f7" type="checklist" title="Using Statement In C# And Try - Finally Blocks In VB.NET Is Used To Ensure Dispose Is Called" cssFile="guidance.css" Date="2007-12-14T23:14:42.18Z" Author="J.D. Meier, Srinath Vasireddy, Ashish Babbar, Rico Mariani, and Alex Mackman" Category="Finalize and Dispose" filePath="..\Libraries\patterns &amp; practices Library\Checklist Item\05dad44c-149c-47b7-9188-bbd75dac12f7.xml" Priority="2" Rule_Type="Implementation" Source="patterns &amp; practices Library" Status="Beta" Technology=".NET 1.1" Topic="Performance" Type="Checklist Item" xmlns="urn:microsoft:guidanceexplorer:guidanceItem"><content><![CDATA[<H1>Applies to</H1><UL><LI>.NET 1.1&nbsp;</LI></UL><H1>What to Check For</H1>Check that your application when working with disposable resources, use using statement in C# and&nbsp;Try / Finally in Visual Basic .NET to ensure&nbsp;Dispose on those resources are called. <H1>Why</H1>Using this guideline ensures that resources are disposed even if an exception occurs. Not disposing resources properly leads to performance degradation over time. <H1>How to Check</H1><P>Here are the steps for checking that using statement in C# and&nbsp;Try / Finally in Visual Basic .NET is&nbsp;used to ensure that dispose is called.</P><OL><LI>Identify the code sections in your application which uses disposable resources like&nbsp;&nbsp;Database connections, File handles, Message queue handles, Text reader /&nbsp;writer, Binary reader /&nbsp;writer, Crypto stream, Symmetric, Asymmetric and Hash algorithms,&nbsp;Windows Identity, Windows Impersonation Context,&nbsp;Timer, Wait Handle in case of threading, Impersonation Context, XML Reader, XML Writer and etc. <LI>Check that the disposable resources are opened and used within try block and Dispose / Close method is called on the resources in the finally block or the resources are enclosed in using statement.</LI></OL><H1>How to Fix</H1><P>The following code fragment demonstrates disposing resources in a&nbsp;finally block&nbsp;in case of Visual Basic .NET</P><PRE>Private conn As SqlConnection = New SqlConnection("...")<BR>Try   conn.Open()<BR>   ' Do some operation<BR>   ...<BR>Finally<BR>   ' Calling Dispose also calls SqlConnection.Close.<BR>    conn.Dispose()<BR> ' closing the connection<BR>End Try</PRE><P><STRONG>Note</STRONG> The Dispose method internally calls the SqlConnection.Close</P><P>If developing in C# you can use the 'using' keyword which will automatically dispose resources after their usage.</P><PRE>using(SqlConnection conn = new SqlConnection(...))&#123;<BR>   conn.Open();<BR>   ....<BR>&#125;</PRE><H1>Problem Example</H1><P>A database connection is opened and used to access data.&nbsp;If there is an exception other than SqlException or if the exception handling code itself throws an exception the database connection won't be closed. This failure to close database connections could cause the application to run out of database connection impacting application performance. </P><PRE>SqlConnection conn = new SqlConnection(...)<BR>try&#123;<BR>   conn.Open();<BR>   // do something with the connection<BR>      // close the connection<BR>   conn.Dispose();<BR>&#125;<BR>catch(SqlException ex)&#123;<BR>   // do exception handling<BR>&#125;</PRE><H1>Solution Example</H1><P>A database connection is opened and used to access data. The using keyword k will&nbsp;dispose the database connection&nbsp;whether there is exception or not,&nbsp;ensuring that&nbsp;the database connection is closed.</P><PRE>using(SqlConnection conn = new SqlConnection(...))<BR>&#123;<BR>&nbsp;&nbsp; conn.Open();<BR>&nbsp;&nbsp; // do something with the connection<BR>&nbsp;&nbsp;....<BR>&#125;</PRE><H1>Additional Resources</H1><UL><LI>For more information, see "Chapter 5 &#8212; Improving Managed Code Performance" at <A href="http://msdn.microsoft.com/library/default.asp?url=/library/en-us/dnpag/html/scalenetchapt05.asp">http://msdn.microsoft.com/library/default.asp?url=/library/en-us/dnpag/html/scalenetchapt05.asp</A> <LI>For a full list of classes that implement <B>IDisposable</B> in the .NET Framework, see "IDisposable Interface" in the <I>.NET Framework Class Library</I> on MSDN at <A href="http://msdn.microsoft.com/library/en-us/cpref/html/frlrfSystemIDisposableClassTopic.asp">http://msdn.microsoft.com/library/en-us/cpref/html/frlrfSystemIDisposableClassTopic.asp</A>. <LI>For more information see "Checklist: Managed Code Performance" at <A href="http://msdn.microsoft.com/library/default.asp?url=/library/en-us/dnpag/html/ScaleNetCheck06.asp">http://msdn.microsoft.com/library/default.asp?url=/library/en-us/dnpag/html/ScaleNetCheck06.asp</A></LI></UL><H1>&nbsp;</H1>]]></content></guidanceItem>