﻿<?xml version="1.0" encoding="utf-8"?><guidanceItem id="0627ab92-181e-482a-bc2c-8eafb50bea45" type="checklist" title="The firewall is configured to support DTC traffic" cssFile="guidance.css" Date="2007-12-18T18:34:35.087Z" Author="J.D. Meier, Alex Mackman, Michael Dunner, Srinath Vasireddy, Ray Escamilla and Anandha Murukan" Category="Deployment Considerations" filePath="..\Libraries\patterns &amp; practices Library\Checklist Item\0627ab92-181e-482a-bc2c-8eafb50bea45.xml" Priority="2" Rule_Type="Deployment" Source="patterns &amp; practices Library" Status="Beta" Technology="SQL Server 2000" Topic="Security" Type="Checklist Item" xmlns="urn:microsoft:guidanceexplorer:guidanceItem"><content><![CDATA[<H1>Applies to</H1><UL><LI><DIV>SQL Server 2000 </DIV><LI><DIV>Windows 2000 Server</DIV><DIV></DIV></LI></UL><H1>What to Check For</H1><P>Check to ensure that the firewall is configured to support DTC traffic if required by the application.</P><P></P><H1>How to Fix</H1><P>If your applications use Enterprise Services (COM&#43;) transactions and require the services of the DTC, you may have to specifically configure the firewall that separates your Web application and database server to allow DTC traffic between separate DTC instances and between the DTC and SQL Server.</P><P>For more information about opening ports for the DTC, see Microsoft Knowledge Base article 250367, "INFO: Configuring Microsoft Distributed Transaction Coordinator (DTC) to Work Through a Firewall."</P>]]></content></guidanceItem>