﻿<?xml version="1.0" encoding="utf-8"?><guidanceItem id="06381ed3-1165-4112-8a75-fc6e189d3329" type="checklist" title="Address historical and reporting data" cssFile="guidance.css" Date="2007-12-18T18:08:34.043Z" Author="J.D. Meier, Srinath Vasireddy, Ashish Babbar, Sharon Bjeletich and Alex Mackman" Category="Scale Up vs. Scale Out" filePath="..\Libraries\patterns &amp; practices Library\Checklist Item\06381ed3-1165-4112-8a75-fc6e189d3329.xml" Priority="2" Rule_Type="Implementation" Source="patterns &amp; practices Library" Status="Beta" Technology="SQL Server 2000" Topic="Performance" Type="Checklist Item" xmlns="urn:microsoft:guidanceexplorer:guidanceItem"><content><![CDATA[<H1>Applies to</H1><UL><LI><DIV>SQL Server 2000</DIV></LI></UL><H1>What to Check For</H1><P>Check to ensure that your application&nbsp;addresses historical and reporting data.</P><H1>How to Check</H1><P>Historical data may become very large over time and may cause long-running queries. Consider partitioning historical data by some range, and implement a way to limit older data. Either move the older data offline, or implement a separate data warehouse that contains the older data.</P><P>Reporting needs may also be very resource intensive. You may consider upgrading your database server or scaling out to meet your reporting needs. By implementing a data warehouse or a reporting server, you may be able to provide faster response times and less resource contention. Additionally, a data warehouse or a reporting server is easier to manage than multiple servers in a federated server scheme.</P><H1>Additional Resources</H1><UL><LI>For more information about how to partition historical data, see "<A href="ruledisplay:41f6b257-1be8-43de-987c-d9a5afd1f3a9">Partition tables vertically and horizontally".</A></LI></UL>]]></content></guidanceItem>