﻿<?xml version="1.0" encoding="utf-8"?><guidanceItem id="06480bc9-1406-40eb-8c2c-c16ab456d136" type="checklist" title="Port ranges are defined if you use dynamic port range allocation OR static endpoint mapping is configured." cssFile="guidance.css" Date="2007-12-18T06:36:17.707Z" Author="J.D. Meier, Alex Mackman, Michael Dunner, Srinath Vasireddy, Ray Escamilla and Anandha Murukan" Category="Deployment Considerations" filePath="..\Libraries\patterns &amp; practices Library\Checklist Item\06480bc9-1406-40eb-8c2c-c16ab456d136.xml" Priority="2" Rule_Type="Deployment" Source="patterns &amp; practices Library" Status="Beta" Technology="Enterprise Services (.NET 1.1)" Topic="Security" Type="Checklist Item" xmlns="urn:microsoft:guidanceexplorer:guidanceItem"><content><![CDATA[<H1>Applies to</H1><UL><LI><DIV>Enterprise Services (.NET 1.1)</DIV></LI></UL><H1>What to Check For</H1><P>Check to ensure that DCOM Ports are restricted by controlling RPC dynamic port range allocation or static endpoint mapping. </P><P></P><H1>How to Fix</H1><H3>Port Ranges</H3><P>For incoming communication, you can configure RPC dynamic port allocation to select ports within a restricted range above 1024. Then configure your firewall to confine incoming external communication to only those ports and port 135, which is the RPC endpoint mapper port.</P><P><B>To control RPC dynamic port allocation</B> <OL><LI>Start the Component Services tool. <LI>Click to expand the <B>Component Services</B> and <B>Computers</B> nodes, right-click <B>My&nbsp;Computer</B>, and then click <B>Properties</B>. <LI>Click the <B>Default Protocols</B> tab, and then select <B>Connection-oriented TCP/IP</B> in&nbsp;the <B>DCOM Protocols</B> list box. <LI>Click <B>Properties</B>. <LI>In the <B>Properties for COM Internet Services</B> dialog box, click <B>Add</B>. <LI>In the <B>Port range</B> text box, add a port range, for example 5000-5020, and then click&nbsp;<B>OK</B>. <LI>Leave the <B>Port range assignment</B> and the <B>Default dynamic port allocation</B> options set to <B>Internet range</B>. <LI>Click <B>OK</B> twice to close the dialog boxes. <LI>Restart your computer so the changes can take effect. </LI></OL><H3>Static Endpoint Mapping</H3><P>Windows&nbsp;2000 (SP3 or QFE 18.1) or Windows Server&nbsp;2003 allows you to configure Enterprise Services applications to use a static endpoint. If a firewall separates the client from the server, you only need to open two ports in the firewall. Specifically, you must open port 135 for RPC and a port for your Enterprise Services application.</P><P><B>To configure a static endpoint for DCOM</B> <OL><LI>Obtain the application ID for your Enterprise Services application from the COM&#43; catalog. To do this: <OL><LI>Start the Component Services tool. <LI>Display the <B>Properties</B> dialog box of the application, and retrieve the application ID from the <B>General</B> page. </LI></OL><LI>Start the registry editor (Regedt32.exe). <LI>Select the following registry key: <PRE><B>HKEY_CLASSES_ROOT\AppID</B></PRE><LI>From the <B>Edit</B> menu, click <B>Add Value</B>, and then add the following registry value, where &lt;CODE class=ce&gt;&#123;your AppID&#125;&lt;/CODE&gt; is the Application ID of the COM&#43; application that you obtained in step 1: <PRE>Key name: &#123;Your AppID&#125;<BR>Value name: Endpoints<BR>Data type: REG_MULTI_SZ<BR>Value data: ncacn_ip_tcp,0,&lt;port number&gt;</PRE><P>The port number that you specify in the <B>Value</B> <B>data</B> text box must be greater than 1024 and must not conflict with well-known ports that other applications on the computer use. You cannot modify the &lt;CODE class=ce&gt;ncacn_ip_tcp,0&lt;/CODE&gt; portion of this key. </P><LI>Close the registry editor.</LI></OL>]]></content></guidanceItem>