﻿<?xml version="1.0" encoding="utf-8"?><guidanceItem id="066e5d0d-59a3-4e10-abf9-fcdc99f77d06" type="checklist" title="Use CLR Spy to identify interop problems." cssFile="guidance.css" Date="2007-12-18T07:08:03.687Z" Author="J.D. Meier, Srinath Vasireddy, Ashish Babbar, and Alex Mackman" Category="Performance" filePath="..\Libraries\patterns &amp; practices Library\Checklist Item\066e5d0d-59a3-4e10-abf9-fcdc99f77d06.xml" Priority="2" Rule_Type="Implementation" Source="patterns &amp; practices Library" Status="Beta" Technology="Interop (.NET 1.1)" Topic="Performance" Type="Checklist Item" xmlns="urn:microsoft:guidanceexplorer:guidanceItem"><content><![CDATA[<H1>Applies to</H1><UL><LI><DIV>XML (.NET 1.1)</DIV></LI></UL><H1>What to Check For</H1><P>Check to ensure that your application uses CLR Spy to identify interop problems.</P><H1>How to Check</H1><P>The CLR Spy tool is also useful for monitoring the performance of your interop code in a managed application. You can download CLR Spy from the GotDotNet site at <A href="http://www.gotdotnet.com/community/usersamples/details.aspx?sampleguid=c7b955c7-231a-406c-9fa5-ad09ef3bb37f">http://www.gotdotnet.com/Community/UserSamples/Details.aspx?SampleGuid=c7b955c7-231a-406c-9fa5-ad09ef3bb37f</A>.</P>]]></content></guidanceItem>