﻿<?xml version="1.0" encoding="utf-8"?><guidanceItem id="067a66ad-5daa-4fbc-b80d-42f47412a6ea" type="checklist" title="Use Queued Components with LCE from ASP.NET." cssFile="guidance.css" Date="2007-12-18T06:46:45.74Z" Author="J.D. Meier, Srinath Vasireddy, Ashish Babbar, and Alex Mackman " Category="Queued Components" filePath="..\Libraries\patterns &amp; practices Library\Checklist Item\067a66ad-5daa-4fbc-b80d-42f47412a6ea.xml" Priority="2" Rule_Type="Implementation" Source="patterns &amp; practices Library" Status="Beta" Technology="Enterprise Services (.NET 1.1)" Topic="Performance" Type="Checklist Item" xmlns="urn:microsoft:guidanceexplorer:guidanceItem"><content><![CDATA[<H1>Applies to</H1><UL><LI><DIV>Enterprise Services (.NET 1.1)</DIV></LI></UL><H1>What to Check For</H1><P>Check to ensure that your application uses Queued Components with LCE from ASP.NET.</P><H1>How to Check</H1><P>If you want to publish events from an ASP.NET application, configure the event class as a queued component. This causes the event to be published asynchronously and does not block the main thread servicing the current ASP.NET request.</P><H1>Additional Resources</H1><UL><LI>For more information, see Microsoft Knowledge Base article 318185, "HOW TO: Use Loosely Coupled Events from Visual Studio .NET," at <A href="http://support.microsoft.com/default.aspx?scid=kb;en-us;318185">http://support.microsoft.com/default.aspx?scid=kb;en-us;318185</A>.</LI></UL>]]></content></guidanceItem>