﻿<?xml version="1.0" encoding="utf-8"?><guidanceItem id="068cc20f-cf13-46f7-b3c5-2abf19ce7d02" type="checklist" title="Determine the size of your view state." cssFile="guidance.css" Date="2007-12-18T21:35:55.733Z" Author="J.D. Meier, Srinath Vasireddy, Ashish Babbar, John Allen and Alex Mackman" Category="View State" filePath="..\Libraries\patterns &amp; practices Library\Checklist Item\068cc20f-cf13-46f7-b3c5-2abf19ce7d02.xml" Priority="2" Rule_Type="Implementation" Source="patterns &amp; practices Library" Status="Beta" Technology="ASP.NET 1.1" Topic="Performance" Type="Checklist Item" xmlns="urn:microsoft:guidanceexplorer:guidanceItem"><content><![CDATA[<H1>Applies to</H1><UL><LI><DIV>ASP.NET 1.1</DIV></LI></UL><H1>What to Check For</H1><P>Check to ensure that your application monitors the size of page's view state.</P><H1>How to Check</H1><P>By enabling tracing for the page, you can monitor the view state size for each control. The view state size for each control appears in the leftmost column in the control tree section of the trace output. Use this information as a guide to determine if there are any controls that you can reduce the amount of view state for or if there are controls that you can disable view state for.</P><H1>Additional Resources</H1><UL><LI><P>For related information, see "Taking a Bite out of ASP.NET ViewState" on MSDN at <A href="http://msdn.microsoft.com/library/en-us/dnaspnet/html/asp11222001.asp">http://msdn.microsoft.com/library/en-us/dnaspnet/html/asp11222001.asp</A>.</P></LI></UL>]]></content></guidanceItem>