﻿<?xml version="1.0" encoding="utf-8"?><guidanceItem id="06ceb723-a61c-4529-acc0-d803c3280647" type="checklist" title="Use a Least Privileged Account to Run Your WCF Service" cssFile="guidance.css" Date="2008-06-27T15:29:27.67Z" Author="J.D. Meier, Jason Taylor, Prashant Bansode, Carlos Farre, Madhu Sundararajan, Rob Boucher, Steve Gregersen" Category="Deployment Considerations" filePath="..\Libraries\patterns &amp; practices Library\Checklist Item\06ceb723-a61c-4529-acc0-d803c3280647.xml" Priority="2" Rule_Type="Deployment" Source="patterns &amp; practices Library" Status="Release" Technology="WCF 3.5" Topic="Security" Type="Checklist Item" xmlns="urn:microsoft:guidanceexplorer:guidanceItem"><content><![CDATA[<H1>Applies to</H1><UL><LI>Microsoft&#174; Windows Communication Foundation (WCF) 3.5 <LI>Microsoft Visual Studio&#174; 2008</LI></UL><H1>What to Check For</H1><P>Check to ensure that your application uses a least privileged account to run your WCF service.</P>

]]></content></guidanceItem>