﻿<?xml version="1.0" encoding="utf-8"?><guidanceItem id="06d9b340-2ccb-4a2f-bcaa-219650c0c2b3" type="checklist" title="Administration interfaces are secured (strong authentication and authorization is used)." cssFile="guidance.css" Date="2007-12-14T01:40:05.043Z" Author="J.D. Meier, Srinath Vasireddy, Ashish Babbar, John Allen and Alex Mackman" Category="Configuration" filePath="..\Libraries\patterns &amp; practices Library\Checklist Item\06d9b340-2ccb-4a2f-bcaa-219650c0c2b3.xml" Priority="2" Rule_Type="Design" Source="patterns &amp; practices Library" Status="Beta" Technology="ASP.NET 1.1" Topic="Security" Type="Checklist Item" xmlns="urn:microsoft:guidanceexplorer:guidanceItem"><content><![CDATA[<H1>Applies to</H1><UL><LI><DIV>ASP.NET 1.1</DIV></LI></UL><H1>What to Check For</H1><P>Check to ensure that your application secures administration interfaces by enforcing strong authentication.</P><H1>How to Check</H1><H3>Secure Your Administration Interfaces</H3><P>It is important that configuration management functionality is accessible only by authorized operators and administrators. A key part is to enforce strong authentication over your administration interfaces, for example, by using certificates.</P><P>If possible, limit or avoid the use of remote administration and require administrators to log on locally. If you need to support remote administration, use encrypted channels, for example, with SSL or VPN technology, because of the sensitive nature of the data passed over administrative interfaces. Also consider limiting remote administration to computers on the internal network by using IPSec policies, to further reduce risk.</P>]]></content></guidanceItem>