﻿<?xml version="1.0" encoding="utf-8"?><guidanceItem id="06da8e69-fa5e-488a-a56a-7804342792db" type="checklist" title="Reduce round trips." cssFile="guidance.css" Date="2007-12-17T05:20:17.023Z" Author="J.D. Meier, Alex Mackman, Blaine Wastell, Prashant Bansode, Chaitanya Bijwe" Category="Design Considerations" filePath="..\Libraries\patterns &amp; practices Library\Checklist Item\06da8e69-fa5e-488a-a56a-7804342792db.xml" Priority="2" Rule_Type="Implementation" Source="patterns &amp; practices Library" Status="Beta" Technology="ADO.NET 2.0" Topic="Performance" Type="Checklist Item" xmlns="urn:microsoft:guidanceexplorer:guidanceItem"><content><![CDATA[<H1>Applies to</H1><UL><LI><DIV>ADO.NET 2.0</DIV></LI></UL><H1>What to Check For</H1><P>Check to ensure that your application reduce network round trips which affects performance.</P><H1>How to Check</H1><P>Network round trips are expensive and affect performance. Minimize round trips by using the following techniques: </P><UL><LI>If possible, batch SQL statements together. Failure to batch work creates additional and often unnecessary trips to the database. You can batch text SQL statements by separating them with a semicolon or by using a stored procedure. If you need to read multiple result sets, use the <B>NextResult</B> method of the <B>DataReader</B> object to access subsequent result sets. <LI>Use connection pooling to help avoid extra round trips. By reusing connections from a connection pool, you avoid the round trips that are associated with connection establishment and authentication. For more information, see "Connections" later in this chapter. <LI>Do not return results if you do not need them. If you only need to retrieve a single value, use the <B>ExecuteScalar</B> method to avoid the operations that are required to create a result set. You can also use the <B>ExecuteNonQuery</B> method when you perform data definition language (DDL) operations such as the create table operation. This also avoids the expense of creating a result set. <LI>Use caching to bring nearly static data close to the consumer instead of performing round trips for each request. </LI></UL><H2>Implicit Round Trips</H2><P>Be aware that certain operations can cause implicit round trips. Typically, any operation that extracts metadata from the database causes an implicit round trip. For example, avoid calling <B>DeriveParameters</B> if you know the parameter information in advance. It is more efficient to fill the parameters collection by setting the information explicitly. The following code sample illustrates a call that causes an implicit round trip.</P><DIV><PRE>// This causes an implicit round trip to the database<BR>SqlCommandBuilder.DeriveParameters(cmd);</PRE></DIV>]]></content></guidanceItem>