﻿<?xml version="1.0" encoding="utf-8"?><guidanceItem id="07146b52-4762-41c5-9998-0bed0f727687" type="checklist" title="Use stored procedures or parameterized queries." cssFile="guidance.css" Date="2007-12-18T18:46:46.56Z" Author="J.D. Meier, Srinath Vasireddy, Ashish Babbar, Sharon Bjeletich and Alex Mackman" Category="Execution Plan" filePath="..\Libraries\patterns &amp; practices Library\Checklist Item\07146b52-4762-41c5-9998-0bed0f727687.xml" Priority="2" Rule_Type="Implementation" Source="patterns &amp; practices Library" Status="Beta" Technology="SQL Server 2000" Topic="Performance" Type="Checklist Item" xmlns="urn:microsoft:guidanceexplorer:guidanceItem"><content><![CDATA[<H1>Applies to</H1><UL><LI><DIV>SQL Server 2000</DIV></LI></UL><H1>What to Check For</H1><P>Check to ensure that your application uses&nbsp;stored procedures or parameterized queries.</P><H1>How to Check</H1><P>The server saves execution plans for stored procedures and parameterized queries under most circumstances. This allows them to be reused on later calls.</P><H1>Additional Resources</H1><UL><LI><P>For more information about query recompilation, see "Query Recompilation in SQL Server 2000" on MSDN at <A href="http://msdn.microsoft.com/library/en-us/dnsql2k/html/sql_queryrecompilation.asp">http://msdn.microsoft.com/library/en-us/dnsql2k/html/sql_queryrecompilation.asp</A>.</P></LI></UL>]]></content></guidanceItem>