﻿<?xml version="1.0" encoding="utf-8"?><guidanceItem id="07251c8e-6f0e-4556-94f9-f3fee853110b" type="checklist" title="The design identifies the identities that are used to access resources across the trust boundaries" cssFile="guidance.css" Date="2007-12-14T01:47:35.02Z" Author="J.D. Meier, Srinath Vasireddy, Ashish Babbar, John Allen and Alex Mackman" Category="Authentication" filePath="..\Libraries\patterns &amp; practices Library\Checklist Item\07251c8e-6f0e-4556-94f9-f3fee853110b.xml" Priority="2" Rule_Type="Design" Source="patterns &amp; practices Library" Status="Beta" Technology="ASP.NET 1.1" Topic="Security" Type="Checklist Item" xmlns="urn:microsoft:guidanceexplorer:guidanceItem"><content><![CDATA[<H1>Applies to</H1><UL><LI><DIV>ASP.NET 1.1</DIV></LI></UL><H1>What to Check For</H1><P>Check to ensure that your application&nbsp;design identifies the identities that are used to access resources across the trust boundaries.</P>]]></content></guidanceItem>