﻿<?xml version="1.0" encoding="utf-8"?><guidanceItem id="073a7721-5767-473b-993d-9b2e192a85fc" type="checklist" title="Windows Authentication is Used Where Possible" cssFile="guidance.css" Date="2007-12-13T23:35:46.76Z" Author="J.D. Meier, Alex Mackman, Blaine Wastell, Prashant Bansode, Andy Wigley, Kishore Gopalan" Category="Windows Authentication" filePath="..\Libraries\patterns &amp; practices Library\Checklist Item\073a7721-5767-473b-993d-9b2e192a85fc.xml" Priority="2" Rule_Type="Implementation" Source="patterns &amp; practices Library" Status="Beta" Technology="ASP.NET 2.0" Topic="Security" Type="Checklist Item" xmlns="urn:microsoft:guidanceexplorer:guidanceItem"><content><![CDATA[<H1>Applies to</H1><UL><LI>ASP.NET 2.0</LI></UL><H1>What to Check For</H1><P>If your user's accounts are in Active Directory, check if your application is using Windows Authentication.</P><H1>Why</H1><P>By using Windows authentication with Active Directory, you benefit from a unified identity store, centralized account administration, enforceable account and password policies, and strong authentication that avoids sending passwords over the network. </P><H1>How to Check</H1><P>Use the following steps to check if your application is using Windows Authentication:</P><OL><LI><DIV>Check if your user accounts are stored in Active Directory.</DIV><LI><DIV>Ensure that IIS is set to disable anonymous access.</DIV><LI><DIV>Ensure that IIS is configured to use Windows-based authentication for your web application's virtual directory.</DIV><LI><DIV>Ensure&nbsp;that the <B>mode</B> attribute on the &lt;<B>authentication</B>&gt; element is set to "Windows" (the default setting) in your Web.config file.</DIV></LI></OL><H1>How to Fix</H1><P>To use Windows authentication in ASP.NET, you must use Microsoft Internet Information Services (IIS) to disable anonymous access and configure a Windows-based authentication method for your Web application's virtual directory. You are generally recommended to use Windows integrated authentication, but you can also use Basic, Digest, or client certificate authentication. You must also ensure that the <B>mode</B> attribute on the &lt;<B>authentication</B>&gt; element is set to "Windows" (the default setting) in your Web.config file. </P> <H1>Additional Resources</H1><UL><LI><A href="http://msdn.microsoft.com/library/en-us/dnpag2/html/paght000025.asp">How To: Use Windows Authentication in ASP.NET 2.0</A></LI></UL><H1>Related Items</H1><UL><LI>Guideline: Choose Windows Authentication When You Can</LI></UL>]]></content></guidanceItem>