﻿<?xml version="1.0" encoding="utf-8"?><guidanceItem id="07c2fa8b-a1ed-40cb-a937-865a04483e43" type="checklist" title="Batch SQL statements to reduce round trips." cssFile="guidance.css" Date="2007-12-17T06:28:34.747Z" Author="J.D. Meier, Alex Mackman, Blaine Wastell, Prashant Bansode, Chaitanya Bijwe" Category="Commands" filePath="..\Libraries\patterns &amp; practices Library\Checklist Item\07c2fa8b-a1ed-40cb-a937-865a04483e43.xml" Priority="2" Rule_Type="Implementation" Source="patterns &amp; practices Library" Status="Beta" Technology="ADO.NET 2.0" Topic="Performance" Type="Checklist Item" xmlns="urn:microsoft:guidanceexplorer:guidanceItem"><content><![CDATA[<H1>Applies to</H1><UL><LI><DIV>ADO.NET 2.0</DIV></LI></UL><H1>What to Check For</H1><P>Check to ensure&nbsp;that your application reduces round trips by batch processing SQL statements.</P><H1>How to Check</H1><P>Batching is the process of grouping several SQL statements in one trip to the server. The syntax in the following code fragment calls a stored procedure (that groups several queries) to return multiple result sets. The code uses the <B>NextResult</B> method of the <B>DataReader</B> object to advance to the next result set. <B>NextResult</B> can be called multiple times, and it returns true when another result set exists. It returns false when there are no more result sets.</P><DIV><PRE>SqlCommand cmd = new SqlCommand();<BR>cmd.CommandText = "ReadCustomerAndOrders";<BR>// The stored procedure returns multiple result sets.<BR>SqlDataReader myReader = cmd.ExecuteReader();<BR>if (myReader.read())<BR>//... read first result setreader.NextResult();<BR>if (myReader.read())<BR>//... read</PRE></DIV><P>If you build complex SQL strings dynamically, you can use a <B>StringBuilder</B> object to reduce the performance cost of building the strings.</P><H1>Additional Resources</H1><UL><LI>You can also use stored procedures to batch SQL operations. For more information, see Knowledge Base article 311274, "HOW TO: Handle Multiple Results by Using the DataReader in Visual C# .NET," at <A href="http://support.microsoft.com/default.aspx?scid=kb;en-us;311274">http://support.microsoft.com/default.aspx?scid=kb;en-us;311274</A>.</LI></UL>]]></content></guidanceItem>