﻿<?xml version="1.0" encoding="utf-8"?><guidanceItem id="081b41d2-d98f-4c61-9ff3-5212634f86e1" type="checklist" title="Refresh your cache appropriately." cssFile="guidance.css" Date="2007-12-18T21:43:46.5Z" Author="J.D. Meier, Srinath Vasireddy, Ashish Babbar, John Allen and Alex Mackman" Category="Caching" filePath="..\Libraries\patterns &amp; practices Library\Checklist Item\081b41d2-d98f-4c61-9ff3-5212634f86e1.xml" Priority="2" Rule_Type="Implementation" Source="patterns &amp; practices Library" Status="Beta" Technology="ASP.NET 1.1" Topic="Performance" Type="Checklist Item" xmlns="urn:microsoft:guidanceexplorer:guidanceItem"><content><![CDATA[<H1>Applies to</H1><UL><LI><DIV>ASP.NET 1.1</DIV></LI></UL><H1>What to Check For</H1><P>Check that your application refreshes its cache appropriately.</P><H1>How to Check</H1><P>Just because your data updates every ten minutes does not mean that your cache needs to be updated every ten minutes. Determine how frequently you have to update the data to meet your service level agreements. Avoid repopulating caches for data that changes frequently. If your data changes frequently, that data may not be a good candidate for caching.</P><H1>Additional Resources</H1><UL><LI>For more information about programmatic caching, see "Using Programmatic Caching" in "Understanding Caching Technologies" of the <I>Caching Architecture Guide for .NET Framework Applications</I> at <A href="http://msdn.microsoft.com/library/en-us/dnbda/html/cachingarchch2.asp">http://msdn.microsoft.com/library/en-us/dnbda/html/CachingArchch2.asp</A>.</LI></UL>]]></content></guidanceItem>