﻿<?xml version="1.0" encoding="utf-8"?><guidanceItem id="0834507a-4747-455c-8099-6975806887e0" type="checklist" title="Avoid unnecessary exceptions." cssFile="guidance.css" Date="2007-12-14T00:12:05.48Z" Author="J.D. Meier, Alex Mackman, Blaine Wastell, Prashant Bansode, Andy Wigley, Kishore Gopalan" Category="Design Considerations" filePath="..\Libraries\patterns &amp; practices Library\Checklist Item\0834507a-4747-455c-8099-6975806887e0.xml" Priority="2" Rule_Type="Implementation" Source="patterns &amp; practices Library" Status="Beta" Technology="ASP.NET 2.0" Topic="Performance" Type="Checklist Item" xmlns="urn:microsoft:guidanceexplorer:guidanceItem"><content><![CDATA[<H1>Applies to</H1><UL><LI><DIV>ASP.NET 2.0</DIV></LI></UL><H1>What to Check For</H1><P>Check to ensure that your application is designed to avoid unnecessary exceptions.</P><H1>How to Fix</H1><P>Exceptions add significant overhead to your application. Do not use exceptions to control logic flow, and design your code to avoid exceptions where possible. For example, validate user input, and check for known conditions that can cause exceptions. Also, design your code to fail early to avoid unnecessary processing.</P><P>If your application does not handle an exception, it propagates up the stack and is ultimately handled by the ASP.NET exception handler. When you design your exception handling strategy, consider the following: </P><UL><LI><B>Design code to avoid exceptions</B>. Validate user input and check for known conditions that can cause exceptions. Design code to avoid exceptions. <LI><B>Avoid using exceptions to control logic flow</B>. Avoid using exception management to control regular application logic flow. <LI><B>Avoid relying on global handlers for all exceptions</B>. Exceptions cause the runtime to manipulate and walk the stack. The further the runtime traverses the stack searching for an exception handler, the more expensive the exception is to process. <LI><B>Catch and handle exceptions close to where they occur</B>. When possible, catch and handle exceptions close to where they occur. This avoids excessive and expensive stack traversal and manipulation. <LI><B>Do not catch exceptions you cannot handle</B>. If your code cannot handle an exception, use a <B>try</B>/<B>finally</B> block to ensure that you close resources, regardless of whether an exception occurs. When you use a <B>try/finally</B> block, your resources are cleaned up in the <B>finally</B> block if an exception occurs, and the exception is permitted to propagate up to an appropriate handler. <LI><B>Fail early to avoid expensive work</B>. Design your code to avoid expensive or long-running work if a dependent task fails. <LI><B>Log exception details for administrators</B>. Implement an exception logging mechanism that captures detailed information about exceptions so that administrators and developers can identify and remedy any issues. <LI><B>Avoid showing too much exception detail to users</B>. Avoid displaying detailed exception information to users, to help maintain security and to reduce the amount of data that is sent to the client. </LI></UL>]]></content></guidanceItem>