﻿<?xml version="1.0" encoding="utf-8"?><guidanceItem id="084e786e-9484-4574-8b40-0664f71d8fdc" type="checklist" title="IISLockdown has been run on the server." cssFile="guidance.css" Date="2007-12-15T00:22:35.7Z" Author="J.D. Meier, Srinath Vasireddy, Ashish Babbar, Rico Mariani, and Alex Mackman" Category="IIS Configuration" filePath="..\Libraries\patterns &amp; practices Library\Checklist Item\084e786e-9484-4574-8b40-0664f71d8fdc.xml" Priority="2" Rule_Type="Deployment" Source="patterns &amp; practices Library" Status="Beta" Technology=".NET 1.1" Topic="Security" Type="Checklist Item" xmlns="urn:microsoft:guidanceexplorer:guidanceItem"><content><![CDATA[<H1>Applies to</H1><UL><LI><DIV>.NET 1.1</DIV></LI></UL><H1>What to Check For</H1><P>Check to ensure that IISLockdown has been run on the server to reduce the server vulnerability.</P><H1>How to Fix</H1><P>IISLockdown is available as an Internet download from the Microsoft Web site at <A href="http://download.microsoft.com/download/iis50/utility/2.1/nt45xp/en-us/iislockd.exe">http://download.microsoft.com/download/iis50/Utility/2.1/NT45XP/EN-US/iislockd.exe</A>.</P><P>Save IISlockd.exe in a local folder. IISlockd.exe is the IISLockdown wizard and not an installation program. You can reverse any changes made by IISLockdown by running IISlockd.exe a second time.</P><P>If you are locking down a Windows&nbsp;2000-based computer that hosts ASP.NET pages, select the Dynamic Web server template when the IISLockdown tool prompts you. When you select Dynamic Web server, IISLockdown does the following: </P><UL><LI>It disables the following insecure Internet services: <UL><LI>File Transfer Protocol (FTP) <LI>E-mail service (SMTP) <LI>News service (NNTP) </LI></UL><LI>It disables script mappings by mapping the following file extensions to the 404.dll: <UL><LI>Index Server <LI>Web Interface (.idq, .htw, .ida) <LI>Server-side include files (.shtml, .shtm, .stm) <LI>Internet Data Connector (.idc) <LI>.HTR scripting (.htr), Internet printing (.printer) </LI></UL><LI>It removes the following virtual directories: IIS Samples, MSADC, IISHelp, Scripts, and IISAdmin. <LI>It restricts anonymous access to system utilities as well as the ability to write to Web content directories using Web permissions. <LI>It disables Web Distributed Authoring and Versioning (WebDAV). <LI>It installs the URLScan ISAPI filter. </LI></UL><BLOCKQUOTE><B><B>Note</B>&nbsp;&nbsp;&nbsp;</B>If you are not using classic ASP, do not use the static Web server template. This template removes basic functionality that ASP.NET pages need, such as support for the <B>POST</B> command.</BLOCKQUOTE><H3>Log Files</H3><P>IISLockdown creates two reports that list the changes it has applied: </P><UL><LI>&#37;windir&#37;\system32\inetsrv\oblt-rep.log. This contains high-level information. <LI>&#37;windir&#37;\system32\inetsrv\oblt-log.log. This contains low-level details such as which program files are configured with a deny access control entry (ACE) to prevent anonymous Internet user accounts from accessing them. This log file is also used to support the IISLockdown Undo Changes feature. </LI></UL><H3>Web Anonymous Users and Web Application Groups</H3><P>IISLockdown creates the <B>Web Anonymous Users</B> group and the <B>Web Application</B> group. The <B>Web Anonymous Users</B> group contains the IUSR_MACHINE account. The <B>Web Application</B> group contains the IWAM_MACHINE account. Permissions are assigned to system tools and content directories based on these groups and not directly to the IUSR and IWAM accounts. You can review specific permissions by viewing the IISLockdown log, &#37;windir&#37;\system32\inetsrv\oblt-log.log.</P><H3>The 404.dll</H3><P>IISLockdown installs the 404.dll, to which you can map file extensions that must not be run by the client. For more information, see "<A href="http://msdn2.microsoft.com/en-us/library/aa302432.aspx#c16618429_020">Step 12. Script Mappings</A>."</P><H3>URLScan</H3><P>If you install the URLScan ISAPI filter as part of IISLockdown, URLScan settings are integrated with the server role you select when running IISLockdown. For example, if you select a static Web server, URLScan blocks the <B>POST</B> command.</P><H3>Reversing IISLockdown Changes</H3><P>To reverse the changes that IISLockdown performs, run IISLockd.exe a second time. This does not remove the URLScan ISAPI filter. For more information, see "Removing URLScan" in the next topic.&nbsp;</P><H1>Additional Resources</H1><P>See the following articles for more information about the IISLockdown tool: </P><UL><LI>For more information on running IISLockdown, see "How To: Use IISLockdown.exe" . <LI>For information on troubleshooting IISLockdown, see Microsoft Knowledge Base article 325864, "How To: Install and Use the IIS Lockdown Wizard." (The most common problem is receiving unexpected "404 File Not Found" error messages after running IISLockdown.) <LI>For information on automating IISLockdown, see Microsoft Knowledge Base article 310725, "How To: Run the IIS Lockdown Wizard Unattended in IIS."</LI></UL>]]></content></guidanceItem>