﻿<?xml version="1.0" encoding="utf-8"?><guidanceItem id="086dbc48-d874-42cb-87e6-194282c2cffa" type="checklist" title="Caller cannot influence dynamically generated code " cssFile="guidance.css" Date="2007-12-14T23:52:42.86Z" Author="J.D. Meier, Srinath Vasireddy, Ashish Babbar, Rico Mariani, and Alex Mackman" Category="Reflection" filePath="..\Libraries\patterns &amp; practices Library\Checklist Item\086dbc48-d874-42cb-87e6-194282c2cffa.xml" Priority="2" Rule_Type="Implementation" Source="patterns &amp; practices Library" Status="Beta" Technology=".NET 1.1" Topic="Security" Type="Checklist Item" xmlns="urn:microsoft:guidanceexplorer:guidanceItem"><content><![CDATA[<H1>Applies to</H1><UL><LI><DIV>.NET 1.1</DIV></LI></UL><H1>What to Check For</H1><P>Check to ensure that if your assemblies dynamically generate code to perform operations for a caller,&nbsp;the caller is in no way able to influence the code that is generated. This issue is more significant if the caller operates at a lower trust level than the assembly that generates code.</P>]]></content></guidanceItem>