﻿<?xml version="1.0" encoding="utf-8"?><guidanceItem id="0870718d-ca7b-45cc-9f39-35875e75ac82" type="checklist" title="If non-repudiation is important, consider setting SuppressAuditFailure property to false" cssFile="guidance.css" Date="2008-06-27T15:26:12.39Z" Author="J.D. Meier, Jason Taylor, Prashant Bansode, Carlos Farre, Madhu Sundararajan, Rob Boucher, Steve Gregersen" Category="Auditing and Logging" filePath="..\Libraries\patterns &amp; practices Library\Checklist Item\0870718d-ca7b-45cc-9f39-35875e75ac82.xml" Priority="2" Rule_Type="Implementation" Source="patterns &amp; practices Library" Status="Release" Technology="WCF 3.5" Topic="Security" Type="Checklist Item" xmlns="urn:microsoft:guidanceexplorer:guidanceItem"><content><![CDATA[<H1>Applies to</H1><UL><LI>Microsoft&#174; Windows Communication Foundation (WCF) 3.5 <LI>Microsoft Visual Studio&#174; 2008</LI></UL><H1>What to Check For</H1><P>Check to ensure that your service considers setting <STRONG>SuppressAuditFailure</STRONG> property to <STRONG>false</STRONG>, if non-repudiation is important.</P>

]]></content></guidanceItem>