﻿<?xml version="1.0" encoding="utf-8"?><guidanceItem id="0896fe07-ed81-44f4-b01a-c9a907156a7a" type="checklist" title="Regular backups are performed." cssFile="guidance.css" Date="2007-12-18T18:32:43.447Z" Author="J.D. Meier, Alex Mackman, Michael Dunner, Srinath Vasireddy, Ray Escamilla and Anandha Murukan" Category="Deployment Considerations" filePath="..\Libraries\patterns &amp; practices Library\Checklist Item\0896fe07-ed81-44f4-b01a-c9a907156a7a.xml" Priority="2" Rule_Type="Deployment" Source="patterns &amp; practices Library" Status="Beta" Technology="SQL Server 2000" Topic="Security" Type="Checklist Item" xmlns="urn:microsoft:guidanceexplorer:guidanceItem"><content><![CDATA[<H1>Applies to</H1><UL><LI><DIV>SQL Server 2000 </DIV><LI><DIV>Windows 2000 Server</DIV><DIV></DIV></LI></UL><H1>What to Check For</H1><P>Check to ensure that regular backups are performed to restore data in the event of a compromise.</P><P></P><H1>How to Fix</H1><P>If you have a recovery system in place, test it before you actually need it. The first time you need to recover data should not be the first time you test your backup and restore process. </P><H1>Additional Resources</H1><P>For more information on backing up and restoring SQL Server, see the following resources: </P><UL><LI>SQL Server 2000 documentation, "Backing Up and Restoring Databases" <LI>"Backup and Restore Strategies with SQL Server 2000," by Rudy Lee Martinez, <A onclick="javascript:Track('ctl00_LibFrame_ctl03&#124;ctl00_LibFrame_ctl30',this);" href="http://www1.us.dell.com/content/topics/global.aspx/power/en/ps4q00_martin?c=us&amp;cs=555&amp;l=en&amp;s=biz">http://www1.us.dell.com/content/topics/global.aspx/power/en/ps4q00_martin?c=us&amp;cs=555&amp;l=en&amp;s=biz</A></LI></UL>]]></content></guidanceItem>