﻿<?xml version="1.0" encoding="utf-8"?><guidanceItem id="08c3dc79-f5cb-4fbc-96ef-cb989aca88bc" type="checklist" title="For communication between servers, IPSec is used when secure server-to-server communication is required. " cssFile="guidance.css" Date="2007-12-14T00:10:31.557Z" Author="J.D. Meier, Alex Mackman, Blaine Wastell, Prashant Bansode, Andy Wigley, Kishore Gopalan" Category="Communication" filePath="..\Libraries\patterns &amp; practices Library\Checklist Item\08c3dc79-f5cb-4fbc-96ef-cb989aca88bc.xml" Priority="2" Rule_Type="Implementation" Source="patterns &amp; practices Library" Status="Beta" Technology="ASP.NET 2.0" Topic="Security" Type="Checklist Item" xmlns="urn:microsoft:guidanceexplorer:guidanceItem"><content><![CDATA[<H1>Applies to</H1><UL><LI><DIV>ASP.NET 2.0</DIV></LI></UL><H1>What to Check For</H1><P>Check to ensure that IPSec is used when secure server-to-server communication is required.</P><P></P><H1>How to Fix</H1><P>If your servers are not inside a physically secure data center where the network eavesdropping threat is considered insignificant, you need to use an encrypted communication channel to protect data sent between servers. SSL and IPSec can both be used to help protect communication between servers by encrypting traffic. Use SSL when you need granular channel protection for a particular application instead of for all applications and services running on a computer. </P>]]></content></guidanceItem>