﻿<?xml version="1.0" encoding="utf-8"?><guidanceItem id="08cd04fe-a8db-4b4c-af3d-c9ba4cb1d2cc" type="checklist" title="The input validation strategy that the application adopted is modular and consistent." cssFile="guidance.css" Date="2007-12-18T21:54:01.643Z" Author="J.D. Meier, Srinath Vasireddy, Ashish Babbar, John Allen and Alex Mackman" Category="Input and Data Validation" filePath="..\Libraries\patterns &amp; practices Library\Checklist Item\08cd04fe-a8db-4b4c-af3d-c9ba4cb1d2cc.xml" Priority="2" Rule_Type="Design" Source="patterns &amp; practices Library" Status="Beta" Technology="ASP.NET 1.1" Topic="Security" Type="Checklist Item" xmlns="urn:microsoft:guidanceexplorer:guidanceItem"><content><![CDATA[<H1>Applies to</H1><UL><LI><DIV>ASP.NET 1.1</DIV></LI></UL><H1>What to Check For</H1><P>Check to ensure that your application adapts to a modular and consistent input validation strategy.</P>]]></content></guidanceItem>