﻿<?xml version="1.0" encoding="utf-8"?><guidanceItem id="08f85694-4945-46b2-996d-78c9ce446829" type="checklist" title="Strong password policies are implemented for authentication" cssFile="guidance.css" Date="2007-12-14T01:43:32.793Z" Author="J.D. Meier, Srinath Vasireddy, Ashish Babbar, John Allen and Alex Mackman" Category="Authentication" filePath="..\Libraries\patterns &amp; practices Library\Checklist Item\08f85694-4945-46b2-996d-78c9ce446829.xml" Priority="2" Rule_Type="Implementation" Source="patterns &amp; practices Library" Status="Beta" Technology="ASP.NET 1.1" Topic="Security" Type="Checklist Item" xmlns="urn:microsoft:guidanceexplorer:guidanceItem"><content><![CDATA[<H1>Applies to</H1><UL><LI><DIV>ASP.NET 1.1</DIV></LI></UL><H1>What to Check For</H1><P>Check to ensure that Strong password policies are implemented for authentication.</P><H1>How to Check</H1><P>Use regular expressions to ensure that user passwords conform to strong password guidelines. The following regular expression can be used to ensure that passwords are between 8 and 10 characters in length and contain a mixture of uppercase, lowercase, numeric, and special characters. This further mitigates the dictionary attack risk.</P><DIV><PRE>private bool IsStrongPassword( string password )&#123;return Regex.IsMatch(password, &#64;"&#94;(?=.&#42;\d)(?=.&#42;&#91;a-z&#93;)(?=.&#42;&#91;A-Z&#93;).&#123;8,10&#125;&#36;");&#125;</PRE></DIV><BLOCKQUOTE><B>Note</B>&nbsp;&nbsp;&nbsp;When using the Membership feature in ASP.NET 2.0 for Forms authentication, you can configure the membership providers for password strengths. For more information on using the Membership feature in ASP.NET 2.0, see "<A onclick="javascript:Track('ctl00_LibFrame_ctl03&#124;ctl00_LibFrame_ctl48',this);" href="http://msdn.microsoft.com/library/en-us/dnpag2/html/paght000022.asp">How To: Use Membership in ASP.NET 2.0</A>."</BLOCKQUOTE>]]></content></guidanceItem>