﻿<?xml version="1.0" encoding="utf-8"?><guidanceItem id="090c6d6e-1a6f-426a-8ec1-917bcc0d999a" type="checklist" title="Properties are read-only unless write access is specifically required." cssFile="guidance.css" Date="2007-12-14T21:11:43.16Z" Author="J.D. Meier, Alex Mackman, Blaine Wastell, Prashant Bansode, Chaitanya Bijwe" Category="Class Design Considerations" filePath="..\Libraries\patterns &amp; practices Library\Checklist Item\090c6d6e-1a6f-426a-8ec1-917bcc0d999a.xml" Priority="2" Rule_Type="Design" Source="patterns &amp; practices Library" Status="Beta" Technology=".NET 2.0" Topic="Security" Type="Checklist Item" xmlns="urn:microsoft:guidanceexplorer:guidanceItem"><content><![CDATA[<H1>Applies to</H1><UL><LI><DIV>.NET 2.0</DIV><DIV></DIV></LI></UL><H1>What to Check For</H1><P>Check to ensure that your application does not expose the fields to caller modification unless absolutely necessary. Properties are marked read-only unless the caller needs to be able to make a modification.</P><H1>Why</H1><P>To prevent a caller from accidentally modifying a field.</P><P></P><H1>How to Fix</H1><P>Read-only properties are enforced at compile time only. When malicious code runs in a full trust environment, it could use reflection or unmanaged pointers to bypass these visibility restrictions.</P>]]></content></guidanceItem>