﻿<?xml version="1.0" encoding="utf-8"?><guidanceItem id="09358471-5111-4c27-b0a3-30882fdf7f14" type="checklist" title="Secrets are not stored in code." cssFile="guidance.css" Date="2007-12-18T22:04:25.403Z" Author="J.D. Meier, Srinath Vasireddy, Ashish Babbar, John Allen and Alex Mackman" Category="Sensitive Data" filePath="..\Libraries\patterns &amp; practices Library\Checklist Item\09358471-5111-4c27-b0a3-30882fdf7f14.xml" Priority="2" Rule_Type="Design" Source="patterns &amp; practices Library" Status="Beta" Technology="ASP.NET 1.1" Topic="Security" Type="Checklist Item" xmlns="urn:microsoft:guidanceexplorer:guidanceItem"><content><![CDATA[<H1>Applies to</H1><UL><LI><DIV>ASP.NET 1.1</DIV></LI></UL><H1>What to Check For</H1><P>Check to ensure that your application&nbsp;does not store any&nbsp;secrets in the&nbsp;code.</P><H1>How to Check</H1><P>Do not hard code secrets in code. Even if the source code is not exposed on the Web server, it is possible to extract string constants from compiled executable files. A configuration vulnerability may allow an attacker to retrieve the executable.</P>]]></content></guidanceItem>