﻿<?xml version="1.0" encoding="utf-8"?><guidanceItem id="094af5c4-6d87-4626-b983-73190c452aa7" type="checklist" title="Dispose methods are synchronized." cssFile="guidance.css" Date="2007-12-14T21:16:25.747Z" Author="J.D. Meier, Alex Mackman, Blaine Wastell, Prashant Bansode, Chaitanya Bijwe" Category="Threading" filePath="..\Libraries\patterns &amp; practices Library\Checklist Item\094af5c4-6d87-4626-b983-73190c452aa7.xml" Priority="2" Rule_Type="Implementation" Source="patterns &amp; practices Library" Status="Beta" Technology=".NET 2.0" Topic="Security" Type="Checklist Item" xmlns="urn:microsoft:guidanceexplorer:guidanceItem"><content><![CDATA[<H1>Applies to</H1><UL><LI><DIV>.NET 2.0</DIV><DIV></DIV></LI></UL><H1>What to Check For</H1><P>Check to ensure that the dispose methods are synchronized when&nbsp;developing non-synchronized <B>Dispose</B> implementations in your application.</P><P></P><H1>How to Fix</H1><P>If you develop non-synchronized <B>Dispose</B> implementations, the <B>Dispose</B> code could be called more than once on separate threads. The following code shows an example of this.</P><DIV><PRE>void Dispose()&#123;<BR>  if (null &#33;= theObject)<BR>  &#123;<BR>    ReleaseResources(theObject);<BR>    theObject = null;<BR>  &#125;<BR>&#125;</PRE></DIV><P>In this example, it is possible for two threads to execute the code before the first thread has set <B>theObject</B> reference to <B>null</B>. Depending on the functionality provided by the <B>ReleaseResources</B> method, security vulnerabilities could occur.</P>]]></content></guidanceItem>