﻿<?xml version="1.0" encoding="utf-8"?><guidanceItem id="0aeb7cc0-6cee-4641-a400-9a8f178ccf73" type="checklist" title="Clients are forced to authenticate on each call (unsafeAuthenticatedConnectionSharing is set to &quot;false&quot;)." cssFile="guidance.css" Date="2007-12-18T20:50:02.997Z" Author="J.D. Meier, Alex Mackman, Michael Dunner, Srinath Vasireddy, Ray Escamilla and Anandha Murukan" Category="Authentication" filePath="..\Libraries\patterns &amp; practices Library\Checklist Item\0aeb7cc0-6cee-4641-a400-9a8f178ccf73.xml" Priority="2" Rule_Type="Implementation" Source="patterns &amp; practices Library" Status="Beta" Technology="Remoting (.NET 1.1)" Topic="Security" Type="Checklist Item" xmlns="urn:microsoft:guidanceexplorer:guidanceItem"><content><![CDATA[<H1>Applies to</H1><UL><LI><DIV>Remoting (.NET 1.1)</DIV></LI></UL><H1>What to Check For</H1><P>Check to ensure that your Clients are forced to authenticate on each call by setting unsafeAuthenticatedConnectionSharing attribute to&nbsp;"false".</P><H1>How to Check</H1><P>Set <B>unsafeAuthenticatedConnectionSharing</B> to <B>false</B> so that clients are not able to supply their own credentials and connection group name to the server.</P><P>If you set it to <B>true</B>, unauthenticated clients can possibly authenticate to the server using the credentials of a previously authenticated client. This setting is ignored if the <B>useAuthenticatedConnectionSharing</B> property is set to <B>true</B>. This setting has some performance implications since it closes each connection with the server, which means that clients must authenticate with each call. If you use this setting, you should also specify a <B>ConnectionGroupName</B> for each user that uses the connection.</P><PRE>&lt;channel ref="http client" unsafeAuthenticatedConnectionSharing="false" &gt;</PRE><P>This feature only works with the <B>HttpChannel</B> on version 1.1 of the .NET Framework.</P><P></P>]]></content></guidanceItem>