﻿<?xml version="1.0" encoding="utf-8"?><guidanceItem id="0afa4295-5f2e-484b-9e57-a3eaa164cbd5" type="checklist" title="If required, a custom channel sink is used to perform logging on the client and the server." cssFile="guidance.css" Date="2007-12-18T20:50:05.99Z" Author="J.D. Meier, Alex Mackman, Michael Dunner, Srinath Vasireddy, Ray Escamilla and Anandha Murukan" Category="Auditing and Logging" filePath="..\Libraries\patterns &amp; practices Library\Checklist Item\0afa4295-5f2e-484b-9e57-a3eaa164cbd5.xml" Priority="2" Rule_Type="Implementation" Source="patterns &amp; practices Library" Status="Beta" Technology="Remoting (.NET 1.1)" Topic="Security" Type="Checklist Item" xmlns="urn:microsoft:guidanceexplorer:guidanceItem"><content><![CDATA[<H1>Applies to</H1><UL><LI><DIV>Remoting (.NET 1.1)</DIV></LI></UL><H1>What to Check For</H1><P>Check to ensure that a custom channel sink is implemented to perform client-side and/or server-side auditing. </P>]]></content></guidanceItem>