﻿<?xml version="1.0" encoding="utf-8"?><guidanceItem id="0b117b4a-27d6-4388-b923-220a78849bb1" type="checklist" title="Use blittable types where possible." cssFile="guidance.css" Date="2007-12-18T07:11:32.747Z" Author="J.D. Meier, Srinath Vasireddy, Ashish Babbar, and Alex Mackman" Category="Marshaling" filePath="..\Libraries\patterns &amp; practices Library\Checklist Item\0b117b4a-27d6-4388-b923-220a78849bb1.xml" Priority="2" Rule_Type="Implementation" Source="patterns &amp; practices Library" Status="Beta" Technology="Interop (.NET 1.1)" Topic="Performance" Type="Checklist Item" xmlns="urn:microsoft:guidanceexplorer:guidanceItem"><content><![CDATA[<H1>Applies to</H1><UL><LI><DIV>XML (.NET 1.1)</DIV></LI></UL><H1>What to Check For</H1><P>Check to ensure that your application uses blittable types where possible.</P><H1>How to Check</H1><P>Instances of certain types are represented differently in managed code than they are in unmanaged code. These types are known as non-blittable types and require marshaling as they are passed back and forth between managed and unmanaged code. Instances of other types have the same in-memory representation in both managed code and unmanaged code. These types are known as blittable types and do not require conversion as they are passed back and forth. Therefore, the use of blittable parameter types in interop calls requires fewer processing cycles for types conversion than the use of non-blittable parameter types.</P><P>If you have the option of choosing what types will be used in an interface, use blittable types. For example, when you are designing interfaces for code that will be called through P/Invoke, try to use blittable data types, such as <B>Byte</B>, <B>SByte</B>, <B>Int32</B>, <B>Int64</B>, and <B>IntPtr</B>.</P><P>Tables 1 and 2 list commonly used blittable and non-blittable types.</P><P><B>Table 1: Blittable Types</B></P><DIV><TABLE><TBODY><TR><TD><B>Single</B></TD></TR><TR><TD><B>Double</B></TD></TR><TR><TD><B>SByte</B></TD></TR><TR><TD><B>Int16</B></TD></TR><TR><TD><B>Uint16</B></TD></TR><TR><TD><B>Int32</B></TD></TR><TR><TD><B>Uint32</B></TD></TR><TR><TD><B>Int64</B></TD></TR><TR><TD><B>Uint64</B></TD></TR><TR><TD><B>IntPtr</B></TD></TR><TR><TD><B>UintPtr</B></TD></TR><TR><TD>Formatted types containing only blittable types</TD></TR><TR><TD>Single-dimensional array of blittable types</TD></TR></TBODY></TABLE></DIV><P><B>Table 2: Non-Blittable Types</B></P><DIV><TABLE><TBODY><TR><TD><B>Char</B></TD></TR><TR><TD><B>String</B></TD></TR><TR><TD><B>Object</B></TD></TR><TR><TD><B>Boolean</B></TD></TR><TR><TD>Single-dimensional array of non-blittable types</TD></TR><TR><TD>Multi-dimensional array of non-blittable types</TD></TR></TBODY></TABLE></DIV><H1>Additional Resources</H1><UL><LI>For more information about using blittable versus non-blittable types, see "Blittable and Non-Blittable Types" in the <I>.NET Framework Developer's Guide</I> on MSDN at <A href="http://msdn2.microsoft.com/en-us/library/75dwhxf7(vs.71).aspx">http://msdn2.microsoft.com/en-us/library/75dwhxf7(vs.71).aspx</A>.</LI></UL>]]></content></guidanceItem>