﻿<?xml version="1.0" encoding="utf-8"?><guidanceItem id="0b48213c-b0c3-4f15-9d6f-7e310fff6c19" type="checklist" title="Configuration stores are secured." cssFile="guidance.css" Date="2007-12-14T01:39:56.65Z" Author="J.D. Meier, Srinath Vasireddy, Ashish Babbar, John Allen and Alex Mackman" Category="Configuration" filePath="..\Libraries\patterns &amp; practices Library\Checklist Item\0b48213c-b0c3-4f15-9d6f-7e310fff6c19.xml" Priority="2" Rule_Type="Design" Source="patterns &amp; practices Library" Status="Beta" Technology="ASP.NET 1.1" Topic="Security" Type="Checklist Item" xmlns="urn:microsoft:guidanceexplorer:guidanceItem"><content><![CDATA[<H1>Applies to</H1><UL><LI><DIV>ASP.NET 1.1</DIV></LI></UL><H1>What to Check For</H1><P>Check to ensure that your application design&nbsp;restricts access to the stores and secures the data inside the stores.</P><H1>How to Check</H1><P>Identify the configuration stores of your application and then examine your approach to restricting access to the stores and securing the data inside the stores. </P><UL><LI><B>Is your configuration store in the Web space?</B> <P>Configuration data that is held in files in the Web space is considered less secure than data that is held outside the Web space. Host configuration mistakes or undiscovered bugs could potentially allow an attacker to retrieve and download configuration files over HTTP. </P><LI><B>Is the data in the configuration store secure?</B> <P>Make sure that key items of configuration data, such as database connection strings, encryption keys, and service account credentials, are encrypted inside the store. </P><LI><B>How is access to the configuration store restricted?</B> <P>Check that the administration interface provides the necessary authorization to ensure that only authenticated administrators can access and manipulate the data.</P></LI></UL>]]></content></guidanceItem>