﻿<?xml version="1.0" encoding="utf-8"?><guidanceItem id="0b5a1fbd-06b1-4905-bcd1-be004fca8a11" type="checklist" title="Segregate secure and non-secure content." cssFile="guidance.css" Date="2007-12-14T01:31:07.17Z" Author="J.D. Meier, Srinath Vasireddy, Ashish Babbar, John Allen and Alex Mackman" Category="Security Considerations" filePath="..\Libraries\patterns &amp; practices Library\Checklist Item\0b5a1fbd-06b1-4905-bcd1-be004fca8a11.xml" Priority="2" Rule_Type="Implementation" Source="patterns &amp; practices Library" Status="Beta" Technology="ASP.NET 1.1" Topic="Performance" Type="Checklist Item" xmlns="urn:microsoft:guidanceexplorer:guidanceItem"><content><![CDATA[<H1>Applies to</H1><UL><LI><DIV>ASP.NET 1.1</DIV></LI></UL><H1>What to Check For</H1><P>Check to ensure that your application separates secure and non-secure content.</P><H1>How to Check</H1><P>When you design the folder structure of your Web site, clearly differentiate between the publicly accessible areas and restricted areas that require authenticated access and Secure Sockets Layer (SSL). Use separate subfolders beneath the virtual root folder of your application to hold restricted pages such as forms logon pages, checkout pages, and any other pages that users transmit sensitive information to that needs to be secured by using HTTPS. By doing so, you can use HTTPS for specific pages without incurring the SSL performance overhead across your entire site.</P><H1>Additional Resources</H1><UL><LI><DIV><DIV><P>For more information about security-related performance considerations, see the following: </P><UL><LI>"Cryptographic Services" in the <I>.Net Framework Developer's Guide </I>at <A href="http://msdn.microsoft.com/library/en-us/cpguide/html/cpconcryptographicservices.asp">http://msdn.microsoft.com/library/en-us/cpguide/html/cpconcryptographicservices.asp</A> <LI>"Performance Comparison: Security Design Choices" on MSDN at <A href="http://msdn.microsoft.com/library/en-us/dnbda/html/bdadotnetarch15.asp">http://msdn.microsoft.com/library/en-us/dnbda/html/bdadotnetarch15.asp</A> </LI></UL></DIV></DIV></LI></UL>]]></content></guidanceItem>