﻿<?xml version="1.0" encoding="utf-8"?><guidanceItem id="0b7d641f-492f-4134-b577-b2c4c15fe70e" type="checklist" title="With dynamic SQL, character escaping is used to handle special input characters." cssFile="guidance.css" Date="2007-12-17T02:39:34.467Z" Author="J.D. Meier, Alex Mackman, Blaine Wastell, Prashant Bansode, Chaitanya Bijwe" Category="SQL Injection" filePath="..\Libraries\patterns &amp; practices Library\Checklist Item\0b7d641f-492f-4134-b577-b2c4c15fe70e.xml" Priority="2" Rule_Type="Implementation" Source="patterns &amp; practices Library" Status="Beta" Technology="ADO.NET 2.0" Topic="Security" Type="Checklist Item" xmlns="urn:microsoft:guidanceexplorer:guidanceItem"><content><![CDATA[<H1>Applies to</H1><UL><LI><DIV>ADO.NET 2.0</DIV></LI></UL><H1>What to Check For</H1><P>Check to ensure that when your application uses dynamic SQL, it uses character escaping&nbsp;when dealing with input characters that have special meaning to SQL Server such as the single quote character.</P><P></P><H1>How to Fix</H1><P>If you must use dynamic SQL and need to deal with input characters that have special meaning to SQL Server such as the single quote character, you need to use character escaping. This is sometimes necessary because in some situations, you may not be able to use parameterized SQL. For example, you might need to accept a table name or column name as a parameter. </P><P>Start by creating a list of known acceptable characters. Use a regular expression to reject any input that contains characters other than those defined in the list. Then, use an escape routine that inserts an escape character or character sequence in front of the special character to make it harmless. The escaping technique ensures that the character no longer has meaning to SQL Server and is considered to be normal text. The following code is an example of an escaping routine.</P><DIV><PRE>private string SafeSqlLiteral(string inputSQL)&#123;<BR>   return inputSQL.Replace("'", "''");<BR> &#125;  </PRE></DIV><P>The following example shows how to use this routine to dynamically construct a query. Notice that the dynamic SQL statement is wrapped inside single quotation marks.</P><DIV><PRE>string strSQL =<BR>   "SELECT &#42; FROM authors WHERE au_id = '" &#43;<BR>   SafeSqlLiteral(Request.QueryString("input")) &#43; "'";  </PRE></DIV><BLOCKQUOTE><B>Note</B>&nbsp;&nbsp;&nbsp;If you use parameters with dynamic SQL or stored procedures, no further effort is required to handle special characters. Special characters do not pose a problem because the parameters are strongly typed and are not treated as executable SQL.</BLOCKQUOTE>]]></content></guidanceItem>