﻿<?xml version="1.0" encoding="utf-8"?><guidanceItem id="0b81a2a4-3051-496c-8329-635b2e069d65" type="checklist" title="Use Appropriately Sized Keys" cssFile="guidance.css" Date="2008-06-27T15:29:40.123Z" Author="J.D. Meier, Jason Taylor, Prashant Bansode, Carlos Farre, Madhu Sundararajan, Rob Boucher, Steve Gregersen" Category="Sensitive Data" filePath="..\Libraries\patterns &amp; practices Library\Checklist Item\0b81a2a4-3051-496c-8329-635b2e069d65.xml" Priority="2" Rule_Type="Implementation" Source="patterns &amp; practices Library" Status="Release" Technology="WCF 3.5" Topic="Security" Type="Checklist Item" xmlns="urn:microsoft:guidanceexplorer:guidanceItem"><content><![CDATA[<H1>Applies to</H1><UL><LI>Microsoft&#174; Windows Communication Foundation (WCF) 3.5 <LI>Microsoft Visual Studio&#174; 2008</LI></UL><H1>What to Check For</H1><P>Check to ensure that your application uses appropriately sized keys.</P>

]]></content></guidanceItem>