﻿<?xml version="1.0" encoding="utf-8"?><guidanceItem id="0bfb7361-5e52-470a-93bb-e3d787ad275c" type="checklist" title="If You Need to Support Clients Over the Internet, Consider Using Message Security " cssFile="guidance.css" Date="2008-06-27T15:28:34.98Z" Author="J.D. Meier, Jason Taylor, Prashant Bansode, Carlos Farre, Madhu Sundararajan, Rob Boucher, Steve Gregersen" Category="Message Security" filePath="..\Libraries\patterns &amp; practices Library\Checklist Item\0bfb7361-5e52-470a-93bb-e3d787ad275c.xml" Priority="2" Rule_Type="Implementation" Source="patterns &amp; practices Library" Status="Release" Technology="WCF 3.5" Topic="Security" Type="Checklist Item" xmlns="urn:microsoft:guidanceexplorer:guidanceItem"><content><![CDATA[<H1>Applies to</H1><UL><LI>Microsoft&#174; Windows Communication Foundation (WCF) 3.5 <LI>Microsoft Visual Studio&#174; 2008</LI></UL><H1>What to Check For</H1><P>Check to ensure that your service&nbsp;considers using message security when it needs to support clients over the Internet.</P>

]]></content></guidanceItem>