﻿<?xml version="1.0" encoding="utf-8"?><guidanceItem id="0c317395-8ae0-4c4a-9f23-697912dd746e" type="checklist" title="Strong naming or code access security is used to restrict code access." cssFile="guidance.css" Date="2007-12-14T21:10:09.347Z" Author="J.D. Meier, Alex Mackman, Blaine Wastell, Prashant Bansode, Chaitanya Bijwe" Category="Class Design Considerations" filePath="..\Libraries\patterns &amp; practices Library\Checklist Item\0c317395-8ae0-4c4a-9f23-697912dd746e.xml" Priority="2" Rule_Type="Design" Source="patterns &amp; practices Library" Status="Beta" Technology=".NET 2.0" Topic="Security" Type="Checklist Item" xmlns="urn:microsoft:guidanceexplorer:guidanceItem"><content><![CDATA[<H1>Applies to</H1><UL><LI><DIV>.NET 2.0</DIV><DIV></DIV></LI></UL><H1>What to Check For</H1><P>Check to ensure that your application&nbsp;restricts code access by using strong naming or code access security.</P><P></P><H1>How to Fix</H1><P>Not all methods in a class are meant to be accessed by all code. In some cases, you might need to restrict methods that are are not intended for general public use, but must still be marked as public. For example, you might expose public methods that need to be accessed by specific assemblies developed by your organization, but are not intended to be accessed by others. Consider the following approaches to restricting access to your code: </P><UL><LI>Strong name your assembly, so that partially trusted callers cannot call into it. <LI>Restrict callers of your code by demanding specific or custom code access security permissions</LI></UL>]]></content></guidanceItem>