﻿<?xml version="1.0" encoding="utf-8"?><guidanceItem id="0c838ab0-bb77-4da8-88a0-1d7c0268e403" type="checklist" title="Impersonation tokens are not lost; they flow to the newly created thread." cssFile="guidance.css" Date="2007-12-14T21:16:49.25Z" Author="J.D. Meier, Alex Mackman, Blaine Wastell, Prashant Bansode, Chaitanya Bijwe" Category="Threading" filePath="..\Libraries\patterns &amp; practices Library\Checklist Item\0c838ab0-bb77-4da8-88a0-1d7c0268e403.xml" Priority="2" Rule_Type="Implementation" Source="patterns &amp; practices Library" Status="Beta" Technology=".NET 2.0" Topic="Security" Type="Checklist Item" xmlns="urn:microsoft:guidanceexplorer:guidanceItem"><content><![CDATA[<H1>Applies to</H1><UL><LI><DIV>.NET 2.0</DIV><DIV></DIV></LI></UL><H1>What to Check For</H1><P>Check to ensure that impersonation tokens does not flow to the newly created threads as it could lead to security vulnerabilities.</P><P></P><H1>How to Fix</H1><P>In .NET Framework 1.1, impersonation tokens did not automatically flow to newly created threads. This situation could lead to security vulnerabilities because new threads assume the security context of the process. In .NET Framework 2.0, by default the impersonation token still does not flow across threads, but for ASP.NET applications you can change this default behavior by configuring the ASPNET.config file in the <B>&#37;Windir&#37;Microsoft.NET\Framework\&#123;Version&#125; </B>directory.</P><P>If you need to flow the impersonation token to new threads, set the <B>enabled</B> attribute to <B>true</B> on the <B>alwaysFlowImpersonationPolicy</B> element in the ASPNET.config file, as shown in the following example.</P><DIV><PRE>&lt;configuration&gt;<BR>&nbsp; &lt;runtime&gt;<BR>&nbsp;&nbsp;&nbsp; &lt;alwaysFlowImpersonationPolicy enabled="true"/&gt;<BR>&nbsp;&nbsp;&nbsp;&nbsp; &lt;/runtime&gt;<BR>&lt;/configuration&gt;  </PRE></DIV><P>If you need to prevent impersonation tokens from being passed to new threads programmatically, you can use the <B>ExecutionContext.SuppressFlow</B> method.</P>]]></content></guidanceItem>