﻿<?xml version="1.0" encoding="utf-8"?><guidanceItem id="0c90331f-4621-4035-8be0-2fef3dd52f91" type="checklist" title="Separate, low-trust application domains are used for assemblies created with user input." cssFile="guidance.css" Date="2007-12-14T21:26:27.483Z" Author="J.D. Meier, Alex Mackman, Blaine Wastell, Prashant Bansode, Chaitanya Bijwe" Category="Reflection" filePath="..\Libraries\patterns &amp; practices Library\Checklist Item\0c90331f-4621-4035-8be0-2fef3dd52f91.xml" Priority="2" Rule_Type="Implementation" Source="patterns &amp; practices Library" Status="Beta" Technology=".NET 2.0" Topic="Security" Type="Checklist Item" xmlns="urn:microsoft:guidanceexplorer:guidanceItem"><content><![CDATA[<H1>Applies to</H1><UL><LI><DIV>.NET 2.0</DIV><DIV></DIV></LI></UL><H1>What to Check For</H1><P>Check to ensure that a separate, low-trust application domains are used for assemblies created with user input.</P>]]></content></guidanceItem>