﻿<?xml version="1.0" encoding="utf-8"?><guidanceItem id="0c9cc716-c4e2-49ea-8682-476f9aa4bc09" type="checklist" title="If SQL Server authentication is used, the credentials are secured over the network by using IPSec or SSL, or by installing a database server certificate." cssFile="guidance.css" Date="2007-12-17T07:24:04.663Z" Author="J.D. Meier, Srinath Vasireddy, Ashish Babbar, and Alex Mackman" Category="Authentication" filePath="..\Libraries\patterns &amp; practices Library\Checklist Item\0c9cc716-c4e2-49ea-8682-476f9aa4bc09.xml" Priority="2" Rule_Type="Implementation" Source="patterns &amp; practices Library" Status="Beta" Technology="ADO.NET 1.1" Topic="Security" Type="Checklist Item" xmlns="urn:microsoft:guidanceexplorer:guidanceItem"><content><![CDATA[<H1>Applies to</H1><UL><LI><DIV>ADO.NET 1.1</DIV></LI></UL><H1>What to Check For</H1><P>Check to ensure that the credentials are secured over the network by using IPSec or SSL, or by installing a database server certificate when using SQL authentication in your application.</P><H1>How to Check</H1><P>If you must use SQL authentication, be sure that the credentials are not sent over the network in clear text and encrypt the database connection string because it contains credentials.</P><P>To enable SQL Server to automatically encrypt credentials sent over the network, install a server certificate on the database server. Alternatively, use an IPSec encrypted channel between the Web and database servers to secure all traffic sent to and from the database server. To secure the connection string, use DPAPI. For more information, see "Secure Your Connection String" in the "<A href="http://msdn2.microsoft.com/en-us/library/Aa302430.aspx#c14618429_010">Configuration Management</A>" section.</P>]]></content></guidanceItem>