﻿<?xml version="1.0" encoding="utf-8"?><guidanceItem id="0cd5a346-1755-4df1-86c8-a6c524e9a958" type="checklist" title="Unmanaged code is inspected for potentially dangerous APIs." cssFile="guidance.css" Date="2007-12-14T21:35:51.793Z" Author="J.D. Meier, Alex Mackman, Blaine Wastell, Prashant Bansode, Chaitanya Bijwe" Category="Unmanaged Code" filePath="..\Libraries\patterns &amp; practices Library\Checklist Item\0cd5a346-1755-4df1-86c8-a6c524e9a958.xml" Priority="2" Rule_Type="Implementation" Source="patterns &amp; practices Library" Status="Beta" Technology=".NET 2.0" Topic="Security" Type="Checklist Item" xmlns="urn:microsoft:guidanceexplorer:guidanceItem"><content><![CDATA[<H1>Applies to</H1><UL><LI><DIV>.NET 2.0</DIV><DIV></DIV></LI></UL><H1>What to Check For</H1><P>Check to ensure that use of "dangerous" APIs by unmanaged code is closely inspected. These include LogonUser, RevertToSelf, CreateThread, Network APIs, and Sockets APIs.</P><P></P><H1>How to Fix</H1><P>If you have access to the source code for the unmanaged code that you are calling, you should subject it to a thorough code review, paying particular attention to parameter handling to make sure that buffer overflows are not possible and that it does not use potentially dangerous APIs. Dangerous APIs include: </P><UL><LI>Threading functions that switch security context. <LI>Access token functions, which can make changes to or disclose information about a security token. <LI>Credential management functions, including functions that create tokens. <LI>Crypto API functions that can decrypt and access private keys. <LI>Memory management functions that can read and write memory. <LI>LSA functions that can access system secrets. </LI></UL>]]></content></guidanceItem>