﻿<?xml version="1.0" encoding="utf-8"?><guidanceItem id="0ce3cf91-a273-4b1d-ba21-d630736d5b45" type="checklist" title="Use SQL Profiler to identify long-running queries." cssFile="guidance.css" Date="2007-12-18T18:49:33.44Z" Author="J.D. Meier, Srinath Vasireddy, Ashish Babbar, Sharon Bjeletich and Alex Mackman" Category="Queries" filePath="..\Libraries\patterns &amp; practices Library\Checklist Item\0ce3cf91-a273-4b1d-ba21-d630736d5b45.xml" Priority="2" Rule_Type="Implementation" Source="patterns &amp; practices Library" Status="Beta" Technology="SQL Server 2000" Topic="Performance" Type="Checklist Item" xmlns="urn:microsoft:guidanceexplorer:guidanceItem"><content><![CDATA[<H1>Applies to</H1><UL><LI><DIV>SQL Server 2000</DIV></LI></UL><H1>What to Check For</H1><P>Check that your application uses SQL Profiler to identify long-running queries.</P><H1>How to Check</H1><P>Use the SQL Profiler <B>SQLProfiler</B> <B>TSQL_Duration</B> template to identify queries with the longest durations. Long-running queries have the greatest potential for locking resources longer, blocking other users, and limiting scalability. They are also the best candidates for optimization. Reviewing long-running queries is a continuous process and requires representative loads to ensure effective tuning.</P><P>In some cases, using the SQL Profiler templates is somewhat limiting when you use them to measure the change in performance while you test new indexes or application design changes. SQL Profiler can become a very powerful baseline tool when you save the results of your performance test as a trace file. Trace files use the .trc extension. Beginning with SQL Server 2000, you can use these trace files to write automated reports that quantitatively measure gains in the performance of your application for certain query types that otherwise would not be grouped properly when using the template. There is the clever <B>fn_trace_gettable</B> trace reporting function. This trace function is shown in the following sample code:</P><DIV><PRE>SELECT Count(&#42;) as CountOfEvents,<BR>AVG(Duration) AS AvgDuration,<BR>SUM(Duration) AS &#91;SumDuration&#93;,<BR>SUBSTRING(TextData, 1, 30) AS &#91;Text Data&#93;<BR>FROM ::fn_trace_gettable('F:\MyTrace.trc',default)<BR>WHERE EventClass in (10,12) <BR>-- BatchCompleted,<BR>RPC Completed<BR>GROUP BY SUBSTRING(TextData, 1, 30)<BR>ORDER BY SUM(Duration) DESC</PRE></DIV><H1>Additional Resources</H1><UL><LI>For more information&nbsp;see "<A href="http://msdn2.microsoft.com/en-us/library/ms998577.aspx">Improving SQL Server Performance</A>".</LI></UL>]]></content></guidanceItem>