﻿<?xml version="1.0" encoding="utf-8"?><guidanceItem id="0d3514c4-f902-42a9-833c-f87439f06669" type="checklist" title="Remote administration of the server is secured and configured for encryption, low session time-outs, and account lockouts." cssFile="guidance.css" Date="2007-12-18T19:53:56.153Z" Author="J.D. Meier, Alex Mackman, Michael Dunner, Srinath Vasireddy, Ray Escamilla and Anandha Murukan" Category="IIS Configuration" filePath="..\Libraries\patterns &amp; practices Library\Checklist Item\0d3514c4-f902-42a9-833c-f87439f06669.xml" Priority="2" Rule_Type="Deployment" Source="patterns &amp; practices Library" Status="Beta" Technology="Web Application" Topic="Security" Type="Checklist Item" xmlns="urn:microsoft:guidanceexplorer:guidanceItem"><content><![CDATA[<H1>Applies to</H1><UL><LI><DIV>Web Application</DIV></LI></UL><H1>What to Check For</H1><P>Check to ensure that remote administration of the server is secured and configured for encryption, low session time-outs, and account lockouts.</P><P></P><H1>How to Fix</H1><P>Administrators often need to be able to administer multiple servers. Make sure the requirements of your remote administration solution do not compromise security. If you need remote administration capabilities, then the following recommendations help improve security: </P><UL><LI><B>Restrict the number of administration accounts</B>. This includes restricting the number of administration accounts as well as restricting which accounts are allowed to log on remotely. <LI><B>Restrict the tools</B>. The main options include Internet Services Manager and Terminal Services. Another option is Web administration (using the IISAdmin virtual directory), but this is not recommended and this option is removed by IISLockdown.exe. Both Internet Services Manager and Terminal Services use Windows security. The main considerations here are restricting the Windows accounts and the ports you use. <LI><B>Restrict the computers that are allowed to administer the server</B>. IPSec can be used to restrict which computers can connect to your Web server. </LI></UL>]]></content></guidanceItem>