﻿<?xml version="1.0" encoding="utf-8"?><guidanceItem id="0d3e283c-43c9-41df-bbb2-ffd2eeaf381a" type="checklist" title="A least-privileged account is used to run ASP.NET" cssFile="guidance.css" Date="2007-12-14T01:40:00.887Z" Author="J.D. Meier, Srinath Vasireddy, Ashish Babbar, John Allen and Alex Mackman" Category="Configuration" filePath="..\Libraries\patterns &amp; practices Library\Checklist Item\0d3e283c-43c9-41df-bbb2-ffd2eeaf381a.xml" Priority="2" Rule_Type="Implementation" Source="patterns &amp; practices Library" Status="Beta" Technology="ASP.NET 1.1" Topic="Security" Type="Checklist Item" xmlns="urn:microsoft:guidanceexplorer:guidanceItem"><content><![CDATA[<H1>Applies to</H1><UL><LI><DIV>ASP.NET 1.1</DIV></LI></UL><H1>What to Check For</H1><P>Check to ensure that your application runs under an account with least privileges.</P><H1>How to Check</H1><P>With IIS 5.0 running on Windows 2000, the ASPNET account is a least privileged, local account created when you install the .NET&nbsp;Framework. By default, it runs the ASP.NET worker process and the ASP.NET state service.</P><P>If you decide to run Web applications using a custom account, make sure you configure the account with minimum privileges. This reduces the risks associated with an attacker who manages to execute code using the application's security context. You must also specify the account's credentials on the <B>&lt;processModel&gt;</B> element. Make sure you do not store credentials in plaintext. Instead, use the Aspnet_setreg.exe tool to store encrypted credentials in the registry. The custom account must also be granted the appropriate NTFS permissions.</P><BLOCKQUOTE><B>Note</B>&nbsp;&nbsp;&nbsp;With IIS 6.0 running on Windows Server 2003, the Network Service account is a least privileged account. By default, this account runs the ASP.NET worker process and the ASP.NET state service.. For more information, see "<A onclick="javascript:Track('ctl00_LibFrame_ctl03&#124;ctl00_LibFrame_ctl09',this);" href="http://msdn.microsoft.com/library/en-us/dnpag2/html/paght000009.asp">How To: Create a Service Account for an ASP.NET 2.0 Application</A>."</BLOCKQUOTE>]]></content></guidanceItem>