﻿<?xml version="1.0" encoding="utf-8"?><guidanceItem id="0d4b4834-b092-4e15-8eb5-f77c63a2a802" type="checklist" title="Character encoding is set by the server" cssFile="guidance.css" Date="2007-12-18T22:00:31.427Z" Author="J.D. Meier, Srinath Vasireddy, Ashish Babbar, John Allen and Alex Mackman" Category="Input and Data Validation" filePath="..\Libraries\patterns &amp; practices Library\Checklist Item\0d4b4834-b092-4e15-8eb5-f77c63a2a802.xml" Priority="2" Rule_Type="Implementation" Source="patterns &amp; practices Library" Status="Beta" Technology="ASP.NET 1.1" Topic="Security" Type="Checklist Item" xmlns="urn:microsoft:guidanceexplorer:guidanceItem"><content><![CDATA[<H1>Applies to</H1><UL><LI><DIV>ASP.NET 1.1</DIV></LI></UL><H1>What to Check For</H1><P>Check to ensure that Character encoding is set by the server (ISO-8859-1 is recommended).</P><H1>How to Check</H1><P>To successfully restrict what data is valid for your Web pages, it is important to limit the ways in which the input data can be represented. This prevents malicious users from using canonicalization and multi-byte escape sequences to trick your input validation routines.</P><P>ASP.NET allows you to specify the character set at the page level or at the application level by using the <B>&lt;globalization&gt;</B> element in Web.config. Both approaches are shown below using the ISO-8859-1 character encoding, which is the default in early versions of HTML and&nbsp;HTTP.</P><P>To set the character encoding at the page level, use the <B>&lt;meta&gt;</B> element or the <B>ResponseEncoding</B> page-level attribute as follows:</P><DIV><PRE>&lt;meta http-equiv="Content Type"<BR>       content="text/html; charset=ISO-8859-1" /&gt;</PRE></DIV><P>OR</P><DIV><PRE>&lt;&#37; &#64; Page ResponseEncoding="ISO-8859-1" &#37;&gt;</PRE></DIV><P>To set the character encoding in Web.config, use the following configuration:</P><DIV><PRE>&lt;configuration&gt;<BR>   &lt;system.web&gt;<BR>      &lt;globalization<BR>          requestEncoding="ISO-8859-1"<BR>         responseEncoding="ISO-8859-1"/&gt;<BR>   &lt;/system.web&gt;<BR>&lt;/configuration&gt;</PRE></DIV><H3>Validating Unicode Characters</H3><P>Use the following code to validate Unicode characters in a page:</P><DIV><PRE>using System.Text.RegularExpressions;<BR>. . .<BR>private void Page_Load(object sender, System.EventArgs e)&#123;<BR>  // Name must contain between 1 and 40 alphanumeric characters<BR>  // together with (optionally) special characters '&#96;&#180; for names such<BR>  // as D'Angelo<BR>  if (&#33;Regex.IsMatch(Request.Form&#91;"name"&#93;, &#64;"&#94;&#91;\p&#123;L&#125;\p&#123;Zs&#125;\p&#123;Lu&#125;\p&#123;Ll&#125;\'&#93;&#123;1,40&#125;&#36;"))<BR>    throw new ArgumentException("Invalid name parameter");<BR>  // Use individual regular expressions to validate other parameters<BR>  . . .<BR>&#125;</PRE></DIV><P>The following explains the regular expression shown in the preceding code: </P><UL><LI><B>&#123;&lt;name&gt;&#125;</B> specifies a named Unicode character class. <LI><B>\p&#123;&lt;name&gt;&#125;</B> matches any character in the named character class specified by <B>&#123;&lt;name&gt;&#125;</B>. <LI><B>&#123;L&#125;</B> performs a left-to-right match. <LI><B>&#123;Lu&#125;</B> performs a match of uppercase. <LI><B>&#123;Ll&#125;</B> performs a match of lowercase. <LI><B>&#123;Zs&#125;</B> matches separator and space. <LI><B>&#123;1,40&#125;</B> means no less that 1 and no more than 40 characters. <LI><B>&#123;Mn&#125;</B> matches mark and non-spacing characters. <LI><B>&#123;Zs&#125;</B> matches separator and space. <LI>&#42; specifies zero or more matches. <LI><B>&#36;</B> means stop looking at this position.</LI></UL>]]></content></guidanceItem>