﻿<?xml version="1.0" encoding="utf-8"?><guidanceItem id="0d6f2ab9-aafb-4f99-8848-5d988c6690bc" type="checklist" title="Component-level access checks are enforced for all serviced components. " cssFile="guidance.css" Date="2007-12-18T06:37:48.437Z" Author="J.D. Meier, Alex Mackman, Michael Dunner, Srinath Vasireddy, Ray Escamilla and Anandha Murukan" Category="Authorization" filePath="..\Libraries\patterns &amp; practices Library\Checklist Item\0d6f2ab9-aafb-4f99-8848-5d988c6690bc.xml" Priority="2" Rule_Type="Implementation" Source="patterns &amp; practices Library" Status="Beta" Technology="Enterprise Services (.NET 1.1)" Topic="Security" Type="Checklist Item" xmlns="urn:microsoft:guidanceexplorer:guidanceItem"><content><![CDATA[<H1>Applies to</H1><UL><LI><DIV>Enterprise Services (.NET 1.1)</DIV></LI></UL><H1>What to Check For</H1><P>Check to ensure that component level access checks are automatically enabled when your component is registered.</P><H1>How to Check</H1><P>To allow individual components to perform access checks, you must enforce component level access checks. This setting is only effective if the application-wide security level is set to the process and the component level as described above. To ensure that component level access checks are automatically enabled when your component is registered, add the following attribute to your serviced component classes.</P><PRE>&#91;ComponentAccessControl(true)&#93;<BR>public class YourServicedComponent : ServicedComponent<BR>&#123;<BR>&#125;</PRE><BLOCKQUOTE><B>Note</B>&nbsp;&nbsp;&nbsp;Using this attribute is equivalent to selecting <B>Enforce component level access checks </B>on the <B>Security</B> tab of the component's <B>Properties</B> dialog box in Component Services.</BLOCKQUOTE><P></P>]]></content></guidanceItem>