﻿<?xml version="1.0" encoding="utf-8"?><guidanceItem id="0d7dc3cd-4a8c-4297-ac3d-564da9bd65f7" type="checklist" title="Consider for instead of foreach." cssFile="guidance.css" Date="2007-12-15T01:00:36.71Z" Author="J.D. Meier, Srinath Vasireddy, Ashish Babbar, Rico Mariani, and Alex Mackman" Category="Collections " filePath="..\Libraries\patterns &amp; practices Library\Checklist Item\0d7dc3cd-4a8c-4297-ac3d-564da9bd65f7.xml" Priority="2" Rule_Type="Implementation" Source="patterns &amp; practices Library" Status="Beta" Technology=".NET 1.1" Topic="Performance" Type="Checklist Item" xmlns="urn:microsoft:guidanceexplorer:guidanceItem"><content><![CDATA[<H1>Applies to</H1><UL><LI><DIV>.NET 1.1</DIV></LI></UL><H1>What to Check For</H1><P>Check to ensure that your application&nbsp;considers for instead of foreach when iterating the contents of arrays or collections.</P><H1>How to Check</H1><P>Use <B>for</B> instead of <B>foreach</B> (C#) to iterate the contents of arrays or collections in performance critical code, particularly if you do not need the protections offered by <B>foreach</B>.</P><P>Both <B>foreach</B> in C# and <B>For</B> <B>Each</B> in Visual Basic .NET use an enumerator to provide enhanced navigation through arrays and collections. As discussed earlier, typical implementations of enumerators, such as those provided by the .NET Framework, will have managed heap and virtual function overhead associated with their use.</P><P>If you can use the <B>for</B> statement to iterate over your collection, consider doing so in performance sensitive code to avoid that overhead. </P><H1>Additional Resources</H1><UL><LI>For more information about performance testing, see Chapter 5, "<A href="http://msdn2.microsoft.com/en-us/library/ms998547.aspx">Improving Managed Code Performance</A>".</LI></UL>]]></content></guidanceItem>