﻿<?xml version="1.0" encoding="utf-8"?><guidanceItem id="0d906439-cbdc-4bbd-9c9f-64c9f82ed0e6" type="checklist" title="Protected configuration is used to protect sensitive data and secrets in configuration files." cssFile="guidance.css" Date="2007-12-14T21:26:17.477Z" Author="J.D. Meier, Alex Mackman, Blaine Wastell, Prashant Bansode, Chaitanya Bijwe" Category="Sensitive Data" filePath="..\Libraries\patterns &amp; practices Library\Checklist Item\0d906439-cbdc-4bbd-9c9f-64c9f82ed0e6.xml" Priority="2" Rule_Type="Implementation" Source="patterns &amp; practices Library" Status="Beta" Technology=".NET 2.0" Topic="Security" Type="Checklist Item" xmlns="urn:microsoft:guidanceexplorer:guidanceItem"><content><![CDATA[<H1>Applies to</H1><UL><LI><DIV>.NET 2.0</DIV><DIV></DIV></LI></UL><H1>What to Check For</H1><P>Check to ensure that your application protects sensitive data and secrets in configuration files by encrypting specific sections. </P><P></P><H1>How to Fix</H1><P>Use .NET 2.0 protected configuration to protect sensitive data in configuration files. For ASP.NET Web.config files, you can use the Aspnet_regiis tool to encrypt specific sections. The sections of a Web.config file that usually contain sensitive information that you need to encrypt are the following: </P><UL><LI>&lt;<B>appSettings</B>&gt;. This section contains custom application settings. <LI>&lt;<B>connectionStrings</B>&gt;. This section contains connection strings. <LI>&lt;<B>identity</B>&gt;. This section can contain impersonation credentials. <LI>&lt;<B>sessionState</B>&gt;. The section contains the connection string for the out-of-process session state provider. </LI></UL><P>Protected configuration supports DPAPI and RSA encryption. To use the DPAPI provider with the machine key store (the default configuration) to encrypt the <B>connectionStrings</B> section, run the following command from a command prompt:</P><P><B>aspnet_regiis -pe "connectionStrings" -app "/MachineDPAPI" </B></P><P><B>-prov "DataProtectionConfigurationProvider"</B></P><P>where </P><UL><LI><B>-pe</B> specifies the configuration section to encrypt. <LI>-<B>app </B>specifies your Web application's virtual path. If your application is nested, you need to specify the nested path from the root directory, for example "/test/aspnet/MachineDPAPI" <LI><B>-prov</B> specifies the provider name. </LI></UL><P>The .NET Framework 2.0 SDK supports <B>RSAProtectedConfigurationProvider</B> and <B>DPAPIProtectedConfigurationProvider</B> protected configuration providers, which you use with the Aspnet_regiis tool. </P><UL><LI><B>RSAProtectedConfigurationProvider</B>. This is the default provider and uses the RSA public key encryption to encrypt and decrypt data. Use this provider to encrypt configuration files for use on multiple Web servers in a Web farm. <LI><B>DPAPIProtectedConfigurationProvider</B>. This provider uses DPAPI to encrypt and decrypt data. Use this provider to encrypt configuration files for use on a single Windows Server.</LI></UL><H1>Additional Resources</H1><P>For more information, see the following documents: </P><UL><LI>"How To: Encrypt Configuration Sections in ASP.NET 2.0 Using DPAPI," at <A href="http://msdn2.microsoft.com/en-us/library/ms998280.aspx">http://msdn.microsoft.com/library/en-us/dnpag2/html/PAGHT000005.asp</A>. <LI>"How To: Encrypt Configuration Sections in ASP.NET 2.0 Using RSA" at <A href="http://msdn2.microsoft.com/en-us/library/ms998283.aspx">http://msdn.microsoft.com/library/en-us/dnpag2/html/PAGHT000006.asp</A>.</LI></UL>]]></content></guidanceItem>