﻿<?xml version="1.0" encoding="utf-8"?><guidanceItem id="0db43dc9-2f5c-43a2-9ae3-a9366a6eb7d9" type="checklist" title="Use CommandBehavior.SequentialAccess for very wide rows or for rows with binary large objects (BLOBs)." cssFile="guidance.css" Date="2007-12-17T05:09:58.023Z" Author="J.D. Meier, Alex Mackman, Blaine Wastell, Prashant Bansode, Chaitanya Bijwe" Category="Commands" filePath="..\Libraries\patterns &amp; practices Library\Checklist Item\0db43dc9-2f5c-43a2-9ae3-a9366a6eb7d9.xml" Priority="2" Rule_Type="Implementation" Source="patterns &amp; practices Library" Status="Beta" Technology="ADO.NET 2.0" Topic="Performance" Type="Checklist Item" xmlns="urn:microsoft:guidanceexplorer:guidanceItem"><content><![CDATA[<H1>Applies to</H1><UL><LI><DIV>ADO.NET 2.0</DIV></LI></UL><H1>What to Check For</H1><P>Check to ensure&nbsp;that your application uses CommandBehavior.SequentialAccess for very wide rows or for rows with binary large objects (BLOBs).</P><H1>How to Check</H1><P>Use the <B>CommandBehavior.SequentialAccess</B> enumeration for very wide rows or for rows that contain binary large object (BLOB) data. This permits you to return specific bytes from the retrieved row instead of returning the entire row. Returning the entire row may consume large amounts of memory because of the BLOB data.</P><P>When you use <B>CommandBehavior.SequentialAccess</B>, the BLOB data is retrieved only when you reference it. For example, you can call the <B>GetBytes</B> method. The <B>GetBytes</B> method permits you to control the precise number of bytes that are read. The following code fragment shows how to use <B>CommandBehavior.SequentialAccess</B>.</P><DIV><PRE>SqlDataReader reader = cmd.ExecuteReader(CommandBehavior.SequentialAccess)</PRE></DIV><P>Also, if you are performing optimistic locking against a table with very wide rows or against rows that contain BLOB data, use timestamps. Use timestamps instead of comparing all the fields in the table to the original versions. Using time stamps reduces the number of arguments by a value that is equal to <I>n</I>/2&#43;1.</P><H1>Additional Resources</H1><UL><LI>For a complete sample, see "Obtaining BLOB Values from a Database" in <I>.NET Framework Developer's Guide</I> on MSDN at <A href="http://msdn.microsoft.com/library/default.asp?url=/library/en-us/cpguide/html/cpconobtainingblobvaluesfromdatabase.asp">http://msdn.microsoft.com/library/default.asp?url=/library/en-us/cpguide/html/cpconobtainingblobvaluesfromdatabase.asp</A>.</LI></UL>]]></content></guidanceItem>