﻿<?xml version="1.0" encoding="utf-8"?><guidanceItem id="0e2bb907-1876-45a1-be65-b885ee2f8f3a" type="checklist" title="LinkDemands within Interface declarations are matched by LinkDemands on the method implementation." cssFile="guidance.css" Date="2007-12-15T00:21:07.683Z" Author="J.D. Meier, Srinath Vasireddy, Ashish Babbar, Rico Mariani, and Alex Mackman" Category="Code Access Security" filePath="..\Libraries\patterns &amp; practices Library\Checklist Item\0e2bb907-1876-45a1-be65-b885ee2f8f3a.xml" Priority="2" Rule_Type="Implementation" Source="patterns &amp; practices Library" Status="Beta" Technology=".NET 1.1" Topic="Security" Type="Checklist Item" xmlns="urn:microsoft:guidanceexplorer:guidanceItem"><content><![CDATA[<H1>Applies to</H1><UL><LI><DIV>.NET 1.1</DIV></LI></UL><H1>What to Check For</H1><P>Check to ensure that LinkDemands within Interface declarations are matched by LinkDemands on the method implementation.</P><H1>How to Fix</H1><P>If your class implements an interface and one of the method implementations has a link demand, make sure that the method declaration on the interface definition has the same link demand. Otherwise, the caller simply has to call your method through the interface to bypass the link demand. An example is shown below.</P><DIV><PRE>public interface IMyInterface&#123;<BR>  // The link demand shown on the method implementation below<BR>   // should be repeated here<BR>  void Method1();<BR>&#125;<BR>public class MyImplementation : IMyInterface&#123;<BR>  // The method implementation has a link demand but the interface does not<BR>  &#91;SecurityPermission(SecurityAction.LinkDemand,<BR>             Flags=SecurityPermissionFlag.ControlPrincipal)&#93;<BR>  public void Method1()<BR>  &#123;<BR>  &#125;<BR>&#125;</PRE></DIV><P>With the following code, the caller is subject to the link demand:</P><DIV><PRE>MyImplementation t = new MyImplementation();<BR>t.Method1();</PRE></DIV><P>With the following code, the caller is not subject to the link demand:</P><DIV><PRE>IMyInterface i = new MyImplementation();<BR>i.Method1();</PRE></DIV>]]></content></guidanceItem>