﻿<?xml version="1.0" encoding="utf-8"?><guidanceItem id="0e2bf3c4-1478-4033-978f-8a4a59fc9c21" type="checklist" title="Use Distributed Transaction Coordinators (DTC) for transactions that span multiple data stores." cssFile="guidance.css" Date="2008-01-12T01:02:59.407Z" Author="J.D. Meier, Srinath Vasireddy, Ashish Babbar, and Alex Mackman" Category="Transactions" filePath="..\Libraries\patterns &amp; practices Library\Checklist Item\0e2bf3c4-1478-4033-978f-8a4a59fc9c21.xml" Priority="2" Rule_Type="Implementation" Source="patterns &amp; practices Library" Status="Beta" Technology="ADO.NET 1.1" Topic="Performance" Type="Checklist Item" xmlns="urn:microsoft:guidanceexplorer:guidanceItem"><content><![CDATA[<H1>Applies to</H1><UL><LI><DIV>ADO.NET 1.1</DIV></LI></UL><H1>What to Check For</H1><P>Check to ensure that your application uses Distributed Transaction Coordinators (DTC) for transactions that span multiple data stores.</P><H1>How to Check</H1><P>Enterprise Services uses the Microsoft Distributed Transaction Coordinator (DTC) to enforce transactions. If you have a transaction that spans multiple data stores or resource manager types, it is best to use Enterprise Services to enlist the data sources in a distributed transaction. Using Enterprise Services to enlist the data sources in this scenario is simple to configure.</P><P>The DTC performs the inter-data source communication and ensures that either all the data is committed or that none of the data is committed. This action creates an operational cost. If you do not have transactions that span multiple data sources, use SQL or ADO.NET manual transactions because they perform better.</P><H1>Additional Resources</H1><UL><LI>For more information about transaction options and how to analyze transaction performance, see the following resources on MSDN: <UL><LI>"Performance Comparison: Transaction Control" at <A href="http://msdn.microsoft.com/library/default.asp?url=/library/en-us/dnbda/html/bdadotnetarch13.asp">http://msdn.microsoft.com/library/default.asp?url=/library/en-us/dnbda/html/bdadotnetarch13.asp</A> <LI>"Implementing Database Transactions with Microsoft .NET" at <A href="http://msdn.microsoft.com/library/default.asp?url=/library/en-us/dnbda/html/psent.asp">http://msdn.microsoft.com/library/default.asp?url=/library/en-us/dnbda/html/psent.asp</A> </LI></UL><LI>For more information about enlisting a pooled object in a distributed transaction, see "Enlisting in a Distributed Transaction" in the <I>.NET Framework Developer's Guide</I> at <A href="http://msdn.microsoft.com/library/default.asp?url=/library/en-us/cpguide/html/cpconenlistingindistributedtransaction.asp">http://msdn.microsoft.com/library/default.asp?url=/library/en-us/cpguide/html/cpconenlistingindistributedtransaction.asp</A>.</LI></UL>]]></content></guidanceItem>