﻿<?xml version="1.0" encoding="utf-8"?><guidanceItem id="0e5858d8-435c-44af-9d37-295f1fba1538" type="checklist" title="Application does not rely on client-side state management options." cssFile="guidance.css" Date="2007-12-14T00:00:56.06Z" Author="J.D. Meier, Alex Mackman, Blaine Wastell, Prashant Bansode, Andy Wigley, Kishore Gopalan" Category="Session Management" filePath="..\Libraries\patterns &amp; practices Library\Checklist Item\0e5858d8-435c-44af-9d37-295f1fba1538.xml" Priority="2" Rule_Type="Implementation" Source="patterns &amp; practices Library" Status="Beta" Technology="ASP.NET 2.0" Topic="Security" Type="Checklist Item" xmlns="urn:microsoft:guidanceexplorer:guidanceItem"><content><![CDATA[<H1>Applies to</H1><UL><LI><DIV>ASP.NET 2.0</DIV></LI></UL><H1>What to Check For</H1><P>Check to ensure that your application does not rely on client-side state management options for storing sensitive data.</P><P></P><H1>How to Fix</H1><P>Avoid using any of the client-side state management options, such as view state, cookies, query strings, or hidden form fields, to store sensitive data. The information can be tampered with or seen in clear text. Use server-side state management options, for example, a database, to store sensitive data.</P>]]></content></guidanceItem>