﻿<?xml version="1.0" encoding="utf-8"?><guidanceItem id="0e70d662-2262-4fce-8c0c-883aae0fe73f" type="checklist" title="Configure the memory limit." cssFile="guidance.css" Date="2007-12-14T01:30:34.753Z" Author="J.D. Meier, Srinath Vasireddy, Ashish Babbar, John Allen and Alex Mackman" Category="Deployment Considerations" filePath="..\Libraries\patterns &amp; practices Library\Checklist Item\0e70d662-2262-4fce-8c0c-883aae0fe73f.xml" Priority="2" Rule_Type="Implementation" Source="patterns &amp; practices Library" Status="Beta" Technology="ASP.NET 1.1" Topic="Performance" Type="Checklist Item" xmlns="urn:microsoft:guidanceexplorer:guidanceItem"><content><![CDATA[<H1>Applies to</H1><UL><LI><DIV>ASP.NET 1.1</DIV></LI></UL><H1>What to Check For</H1><P>Check to ensure that your application memory limit is configured.</P><H1>How to Check</H1><P>Before you deploy your application, configure the memory limit. Configuring the memory limit ensures optimal ASP.NET cache performance and server stability.</P><H1>Additional Resources</H1><UL><LI><DIV><DIV><P>For more information, see "<A href="http://msdn2.microsoft.com/en-us/library/ms998549.aspx#scalenetchapt06_topic15">Configure the Memory Limit</A>" in the "Caching Guidelines".</P></DIV></DIV></LI></UL>]]></content></guidanceItem>