﻿<?xml version="1.0" encoding="utf-8"?><guidanceItem id="0eb032a5-3ec7-47c6-b881-4c8ab8d801bb" type="checklist" title="Select an appropriate cache expiration policy." cssFile="guidance.css" Date="2007-12-14T22:44:15.987Z" Author="J.D. Meier, Srinath Vasireddy, Ashish Babbar, Rico Mariani, and Alex Mackman" Category="Caching" filePath="..\Libraries\patterns &amp; practices Library\Checklist Item\0eb032a5-3ec7-47c6-b881-4c8ab8d801bb.xml" Priority="2" Rule_Type="Implementation" Source="patterns &amp; practices Library" Status="Beta" Technology=".NET 2.0" Topic="Performance" Type="Checklist Item" xmlns="urn:microsoft:guidanceexplorer:guidanceItem"><content><![CDATA[<H1>Applies to</H1><UL><LI><DIV>.NET 2.0</DIV></LI></UL><H1>What to Check For</H1><P>Check to ensure that your application selects an appropriate cache expiration policy because an inappropriate expiration policy may result in frequent invalidation of the cached data, which negates the benefits of caching.</P><H1>How to Check</H1><P>Consider the following while choosing an expiration mechanism: </P><UL><LI><B>How often is the cached information allowed to be wrong?</B> <P>Keep in mind that every piece of cached data is already potentially stale. Knowing the answer to this question helps you evaluate the most appropriate absolute or sliding expiration algorithms. </P><LI><B>Is there any dependency whose change invalidates the cached data?</B> <P>You need to evaluate dependency-based algorithms. For example, the ASP.NET <B>Cache</B> class allows data expiration if changes are made to a particular file. Note that, in some scenarios, it might be acceptable to display data that is a little old. </P><LI><B>Is the lifetime dependent upon how frequently the data is used?</B> <P>If the answer is yes, you need to evaluate the least recently used or least frequently used algorithms. </P><LI><B>Do you repopulate caches for frequently changing data?</B> <P>If your data changes frequently, it may or may not be a good candidate for caching. Evaluate the performance benefits of caching against the cost of building the cache. Caching frequently changing data can be an excellent idea if slightly stale data is good enough. </P><LI><B>Have you implemented a caching solution that takes time to load?</B> <P>If you need to maintain a large cache and the cache takes a long time to build, consider using a background thread to build the cache or build up the cache incrementally over time. When the current cache expires, you can then swap out the current cache with the updated cache you built in the background. Otherwise, you may block client requests while they wait for the cache to update. </P></LI></UL><H1>Additional Resources</H1><UL><LI><DIV><DIV><P>For more information, see the following resources: </P><UL><LI>For more information about the questions raised in this section, see "Caching" in Chapter 3, "<A href="http://msdn2.microsoft.com/en-us/library/ms998541.aspx">Design Guidelines for Application Performance</A>" <LI>For more information and guidelines about caching, see the Caching Architecture Guide for .NET Framework Applications on MSDN at <A href="http://msdn.microsoft.com/library/en-us/dnbda/html/cachingarch.asp">http://msdn.microsoft.com/library/en-us/dnbda/html/CachingArch.asp</A>. <LI>For middle-tier caching solutions, consider the Caching Application Block for .NET on MSDN at <A href="http://msdn.microsoft.com/library/en-us/dnpag/html/cachingblock.asp">http://msdn.microsoft.com/library/en-us/dnpag/html/CachingBlock.asp</A>. </LI></UL></DIV></DIV></LI></UL>]]></content></guidanceItem>