﻿<?xml version="1.0" encoding="utf-8"?><guidanceItem id="0ed10c75-bfa8-49aa-8867-765ab07fcee6" type="checklist" title="Protect information in log files" cssFile="guidance.css" Date="2008-06-27T15:26:05.967Z" Author="J.D. Meier, Jason Taylor, Prashant Bansode, Carlos Farre, Madhu Sundararajan, Rob Boucher, Steve Gregersen" Category="Auditing and Logging" filePath="..\Libraries\patterns &amp; practices Library\Checklist Item\0ed10c75-bfa8-49aa-8867-765ab07fcee6.xml" Priority="2" Rule_Type="Implementation" Source="patterns &amp; practices Library" Status="Release" Technology="WCF 3.5" Topic="Security" Type="Checklist Item" xmlns="urn:microsoft:guidanceexplorer:guidanceItem"><content><![CDATA[<H1>Applies to</H1><UL><LI>Microsoft&#174; Windows Communication Foundation (WCF) 3.5 <LI>Microsoft Visual Studio&#174; 2008</LI></UL><H1>What to Check For</H1><P>Check to ensure that your service protects information in log files.</P>

]]></content></guidanceItem>