﻿<?xml version="1.0" encoding="utf-8"?><guidanceItem id="0efc072a-805b-419b-a889-6569d09f5bb4" type="checklist" title="Minimize the number of objects you store in view state." cssFile="guidance.css" Date="2007-12-14T00:16:21.62Z" Author="J.D. Meier, Alex Mackman, Blaine Wastell, Prashant Bansode, Andy Wigley, Kishore Gopalan" Category="View State" filePath="..\Libraries\patterns &amp; practices Library\Checklist Item\0efc072a-805b-419b-a889-6569d09f5bb4.xml" Priority="2" Rule_Type="Implementation" Source="patterns &amp; practices Library" Status="Beta" Technology="ASP.NET 2.0" Topic="Performance" Type="Checklist Item" xmlns="urn:microsoft:guidanceexplorer:guidanceItem"><content><![CDATA[<H1>Applies to</H1><UL><LI><DIV>ASP.NET 2.0</DIV></LI></UL><H1>What to Check For</H1><P>Check to ensure that your application minimizes storing lesser number of objects in view state.</P><H1>How to Check</H1><P>As you increase the number of objects you put into view state, the size of your view state dictionary grows, and the processing time required to serialize and to deserialize the objects increases. Use the following guidelines when you put objects into view state: </P><UL><LI>View state is optimized for serializing basic types such as strings, integers, and Booleans, and objects such as arrays, <B>ArrayLists</B>, and <B>Hashtables</B> if they contain these basic types. When you want to store a type which is not listed previously, ASP.NET internally tries to use the associated type converter. If it cannot find one, it uses the relatively expensive binary serializer. <LI>The size of the object is directly proportional to the size of the view state. Avoid storing large objects.</LI></UL><H1>Additional Resources</H1><UL><LI><P>For related information, see "Taking a Bite out of ASP.NET ViewState" on MSDN at <A href="http://msdn.microsoft.com/library/en-us/dnaspnet/html/asp11222001.asp">http://msdn.microsoft.com/library/en-us/dnaspnet/html/asp11222001.asp</A>.</P></LI></UL>]]></content></guidanceItem>