﻿<?xml version="1.0" encoding="utf-8"?><guidanceItem id="0effa51d-11cd-487c-90d6-21ba53e6a04e" type="checklist" title="If you need to support disconnected queued calls" cssFile="guidance.css" Date="2008-06-27T15:27:58.153Z" Author="J.D. Meier, Jason Taylor, Prashant Bansode, Carlos Farre, Madhu Sundararajan, Rob Boucher, Steve Gregersen" Category="Bindings" filePath="..\Libraries\patterns &amp; practices Library\Checklist Item\0effa51d-11cd-487c-90d6-21ba53e6a04e.xml" Priority="2" Rule_Type="Implementation" Source="patterns &amp; practices Library" Status="Release" Technology="WCF 3.5" Topic="Security" Type="Checklist Item" xmlns="urn:microsoft:guidanceexplorer:guidanceItem"><content><![CDATA[<H1>Applies to</H1><UL><LI>Microsoft&#174; Windows Communication Foundation (WCF) 3.5 <LI>Microsoft Visual Studio&#174; 2008</LI></UL><H1>What to Check For</H1><P>Check to ensure that your service supports disconnected queued calls.</P>

]]></content></guidanceItem>