﻿<?xml version="1.0" encoding="utf-8"?><guidanceItem id="0f34de05-25ad-40ac-9823-4fb52a52f1ee" type="checklist" title="Strong passwords are used." cssFile="guidance.css" Date="2007-12-18T19:31:38Z" Author="J.D. Meier, Alex Mackman, Michael Dunner, Srinath Vasireddy, Ray Escamilla and Anandha Murukan" Category="Router Considerations" filePath="..\Libraries\patterns &amp; practices Library\Checklist Item\0f34de05-25ad-40ac-9823-4fb52a52f1ee.xml" Priority="2" Rule_Type="Deployment" Source="patterns &amp; practices Library" Status="Beta" Technology="Web Application" Topic="Security" Type="Checklist Item" xmlns="urn:microsoft:guidanceexplorer:guidanceItem"><content><![CDATA[<H1>Applies to</H1><UL><LI><DIV>Web Application</DIV></LI></UL><H1>What to Check For</H1><P>Check to ensure that Strong passwords are used for router administrative access.</P><H1>How to Check</H1><P>Brute force password software can launch more than just dictionary attacks. It can discover common passwords where a letter is replaced by a number. For example, if&nbsp;"p4ssw0rd" is used as a password, it can be cracked. Always use uppercase and lowercase, number, and symbol combinations when creating passwords.</P>]]></content></guidanceItem>