﻿<?xml version="1.0" encoding="utf-8"?><guidanceItem id="0f3c7525-7f8f-48f7-95af-5512f3eda331" type="checklist" title="A setup application for an update of a library assembly should run the 'Ngen.exe update' command." cssFile="guidance.css" Date="2007-12-15T01:16:07.127Z" Author="J.D. Meier, Srinath Vasireddy, Ashish Babbar, Rico Mariani, and Alex Mackman" Category="Ngen.exe" filePath="..\Libraries\patterns &amp; practices Library\Checklist Item\0f3c7525-7f8f-48f7-95af-5512f3eda331.xml" Priority="2" Rule_Type="Implementation" Source="patterns &amp; practices Library" Status="Beta" Technology=".NET 1.1" Topic="Performance" Type="Checklist Item" xmlns="urn:microsoft:guidanceexplorer:guidanceItem"><content><![CDATA[<H1>Applies to</H1><UL><LI><DIV>.NET 1.1</DIV></LI></UL><H1>What to Check For</H1><P>Check to ensure that your setup&nbsp;application&nbsp;runs the 'Ngen.exe update' command when it needs to&nbsp;update a library assembly.</P><H1>Additional Resources</H1><UL><LI>For more information about how to use Ngen.exe, see "Native Image Generator (Ngen.exe)" in "<I>.</I>NET Framework Tools" on MSDN at <A href="http://msdn.microsoft.com/library/en-us/cptools/html/cpgrfnativeimagegeneratorngenexe.asp">http://msdn.microsoft.com/library/en-us/cptools/html/cpgrfnativeimagegeneratorngenexe.asp</A>.</LI></UL>]]></content></guidanceItem>