﻿<?xml version="1.0" encoding="utf-8"?><guidanceItem id="0f3e717f-40cc-438c-8f3d-46ab9ee495a1" type="checklist" title="Response encoding is appropriately configured using the &lt;globalization&gt;" cssFile="guidance.css" Date="2007-12-18T21:31:54.617Z" Author="J.D. Meier, Srinath Vasireddy, Ashish Babbar, John Allen and Alex Mackman" Category="Configuration" filePath="..\Libraries\patterns &amp; practices Library\Checklist Item\0f3e717f-40cc-438c-8f3d-46ab9ee495a1.xml" Priority="2" Rule_Type="Implementation" Source="patterns &amp; practices Library" Status="Beta" Technology="ASP.NET 1.1" Topic="Security" Type="Checklist Item" xmlns="urn:microsoft:guidanceexplorer:guidanceItem"><content><![CDATA[<H1>Applies to</H1><UL><LI><DIV>ASP.NET 1.1</DIV></LI></UL><H1>What to Check For</H1><P>Check to ensure that request and response encoding is appropriately configured in your application.</P>]]></content></guidanceItem>