﻿<?xml version="1.0" encoding="utf-8"?><guidanceItem id="0f44fce4-fae1-4e2b-be7c-49700670c61c" type="checklist" title="Monitor application exceptions." cssFile="guidance.css" Date="2007-12-18T21:36:26.837Z" Author="J.D. Meier, Srinath Vasireddy, Ashish Babbar, John Allen and Alex Mackman" Category="Exception Management" filePath="..\Libraries\patterns &amp; practices Library\Checklist Item\0f44fce4-fae1-4e2b-be7c-49700670c61c.xml" Priority="2" Rule_Type="Implementation" Source="patterns &amp; practices Library" Status="Beta" Technology="ASP.NET 1.1" Topic="Performance" Type="Checklist Item" xmlns="urn:microsoft:guidanceexplorer:guidanceItem"><content><![CDATA[<H1>Applies to</H1><UL><LI><DIV>ASP.NET 1.1</DIV></LI></UL><H1>What to Check For</H1><P>Check to ensure that your application exceptions are monitored for performance.</P><H1>How to Check</H1><P>To reduce the number of exceptions occurring in your application, you need to effectively monitor your application for exceptions. You can do the following: </P><UL><LI>If you have implemented exception handling code, review your exception logs periodically. <LI>Monitor the <B># of Exceps Thrown / sec</B> counter under the <B>.NET CLR Exceptions</B> Performance Monitor object. This value should be less then 5 percent of your average requests per second. </LI></UL><H1>Additional Resources</H1><UL><LI><P>For more information about exception handling, see the following MSDN articles: </P><UL><LI>"An Exception to the Rule, Part 1," at <A href="http://msdn.microsoft.com/library/en-us/dnaspnet/html/asp07232001.asp">http://msdn.microsoft.com/library/en-us/dnaspnet/html/asp07232001.asp</A> <LI>"An Exception to the Rule, Part 2," at <A href="http://msdn.microsoft.com/library/en-us/dnaspnet/html/asp08232001.asp">http://msdn.microsoft.com/library/en-us/dnaspnet/html/asp08232001.asp</A> </LI></UL></LI></UL>]]></content></guidanceItem>