﻿<?xml version="1.0" encoding="utf-8"?><guidanceItem id="0f663370-36f4-4f4a-956a-b93ff97dbe5d" type="checklist" title="Session State Is Disabled If You Do Not Use It" cssFile="guidance.css" Date="2008-01-18T23:46:55.15Z" Author="J.D. Meier, Alex Mackman, Blaine Wastell, Prashant Bansode, Andy Wigley, Kishore Gopalan" Category="Session State" filePath="..\Libraries\patterns &amp; practices Library\Checklist Item\0f663370-36f4-4f4a-956a-b93ff97dbe5d.xml" Priority="2" Rule_Type="Deployment" Source="patterns &amp; practices Library" Status="Beta" Technology="ASP.NET 2.0" Topic="Performance" Type="Checklist Item" xmlns="urn:microsoft:guidanceexplorer:guidanceItem"><content><![CDATA[<H1>Applies to</H1><UL><LI>ASP.NET&nbsp;2.0&nbsp;</LI></UL><H1>What to Check For</H1>If you do not use session state, check that it is disabled. <H1>Why</H1>Disabling session state eliminates redundant session processing performed by ASP.NET, thus improving the performance of the application. <H1>How to Check</H1><P>To check that the session state has been disabled for the&nbsp;pages / applications&nbsp;&nbsp;that don't require it,&nbsp;use the following steps:</P><OL><LI>If all the applications on a web server don't need session state, check that the session state is disabled for all applications by configuring&nbsp;Machine.config as follows<PRE>&lt;system.web&gt;...<BR>   &lt;sessionState mode='Off'/&gt;<BR>...<BR>&lt;/system.web&gt;</PRE>Additionally check that&nbsp;the session state module is removed from &lt;httpModules&gt; to completely remove session processing overhead. <PRE>&lt;system.web&gt;...<BR>   &lt;httpModules&gt;<BR>   ...<BR>      &lt;&#33;--&lt;add name="Session" type="System.Web.SessionState.SessionStateModule" /&gt;--&gt;<BR>   ...<BR>   &lt;/httpModules&gt;...<BR>&lt;/system.web&gt;</PRE><LI>If a particular application on the web server don't require session state. Check that&nbsp;session state is disabled for this application by configuring the the Web.config file as follows.<PRE>&lt;system.web&gt;...<BR>   &lt;sessionState mode='Off'/&gt;...<BR>&lt;/system.web&gt;</PRE><LI>If an application has pages that do require session state.&nbsp;Check that&nbsp;session state is disabled for these pages by using the &#64; Page directive as follows <PRE>&lt;&#37;&#64; Page EnableSessionState="false" . . .&#37;&gt;</PRE></LI></OL><H1>How to Fix</H1><P>You can disable session state for all applications on the server, for specific applications, or for individual pages, as described in the following list: </P><UL><LI><STRONG>For All Applications<BR></STRONG>To disable session state for all applications on your server, use the following element in the Machine.config file. <PRE>&lt;system.web&gt;...<BR>   &lt;sessionState mode='Off'/&gt;...<BR>&lt;/system.web&gt;</PRE>You can also remove the session state module from &lt;httpModules&gt; to completely remove session processing overhead. <PRE>&lt;system.web&gt;...<BR>   &lt;httpModules&gt;<BR>   ...<BR>      &lt;&#33;--&lt;add name="Session" type="System.Web.SessionState.SessionStateModule" /&gt;--&gt;<BR>   ...<BR>   &lt;/httpModules&gt;...<BR>&lt;/system.web&gt;</PRE><LI><STRONG>For Specific Application</STRONG><BR>To disable session state for a specific application, use the following element in the Web.config file of the application. <PRE>&lt;system.web&gt;...<BR>   &lt;sessionState mode='Off'/&gt;...<BR>&lt;/system.web&gt;</PRE><LI><STRONG>For Specific Web Page<BR></STRONG>To disable session state for a specific Web page, use the following page setting. <PRE>&lt;&#37;&#64; Page EnableSessionState="false" . . .&#37;&gt; </PRE></LI></UL><H1>Problem Example</H1><P>An ASP.NET application is composed entirely of static pages. Unfortunately, it enables session state resulting in unnecessary overhead which has a negative impact on application performance.</P><PRE>&lt;system.web&gt;...<BR>   &lt;sessionState mode='Inproc'/&gt;...<BR>&lt;/system.web&gt; </PRE><H1>Solution Example</H1><P>An ASP.NET application is composed entirely of static pages. The session state for the static web site is disabled by configuring the Web.config file. This setting allows the application to avoid unnecessary processing overhead associated with session state.</P><PRE>&lt;system.web&gt;...<BR>   &lt;sessionState mode='Off'/&gt;...<BR>&lt;/system.web&gt;</PRE><H1>Additional Resources</H1><LI>For more information about session state, see "Underpinnings of the Session State Implementation in ASP.NET" on MSDN at <A href="http://msdn.microsoft.com/library/en-us/dnaspp/html/ASPNetSessionState.asp">http://msdn.microsoft.com/library/en-us/dnaspp/html/ASPNetSessionState.asp</A>. <LI>For more information on performance in ASP.NET see "Chapter 6 - Improving ASP.NET Performance" at <A href="http://msdn.microsoft.com/library/default.asp?url=/library/en-us/dnpag/html/scalenetchapt06.asp">http://msdn.microsoft.com/library/default.asp?url=/library/en-us/dnpag/html/scalenetchapt06.asp</A> <LI>For more information, see "ASP.NET Tuning" in Chapter 17, "Tuning .NET Application Performance." at <A href="http://msdn.microsoft.com/library/en-us/dnpag/html/scalenetchapt17.asp">http://msdn.microsoft.com/library/en-us/dnpag/html/scalenetchapt17.asp</A> <LI>For more information see "How To Disable ASP Session State in ASP.NET" at <A href="http://support.microsoft.com/default.aspx?scid=kb;en-us;306996">http://support.microsoft.com/default.aspx?scid=kb;en-us;306996</A>&nbsp; <LI>For more information see "Checklist: ASP.NET Performance" at <A href="http://msdn.microsoft.com/library/default.asp?url=/library/en-us/dnpag/html/ScaleNetCheck03.asp">http://msdn.microsoft.com/library/default.asp?url=/library/en-us/dnpag/html/ScaleNetCheck03.asp</A>&nbsp; </LI>]]></content></guidanceItem>