﻿<?xml version="1.0" encoding="utf-8"?><guidanceItem id="0f6f10f4-c200-4883-b727-b3ba43815c66" type="checklist" title="Efficient String Concatenation Is Used" cssFile="guidance.css" Date="2007-12-15T00:29:55.36Z" Author="J.D. Meier, Srinath Vasireddy, Ashish Babbar, Rico Mariani, and Alex Mackman" Category="String Management" filePath="..\Libraries\patterns &amp; practices Library\Checklist Item\0f6f10f4-c200-4883-b727-b3ba43815c66.xml" Priority="2" Rule_Type="Implementation" Source="patterns &amp; practices Library" Status="Beta" Technology=".NET 1.1" Topic="Performance" Type="Checklist Item" xmlns="urn:microsoft:guidanceexplorer:guidanceItem"><content><![CDATA[<H1>Applies to</H1><UL><LI>.NET 1.1&nbsp;</LI></UL><H1>What to Check For</H1><P>Check that <STRONG>&#43;</STRONG> operator is used for concatenation, if you know the number of appends to be made and you are concatenating the strings in one shot. </P><P>Check that the <B>StringBuilder</B> class is used, if you do not know the number of appends to be made, which might be the case when iterating through a loop or building dynamic SQL queries.&nbsp;</P><H1>Why</H1><P>If you concatenate the strings in a single expression, using &#43; operator, only one call to <B>String.Concat</B> needs to be made. It results in no temporary strings (for partial combinations of the strings to be concatenated). Hence its efficient and comparatively improves performance.</P><P>The <B>StringBuilder</B> class starts with a default initial capacity of 16. Strings less than the initial capacity are stored in the <B>StringBuilder</B> object. You can continue to concatenate without additional allocations until you consume the preallocated buffer. As a result, using a <B>StringBuilder</B> object is often more efficient than using String objects for concatenation. If you concatenate further, the <B>StringBuilder</B> class creates a new buffer of the size equal to double the current capacity. This makes string concatenation efficient and comparatively improves performance </P><H1>How to Check</H1><P>Here are the steps for checking that efficient string concatenation is used</P><OL><LI>Review your code and find the instances in your code where <STRONG>String.Concat</STRONG>, <STRONG>&#43; </STRONG>(operator) and&nbsp;<STRONG>StringBuilder </STRONG>keywords are used. <LI>Review the instances of the code and check that <STRONG>&#43;</STRONG> operator is used for concatenation wherever the number of appends to be made are known. <LI>Review the instances of the code and check that <STRONG>StringBuilder</STRONG>&nbsp;is used for concatenation wherever the number of appends to be made are unknown</LI></OL><H1>How to Fix</H1><P>Here is a code snippet showcasing how to use the &#43; operator for concatenating the strings, when you know the number of appends,&nbsp;in one shot.</P><PRE>string str = str1&#43;str2&#43;str3;</PRE><P>Here is code snippet showcasing how to use the StringBuilder class for concatenating the strings, when you don't know the number of appends.</P><PRE>for (int i=0; i&lt; Results.Count; i&#43;&#43;)&#123;<BR>  StringBuilder.Append (Results&#91;i&#93;);&#125;</PRE><P>The initial capacity of the buffer can be set by using the following overloaded constructor.</P><PRE>public StringBuilder (int capacity);</PRE><P>You should always try to set the initial capacity of the <STRONG>StringBuilder</STRONG> to an optimum value to reduce the cost of new allocations. To determine the optimum value for your case, the best way is to track the memory consumption by using the CLR profiler. For more information see "How To: Use CLR Profiler" at <A href="http://msdn.microsoft.com/library/en-us/dnpag/html/scalenethowto13.asp">http://msdn.microsoft.com/library/en-us/dnpag/html/scalenethowto13.asp</A>&nbsp; </P>&nbsp;&nbsp; <H1>Additional Resources</H1><UL><LI>For more information on string management performance, see "Improving String Handling Performance in .NET Framework Applications" on MSDN at <A href="http://msdn.microsoft.com/library/en-us/dndotnet/html/vbnstrcatn.asp">http://msdn.microsoft.com/library/en-us/dndotnet/html/vbnstrcatn.asp</A>. <LI>For more information see "Chapter 5 &#8212; Improving Managed Code Performance" at <A href="http://msdn.microsoft.com/library/default.asp?url=/library/en-us/dnpag/html/scalenetchapt05.asp">http://msdn.microsoft.com/library/default.asp?url=/library/en-us/dnpag/html/scalenetchapt05.asp</A> <LI>For more information see "Checklist: Managed Code Performance" at <A href="http://msdn.microsoft.com/library/default.asp?url=/library/en-us/dnpag/html/ScaleNetCheck06.asp">http://msdn.microsoft.com/library/default.asp?url=/library/en-us/dnpag/html/ScaleNetCheck06.asp</A></LI></UL>]]></content></guidanceItem>