﻿<?xml version="1.0" encoding="utf-8"?><guidanceItem id="0f701cf0-3d9e-4d0b-a0d8-da3df1dc89fc" type="checklist" title="Use absolute URLs for navigation." cssFile="guidance.css" Date="2007-12-14T01:32:01.267Z" Author="J.D. Meier, Srinath Vasireddy, Ashish Babbar, John Allen and Alex Mackman" Category="Security Considerations" filePath="..\Libraries\patterns &amp; practices Library\Checklist Item\0f701cf0-3d9e-4d0b-a0d8-da3df1dc89fc.xml" Priority="2" Rule_Type="Implementation" Source="patterns &amp; practices Library" Status="Beta" Technology="ASP.NET 1.1" Topic="Performance" Type="Checklist Item" xmlns="urn:microsoft:guidanceexplorer:guidanceItem"><content><![CDATA[<H1>Applies to</H1><UL><LI><DIV>ASP.NET 1.1</DIV></LI></UL><H1>What to Check For</H1><P>Check to ensure that your application uses absolute URLs when for navigation.</P><H1>How to Check</H1><P>Navigating between HTTP and HTTPs using redirects uses the protocol of the current page instead of the protocol of the target page. When your redirects use relative links (..\publicpage.aspx) to sites that are not secure from a site that uses HTTPS, these public pages are served by using the HTTPS protocol. This use of the HTTPS protocol incurs unnecessary overhead. To avoid this problem, use the absolute link instead of the relative link for your redirects. For example, use an absolute link such as http://<I>yourserver</I>/publicpage.aspx. The same applies when you navigate from pages that use HTTP to pages that use HTTPS. The following code fragment shows how to create a redirect from a page that uses HTTP to a page that uses HTTPS.</P><DIV><PRE>string serverName = HttpUtility.UrlEncode(Request.ServerVariables&#91;"SERVER_NAME"&#93;)<BR>string vdirName = Request.ApplicationPath;Response.Redirect("https://" &#43; <BR>&#9;&#9;&#9;serverName &#43; vdirName &#43; "/Restricted/Login.aspx", false);</PRE></DIV><H1>Additional Resources</H1><UL><LI><DIV><DIV><P>For more information about security-related performance considerations, see the following: </P><UL><LI>"Cryptographic Services" in the <I>.Net Framework Developer's Guide </I>at <A href="http://msdn.microsoft.com/library/en-us/cpguide/html/cpconcryptographicservices.asp">http://msdn.microsoft.com/library/en-us/cpguide/html/cpconcryptographicservices.asp</A> <LI>"Performance Comparison: Security Design Choices" on MSDN at <A href="http://msdn.microsoft.com/library/en-us/dnbda/html/bdadotnetarch15.asp">http://msdn.microsoft.com/library/en-us/dnbda/html/bdadotnetarch15.asp</A> </LI></UL></DIV></DIV></LI></UL>]]></content></guidanceItem>