﻿<?xml version="1.0" encoding="utf-8"?><guidanceItem id="0feb635d-5bbe-45dc-81a0-c5a6aa65b0e5" type="checklist" title="Only types that need to be thread-safe are made thread-safe." cssFile="guidance.css" Date="2007-12-14T22:51:17.37Z" Author="J.D. Meier, Srinath Vasireddy, Ashish Babbar, Rico Mariani, and Alex Mackman" Category="Concurrency" filePath="..\Libraries\patterns &amp; practices Library\Checklist Item\0feb635d-5bbe-45dc-81a0-c5a6aa65b0e5.xml" Priority="2" Rule_Type="Implementation" Source="patterns &amp; practices Library" Status="Beta" Technology=".NET 2.0" Topic="Performance" Type="Checklist Item" xmlns="urn:microsoft:guidanceexplorer:guidanceItem"><content><![CDATA[<H1>Applies to</H1><UL><LI><DIV>.NET 2.0</DIV></LI></UL><H1>What to Check For</H1><P>Check to ensure that your application avoids making types thread safe by default.</P><H1>How to Check</H1><P>Thread safety adds an additional layer of complexity and overhead to your types, which is often unnecessary if synchronization issues are dealt with by a higher-level layer of software.</P><H1>Additional Resources</H1><UL><LI><DIV><DIV><P>For more information about the questions and issues raised in this section, see "Concurrency" in Chapter 3, "<A href="http://msdn2.microsoft.com/en-us/library/ms998541.aspx">Design Guidelines for Application Performance</A>"</P></DIV></DIV></LI></UL>]]></content></guidanceItem>