﻿<?xml version="1.0" encoding="utf-8"?><guidanceItem id="0ff48e25-c2a7-4179-a2d2-e96bdf842d09" type="checklist" title="Identify the use of view state in your server controls." cssFile="guidance.css" Date="2007-12-18T21:51:07.183Z" Author="J.D. Meier, Srinath Vasireddy, Ashish Babbar, John Allen and Alex Mackman" Category="Server Controls" filePath="..\Libraries\patterns &amp; practices Library\Checklist Item\0ff48e25-c2a7-4179-a2d2-e96bdf842d09.xml" Priority="2" Rule_Type="Implementation" Source="patterns &amp; practices Library" Status="Beta" Technology="ASP.NET 1.1" Topic="Performance" Type="Checklist Item" xmlns="urn:microsoft:guidanceexplorer:guidanceItem"><content><![CDATA[<H1>Applies to</H1><UL><LI><DIV>ASP.NET 1.1</DIV></LI></UL><H1>What to Check For</H1><P>Check to ensure that your application identifies the use of view state in its server controls.</P><H1>How to Check</H1><P>View state is serialized and deserialized on the server. To save CPU cycles, reduce the amount of view state that your application uses. Disable view state if you do not need it. Disable view state if you are doing at least one of the following: </P><UL><LI>Displaying a read-only page where there is no user input <LI>Displaying a page that does not post back to the server <LI>Rebuilding server controls on each post back without checking the postback data </LI></UL><H1>Additional Resources</H1><UL><LI><P>For more information about view state, see "<A href="http://msdn2.microsoft.com/en-us/library/ms998549.aspx#scalenetchapt06_topic19">View State</A>".</P></LI></UL>]]></content></guidanceItem>