﻿<?xml version="1.0" encoding="utf-8"?><guidanceItem id="0fffb90d-5d79-4550-a6ee-a71b1f8006a4" type="checklist" title="The application's login does not have permissions to access tables directly" cssFile="guidance.css" Date="2007-12-14T01:54:57.597Z" Author="J.D. Meier, Srinath Vasireddy, Ashish Babbar, John Allen and Alex Mackman" Category="Authorization" filePath="..\Libraries\patterns &amp; practices Library\Checklist Item\0fffb90d-5d79-4550-a6ee-a71b1f8006a4.xml" Priority="2" Rule_Type="Design" Source="patterns &amp; practices Library" Status="Beta" Technology="ASP.NET 1.1" Topic="Security" Type="Checklist Item" xmlns="urn:microsoft:guidanceexplorer:guidanceItem"><content><![CDATA[<H1>Applies to</H1><UL><LI><DIV>ASP.NET 1.1</DIV></LI></UL><H1>What to Check For</H1><P>Check to ensure that your application's login does not have permissions to access tables directly.</P>]]></content></guidanceItem>