﻿<?xml version="1.0" encoding="utf-8"?><guidanceItem id="1009d770-1fd2-4cb5-b9fe-854395628be3" type="checklist" title="Do Not Rely on Client-side Validation" cssFile="guidance.css" Date="2008-06-27T15:27:41.81Z" Author="J.D. Meier, Jason Taylor, Prashant Bansode, Carlos Farre, Madhu Sundararajan, Rob Boucher, Steve Gregersen" Category="Input and Data Validation" filePath="..\Libraries\patterns &amp; practices Library\Checklist Item\1009d770-1fd2-4cb5-b9fe-854395628be3.xml" Priority="2" Rule_Type="Implementation" Source="patterns &amp; practices Library" Status="Release" Technology="WCF 3.5" Topic="Security" Type="Checklist Item" xmlns="urn:microsoft:guidanceexplorer:guidanceItem"><content><![CDATA[<H1>Applies to</H1><UL><LI>Microsoft&#174; Windows Communication Foundation (WCF) 3.5 <LI>Microsoft Visual Studio&#174; 2008</LI></UL><H1>What to Check For</H1><P>Check to ensure that your application does not rely on client-side validation.</P>

]]></content></guidanceItem>