﻿<?xml version="1.0" encoding="utf-8"?><guidanceItem id="1054aa33-d4de-4b41-a66b-1f09e671f36b" type="checklist" title="Input file names and file paths are avoided where possible." cssFile="guidance.css" Date="2007-12-18T21:23:55.577Z" Author="J.D. Meier, Srinath Vasireddy, Ashish Babbar, John Allen and Alex Mackman" Category="Input and Data Validation" filePath="..\Libraries\patterns &amp; practices Library\Checklist Item\1054aa33-d4de-4b41-a66b-1f09e671f36b.xml" Priority="2" Rule_Type="Design" Source="patterns &amp; practices Library" Status="Beta" Technology="ASP.NET 1.1" Topic="Security" Type="Checklist Item" xmlns="urn:microsoft:guidanceexplorer:guidanceItem"><content><![CDATA[<H1>Applies to</H1><UL><LI><DIV>ASP.NET 1.1</DIV></LI></UL><H1>What to Check For</H1><P>Check to ensure that your application does not accepts file names or paths from users.&nbsp; If it&nbsp;accepts then ensure that it is sanitized&nbsp;very carefully.</P><H1>How to Check</H1><H3>File Names</H3><P>Ensure that file paths only refer to files within your application's virtual directory hierarchy if that is appropriate.&nbsp; When checking file names, obtain the full name of the file by using the <B>System.IO.Path.GetFullPath</B> method. </P><H3>File Paths</H3><P>If you use <B>MapPath</B> to map a supplied virtual path to a physical path on the server, use the overloaded <B>Request.MapPath</B> method that accepts a <B>bool</B> parameter so that you can prevent cross-application mapping. The following code example shows this technique. </P><PRE>try&#123;<BR> string mappedPath = Request.MapPath( inputPath.Text,<BR>                                       Request.ApplicationPath, false);<BR>&#125;<BR>catch (HttpException)&#123;<BR> // Cross-application mapping attempted<BR>&#125;</PRE><P>The final <B>false</B> parameter prevents cross-application mapping.&nbsp; This means that a user cannot successfully supply a path that contains ".." to traverse outside of your application's virtual directory hierarchy. Any attempt to do this results in an exception of type <B>HttpException</B>.&nbsp; </P>]]></content></guidanceItem>