﻿<?xml version="1.0" encoding="utf-8"?><guidanceItem id="10631e5b-a208-4fe4-a9de-e9c26aee3153" type="checklist" title="The design identifies clustering requirements." cssFile="guidance.css" Date="2007-12-18T21:55:26.387Z" Author="J.D. Meier, Srinath Vasireddy, Ashish Babbar, John Allen and Alex Mackman" Category="Deployment Considerations" filePath="..\Libraries\patterns &amp; practices Library\Checklist Item\10631e5b-a208-4fe4-a9de-e9c26aee3153.xml" Priority="2" Rule_Type="Design" Source="patterns &amp; practices Library" Status="Beta" Technology="ASP.NET 1.1" Topic="Security" Type="Checklist Item" xmlns="urn:microsoft:guidanceexplorer:guidanceItem"><content><![CDATA[<H1>Applies to</H1><UL><LI><DIV>ASP.NET 1.1</DIV></LI></UL><H1>What to Check For</H1><P>Check to ensure that your application design identifies the clustering requirements.</P>]]></content></guidanceItem>