﻿<?xml version="1.0" encoding="utf-8"?><guidanceItem id="1089803c-eab7-480b-be45-5e667e4653d7" type="checklist" title="Use MBV (marshal by value) when you need to pass object state to the target application domain." cssFile="guidance.css" Date="2007-12-18T20:43:53.713Z" Author="J.D. Meier, Srinath Vasireddy, Ashish Babbar, and Alex Mackman" Category="MBR and MBV" filePath="..\Libraries\patterns &amp; practices Library\Checklist Item\1089803c-eab7-480b-be45-5e667e4653d7.xml" Priority="2" Rule_Type="Implementation" Source="patterns &amp; practices Library" Status="Beta" Technology="Remoting (.NET 1.1)" Topic="Performance" Type="Checklist Item" xmlns="urn:microsoft:guidanceexplorer:guidanceItem"><content><![CDATA[<H1>Applies to</H1><UL><LI><DIV>Remoting (.NET 1.1)</DIV></LI></UL><H1>What to Check For</H1><P>Check to ensure that your application uses MBV (marshal by value) when&nbsp;it needs to pass object state to the target application domain.</P><H1>How to Check</H1><P>When the state of the object is very lightweight and can easily be passed across application boundaries, use MBV objects. This reduces the lengthy, resource consuming round trips across processes, and application domain boundaries. </P>]]></content></guidanceItem>