﻿<?xml version="1.0" encoding="utf-8"?><guidanceItem id="108bca55-c966-48f2-9bc6-59edb6ba9e07" type="checklist" title="The SQL Server audit level is set to Failure or All." cssFile="guidance.css" Date="2007-12-18T18:31:28Z" Author="J.D. Meier, Alex Mackman, Michael Dunner, Srinath Vasireddy, Ray Escamilla and Anandha Murukan" Category="Security Considerations" filePath="..\Libraries\patterns &amp; practices Library\Checklist Item\108bca55-c966-48f2-9bc6-59edb6ba9e07.xml" Priority="2" Rule_Type="Deployment" Source="patterns &amp; practices Library" Status="Beta" Technology="SQL Server 2000" Topic="Security" Type="Checklist Item" xmlns="urn:microsoft:guidanceexplorer:guidanceItem"><content><![CDATA[<H1>Applies to</H1><UL><LI><DIV>SQL Server 2000 </DIV><LI><DIV>Windows 2000 Server</DIV><DIV></DIV></LI></UL><H1>What to Check For</H1><P>Check to ensure that the SQL Server audit level is set to Failure or All.</P><P></P><H1>How to Fix</H1><P>By default, SQL Server login auditing is not enabled. Minimally, you should audit failed logins.</P><BLOCKQUOTE><B>Note</B>&nbsp;&nbsp;&nbsp;Log entries are written to SQL log files. By default, these are located in C:\Program Files\Microsoft SQL Server\MSSQL\LOG. You can use any text reader, such as Notepad, to view them.</BLOCKQUOTE><P><B>To enable SQL Server auditing</B> </P><OL><LI>Start <B>SQL Server Enterprise Manager</B>, expand the <B>SQL Server Group</B>, and then expand your SQL Server. <LI>Right-click your SQL Server, and then click <B>Properties</B>. <LI>Click the <B>Security</B> tab. <LI>Set the Audit level to either <B>All</B> or <B>Failure</B>. <LI>Restart SQL Server for the changes to audit policy to take effect. </LI></OL><H1>Additional Resources</H1><UL><LI>For more information about SQL Server audit logs, see the TechNet article and its section "Understanding<B> </B>the<B> </B>Audit<B> </B>Log" in the "SQL Server 2000 Auditing" article at <A href="http://www.microsoft.com/technet/security/prodtech/dbsql/sql2kaud.mspx">http://www.microsoft.com/technet/security/prodtech/dbsql/sql2kaud.mspx</A>.</LI></UL>]]></content></guidanceItem>