﻿<?xml version="1.0" encoding="utf-8"?><guidanceItem id="108d648a-84df-402c-90bd-82545856cb93" type="checklist" title="Administration interfaces to the router are enumerated and secured." cssFile="guidance.css" Date="2007-12-18T19:31:42.747Z" Author="J.D. Meier, Alex Mackman, Michael Dunner, Srinath Vasireddy, Ray Escamilla and Anandha Murukan" Category="Router Considerations" filePath="..\Libraries\patterns &amp; practices Library\Checklist Item\108d648a-84df-402c-90bd-82545856cb93.xml" Priority="2" Rule_Type="Deployment" Source="patterns &amp; practices Library" Status="Beta" Technology="Web Application" Topic="Security" Type="Checklist Item" xmlns="urn:microsoft:guidanceexplorer:guidanceItem"><content><![CDATA[<H1>Applies to</H1><UL><LI><DIV>Web Application</DIV></LI></UL><H1>What to Check For</H1><P>Check to ensure that only required interfaces are enabled on the router. An unused interface is not monitored or controlled, and it is probably not updated. This might expose you to unknown attacks on those interfaces.</P>]]></content></guidanceItem>