﻿<?xml version="1.0" encoding="utf-8"?><guidanceItem id="1094915e-415a-46fe-94eb-ffc770de19e4" type="checklist" title="Correct format of role names is verified when using roles in &lt;authorization&gt; element" cssFile="guidance.css" Date="2007-12-18T21:31:42.56Z" Author="J.D. Meier, Srinath Vasireddy, Ashish Babbar, John Allen and Alex Mackman" Category="Configuration" filePath="..\Libraries\patterns &amp; practices Library\Checklist Item\1094915e-415a-46fe-94eb-ffc770de19e4.xml" Priority="2" Rule_Type="Implementation" Source="patterns &amp; practices Library" Status="Beta" Technology="ASP.NET 1.1" Topic="Security" Type="Checklist Item" xmlns="urn:microsoft:guidanceexplorer:guidanceItem"><content><![CDATA[<H1>Applies to</H1><UL><LI><DIV>ASP.NET 1.1</DIV></LI></UL><H1>What to Check For</H1><P>Check to ensure that correct format of role names is verified when using roles in &lt;authorization&gt; element.</P>]]></content></guidanceItem>