﻿<?xml version="1.0" encoding="utf-8"?><guidanceItem id="10993cef-4d46-4255-bfcd-ea2dd02f0550" type="checklist" title="Constrain the delegate before calling it by using security permissions with SecurityAction.PermitOnly." cssFile="guidance.css" Date="2007-12-15T00:06:20.717Z" Author="J.D. Meier, Srinath Vasireddy, Ashish Babbar, Rico Mariani, and Alex Mackman" Category="Delegates" filePath="..\Libraries\patterns &amp; practices Library\Checklist Item\10993cef-4d46-4255-bfcd-ea2dd02f0550.xml" Priority="2" Rule_Type="Implementation" Source="patterns &amp; practices Library" Status="Beta" Technology=".NET 1.1" Topic="Security" Type="Checklist Item" xmlns="urn:microsoft:guidanceexplorer:guidanceItem"><content><![CDATA[<H1>Applies to</H1><UL><LI><DIV>.NET 1.1</DIV></LI></UL><H1>What to Check For</H1><P>Check to ensure that your application constrains the delegate before calling it by using security permissions with SecurityAction.PermitOnly, when&nbsp;it accepts&nbsp;a delegate from untrusted code.</P><H1>How to Fix</H1><P>The permissions granted to the code that calls the delegate determine the capabilities of the delegate. If your code has more permissions than the code that gives you the delegate, this provides a way for the caller to execute code using elevated permissions. To address this issue, you can either authorize the external code at the point it passes you the delegate with an appropriate permission demand, or you can restrict the permissions of the delegate just prior to calling it by using a deny or permit only stack modifier. For example, the following code only grants the delegate code execution permission to constrain its capabilities.</P><DIV><PRE>// Delegate definitionpublic delegate void SomeDelegate();<BR>. . .<BR> // Permit only execution, prior to calling the delegate. This prevents the/<BR>/ delegate code accessing resources or performing other privileged<BR>// operations<BR>new SecurityPermission(SecurityPermissionFlag.Execution).PermitOnly();<BR>// Now call the "constrained" delegate<BR>SomeDelegate();<BR>// Revert the permit only stack modifier<BR>CodeAccessPermission.RevertPermitOnly();</PRE></DIV>]]></content></guidanceItem>