﻿<?xml version="1.0" encoding="utf-8"?><guidanceItem id="10a5ac28-1882-43be-b0f8-4932360565db" type="checklist" title="MS DTC is disabled if it is not being used by any applications." cssFile="guidance.css" Date="2007-12-18T18:21:19.423Z" Author="J.D. Meier, Alex Mackman, Michael Dunner, Srinath Vasireddy, Ray Escamilla and Anandha Murukan" Category="Deployment Considerations" filePath="..\Libraries\patterns &amp; practices Library\Checklist Item\10a5ac28-1882-43be-b0f8-4932360565db.xml" Priority="2" Rule_Type="Deployment" Source="patterns &amp; practices Library" Status="Beta" Technology="SQL Server 2000" Topic="Security" Type="Checklist Item" xmlns="urn:microsoft:guidanceexplorer:guidanceItem"><content><![CDATA[<H1>Applies to</H1><UL><LI><DIV>SQL Server 2000 </DIV><LI><DIV>Windows 2000 Server</DIV><DIV></DIV></LI></UL><H1>What to Check For</H1><P>Check to ensure that Microsoft Distributed Transaction Coordinator (MS DTC)&nbsp;is disabled if no distributed transactions&nbsp;uses this service.</P>]]></content></guidanceItem>