﻿<?xml version="1.0" encoding="utf-8"?><guidanceItem id="10bb9d62-564d-40fe-832d-54e7abdc1f69" type="checklist" title="Avoid checking the State property of OleDbConnection." cssFile="guidance.css" Date="2007-12-17T07:53:45.033Z" Author="J.D. Meier, Srinath Vasireddy, Ashish Babbar, and Alex Mackman" Category="Connections" filePath="..\Libraries\patterns &amp; practices Library\Checklist Item\10bb9d62-564d-40fe-832d-54e7abdc1f69.xml" Priority="2" Rule_Type="Implementation" Source="patterns &amp; practices Library" Status="Beta" Technology="ADO.NET 1.1" Topic="Performance" Type="Checklist Item" xmlns="urn:microsoft:guidanceexplorer:guidanceItem"><content><![CDATA[<H1>Applies to</H1><UL><LI><DIV>ADO.NET 1.1</DIV></LI></UL><H1>What to Check For</H1><P>Check to ensure&nbsp;that your application avoids using the State property of OleDbConnection to check the connection status.</P><H1>How to Check</H1><P>If you need to monitor or check connection status and you are using an <B>OleDbConnection</B>, consider handling the <B>StateChange</B> event, and avoid checking the <B>State</B> property. This approach helps to minimize round trips.</P><P>Using the <B>State</B> property increases application overhead, because each call results in a call to the OLE DB <B>DBPROP_CONNECTIONSTATUS</B> property (if the connection is an <B>OleDbConnection</B>) for an open connection.</P><BLOCKQUOTE><B>Note&nbsp;&nbsp;&nbsp;</B>The .NET Framework 2.0 (code named "Whidbey"), at the time of writing, provides an updated OLE DB .NET Data Provider that resolves this problem.</BLOCKQUOTE><P></P><H1>How to Fix</H1><P>The following code fragment shows how to implement the <B>StateChange</B> event. This event is raised when the state of the connection changes from open to closed or from closed to open.</P><DIV><PRE>OleDbConnection conn = new OleDbConnection(connStr<BR>Set up a connection state change handler.conn.StateChange<BR>  &#43;= new StateChangeEventHandler(OnStateChange);<BR>. . .<BR>// StateChange event handler.<BR>protected static void OnStateChange(object sender, StateChangeEventArgs args)&#123;<BR>  Console.WriteLine("The current Connection state has changed from &#123;0&#125; to &#123;1&#125;.",<BR>                                  args.OriginalState, args.CurrentState);&#125;</PRE></DIV><BLOCKQUOTE><B>Note&nbsp;&nbsp;&nbsp;</B>The ODBC provider also incurs similar overhead when using the <B>State</B> property.</BLOCKQUOTE>]]></content></guidanceItem>