﻿<?xml version="1.0" encoding="utf-8"?><guidanceItem id="10c3aa47-02ca-4cab-b0bd-aaae319dca99" type="checklist" title="Classes Are Not Made Thread Safe By Default." cssFile="guidance.css" Date="2007-12-15T03:44:25.57Z" Author="J.D. Meier, Srinath Vasireddy, Ashish Babbar, Rico Mariani, and Alex Mackman" Category="Class Design Considerations" filePath="..\Libraries\patterns &amp; practices Library\Checklist Item\10c3aa47-02ca-4cab-b0bd-aaae319dca99.xml" Priority="2" Rule_Type="Design" Source="patterns &amp; practices Library" Status="Beta" Technology=".NET 2.0" Topic="Performance" Type="Checklist Item" xmlns="urn:microsoft:guidanceexplorer:guidanceItem"><content><![CDATA[<H1>Applies to</H1><UL><LI>.NET&nbsp;2.0&nbsp;</LI></UL><H1>What to Check For</H1>Check and assess that the classes which are made thread safe, whether you need to make that individual class thread safe. Thread safety and synchronization is often required at a higher layer in the software architecture and not at an individual class level. When you design a specific class, you often do not know the proper level of atomicity, especially for lower-level classes. <H1>Why</H1>For making a class thread safe you need to use extra code and add lots of constrained using locks in the code which makes the code less performant. Hence make the classes thread safe only when required. <H1>How to Check</H1><P>Here are the steps for checking that classes are not made thread safe by default.</P><OL><LI>Identify all the classes in the code which are made thread safe except for the static classes which should be thread safe by default. <LI>Check if the classes really needs to be thread safe, can the thread safety and synchronization move to&nbsp;higher layer in the software architecture. <LI>If the classes needs to be thread safe then&nbsp;is the thread safety implemented properly using Locks and Monitors.&nbsp;&nbsp;&nbsp;&nbsp;</LI></OL><H1>How to Fix</H1><P>If you do require to make thread safety you have&nbsp;can use <SPAN>SyncLock or Monitors</SPAN></P><P><SPAN><STRONG>Using</STRONG> <STRONG>SyncLock / lock</STRONG><BR>The <STRONG>SyncLock</STRONG> statement in VB.NET and&nbsp;<STRONG>lock</STRONG> statement&nbsp;in C#&nbsp;ensures that multiple threads do not execute the statement block at the same time. <B>SyncLock / lock</B>&nbsp;prevents each thread from entering the block until no other thread is executing it.</SPAN></P><PRE>VB.NET<BR>SyncLock lockObject<BR>   myField &#43;= 1End SyncLockC#lock(lockObject)<BR>&#123;<BR>    myField&#43;&#43;;<BR>&#125;</PRE><P><STRONG>Using Monitor</STRONG> <BR><SPAN>The <B>Monitor</B> class controls access to objects by granting a lock for an object to a single thread.</SPAN>&nbsp;<SPAN>You can also use <B>Monitor</B> to ensure that no other thread is allowed to access a section of application code being executed by the lock owner, unless the other thread is executing the code using a different locked object.</SPAN>&nbsp;</P><PRE>Object lockObj = new Object();<BR>Monitor.Enter(lockObj);<BR>// Thread safe code goes here<BR>Monitor.Exit(lockObj);</PRE><P><STRONG>Note</STRONG>&nbsp;&nbsp; Using the <STRONG>SyncLock</STRONG> / <STRONG>lock</STRONG>&nbsp;construct is preferred because it automatically adds the code to ensure that the monitor is released.</P><H1>Additional Resources</H1><UL><LI>For more information see "<SPAN>Managed Threading Best Practices</SPAN>" at <A href="http://msdn2.microsoft.com/en-us/library/1c9txz50.aspx">http://msdn2.microsoft.com/en-us/library/1c9txz50.aspx</A>&nbsp; <LI>For&nbsp; more information see "Chapter 5 &#8212; Improving Managed Code Performance" at <A href="http://msdn.microsoft.com/library/default.asp?url=/library/en-us/dnpag/html/scalenetchapt05.asp">http://msdn.microsoft.com/library/default.asp?url=/library/en-us/dnpag/html/scalenetchapt05.asp</A> <LI>For more information see "Checklist: Managed Code Performance" at <A href="http://msdn.microsoft.com/library/default.asp?url=/library/en-us/dnpag/html/ScaleNetCheck06.asp">http://msdn.microsoft.com/library/default.asp?url=/library/en-us/dnpag/html/ScaleNetCheck06.asp</A></LI></UL>]]></content></guidanceItem>