﻿<?xml version="1.0" encoding="utf-8"?><guidanceItem id="111497ea-e312-490e-b0f5-b692232ecad4" type="checklist" title="Provide thread-safe cleanup code only if your type is thread-safe." cssFile="guidance.css" Date="2007-12-15T00:41:50.81Z" Author="J.D. Meier, Srinath Vasireddy, Ashish Babbar, Rico Mariani, and Alex Mackman" Category="Finalize and Dispose" filePath="..\Libraries\patterns &amp; practices Library\Checklist Item\111497ea-e312-490e-b0f5-b692232ecad4.xml" Priority="2" Rule_Type="Implementation" Source="patterns &amp; practices Library" Status="Beta" Technology=".NET 1.1" Topic="Performance" Type="Checklist Item" xmlns="urn:microsoft:guidanceexplorer:guidanceItem"><content><![CDATA[<H1>Applies to</H1><UL><LI><DIV>.NET 1.1</DIV></LI></UL><H1>What to Check For</H1><P>Check to ensure that your application&nbsp;provides thread-safe cleanup code only if its type is thread-safe.</P><H1>How to Check</H1><P>If your type is thread safe, make sure your cleanup code is also thread safe. For example, if your thread safe type provides both <B>Close</B> and <B>Dispose</B> methods to clean up resources, ensure you synchronize threads calling <B>Close</B> and <B>Dispose</B> simultaneously. </P><H1>Additional Resources</H1><UL><LI>For more information about performance testing, see Chapter 5, "<A href="http://msdn2.microsoft.com/en-us/library/ms998547.aspx">Improving Managed Code Performance</A>".</LI></UL>]]></content></guidanceItem>