﻿<?xml version="1.0" encoding="utf-8"?><guidanceItem id="11343df2-d9ff-4697-83e6-39a672156dc7" type="checklist" title="Restrict access to all ports on the server except the ports configured for SQL Server and database instances (TCP 1433 and UDP 1434 by default)." cssFile="guidance.css" Date="2007-12-18T18:19:05.7Z" Author="J.D. Meier, Alex Mackman, Michael Dunner, Srinath Vasireddy, Ray Escamilla and Anandha Murukan" Category="Deployment Considerations" filePath="..\Libraries\patterns &amp; practices Library\Checklist Item\11343df2-d9ff-4697-83e6-39a672156dc7.xml" Priority="2" Rule_Type="Deployment" Source="patterns &amp; practices Library" Status="Beta" Technology="SQL Server 2000" Topic="Security" Type="Checklist Item" xmlns="urn:microsoft:guidanceexplorer:guidanceItem"><content><![CDATA[<H1>Applies to</H1><UL><LI><DIV>SQL Server 2000 </DIV><LI><DIV>Windows 2000 Server</DIV><DIV></DIV></LI></UL><H1>What to Check For</H1><P>Check to ensure that all ports on the server are restricted&nbsp;except the ports configured for SQL Server and database instances.</P><P></P><H1>How to Fix</H1><P>Use a perimeter firewall to prevent direct access from the Internet to the SQL Server ports &#8212; by default, TCP port 1433 and UDP port 1434. This does not protect your server against internal attacks. Configure IPSec policies to limit access, through TCP port 1433 and UDP port 1434, from Web or application servers that connect to the database by design.</P><H1>Additional Resources</H1><UL><LI>For more information, see "<A href="http://msdn2.microsoft.com/en-us/library/aa302366.aspx">How To: Use&nbsp;IPSec</A>" in the "How To" section of this guide.</LI></UL>]]></content></guidanceItem>