﻿<?xml version="1.0" encoding="utf-8"?><guidanceItem id="113ee64c-43f2-4018-b89d-bf2b42b031c3" type="checklist" title="The Web site is partitioned into public access areas and restricted areas that require authentication access. Navigation between these areas should not flow sensitive credentials information." cssFile="guidance.css" Date="2007-12-18T21:54:59.377Z" Author="J.D. Meier, Srinath Vasireddy, Ashish Babbar, John Allen and Alex Mackman" Category="Design Considerations" filePath="..\Libraries\patterns &amp; practices Library\Checklist Item\113ee64c-43f2-4018-b89d-bf2b42b031c3.xml" Priority="2" Rule_Type="Design" Source="patterns &amp; practices Library" Status="Beta" Technology="ASP.NET 1.1" Topic="Security" Type="Checklist Item" xmlns="urn:microsoft:guidanceexplorer:guidanceItem"><content><![CDATA[<H1>Applies to</H1><UL><LI><DIV>ASP.NET 1.1</DIV></LI></UL><H1>What to Check For</H1><P>Consider using a separate folder to help protect pages that require authenticated access. Configure that folder in IIS to require SSL access. Those pages that support anonymous access can safely be accessed over HTTP connections.</P><H1>How to Check</H1><P>Your Web site design should clearly differentiate between publicly accessible areas and restricted areas that require authenticated access. Use separate subdirectories beneath your application's virtual root directory to maintain restricted pages, such as checkout functionality in a classic e-commerce Web site that requires authenticated access and transmits sensitive data such as credit card numbers. Separate subdirectories allow you to apply additional security (for example, by requiring SSL) without incurring SSL performance overhead across the entire site. It also allows you to mitigate the risk of session hijacking by restricting the transmission of authentication cookies to HTTPS connections. Figure&nbsp;shows a typical partitioning.</P><P><IMG alt="" src="http://msdn2.microsoft.com/en-us/library/Aa302426.f10thcm02(en-us,MSDN.10).gif" border=0></P><P><B>Figure</B></P><P><B><I>A Web site partitioned into public and secure areas</I></B></P><P>Note that in Figure 10.2, the restricted subfolder is configured in Internet Information Services (IIS) to require SSL access. The first <B>&lt;authorization&gt; </B>element in Web.config allows all users to access the public area, while the second element prevents unauthenticated users from accessing the contents of the secured subfolder and forces&nbsp;a login.</P><P>For more information about restricting authentication cookies so that they are passed&nbsp;only over HTTPS connections and about how to navigate between restricted&nbsp;and non-restricted pages, see "Use Absolute URLs for Navigation" in the&nbsp;"<A href="http://msdn2.microsoft.com/en-us/library/aa302426.aspx#c10618429_008">Authentication</A>" section of this chapter.</P>]]></content></guidanceItem>