﻿<?xml version="1.0" encoding="utf-8"?><guidanceItem id="116e8521-7895-44fb-ae11-be8063b355fb" type="checklist" title="Use default server configuration settings for most applications." cssFile="guidance.css" Date="2007-12-18T18:57:04.457Z" Author="J.D. Meier, Srinath Vasireddy, Ashish Babbar, Sharon Bjeletich and Alex Mackman" Category="Deployment Considerations" filePath="..\Libraries\patterns &amp; practices Library\Checklist Item\116e8521-7895-44fb-ae11-be8063b355fb.xml" Priority="2" Rule_Type="Implementation" Source="patterns &amp; practices Library" Status="Beta" Technology="SQL Server 2000" Topic="Performance" Type="Checklist Item" xmlns="urn:microsoft:guidanceexplorer:guidanceItem"><content><![CDATA[<H1>Applies to</H1><UL><LI><DIV>SQL Server 2000</DIV></LI></UL><H1>What to Check For</H1><P>Check to ensure that you use default server configuration settings for most of your&nbsp;applications.</P><H1>How to Check</H1><P>SQL Server uses optimal configuration settings when it is newly installed. Changing the configuration settings may actually decrease performance except in certain high load situations. Thoroughly test any configuration change before making it to ensure that the change really improves performance or scalability. One exception is the memory setting, which is discussed later in this section.</P><P>To find out if your server settings comply with common best practices, you can download the Microsoft SQL Server 2000 Best Practices Analyzer tool at <A href="http://www.microsoft.com/downloads/details.aspx?familyid=b352eb1f-d3ca-44ee-893e-9e07339c1f22&amp;displaylang=en">http://www.microsoft.com/downloads/details.aspx?FamilyId=B352EB1F-D3CA-44EE-893E-9E07339C1F22&amp;displaylang=en</A>.</P><H1>Additional Resources</H1><UL><LI><P>For more information about SQL Server configuration settings, see Knowledge Base article 319942, "HOW TO: Determine Proper SQL Server Configuration Settings," at <A href="http://support.microsoft.com/default.aspx?scid=kb;en-us;319942">http://support.microsoft.com/default.aspx?scid=kb;en-us;319942</A>.</P></LI></UL>]]></content></guidanceItem>