﻿<?xml version="1.0" encoding="utf-8"?><guidanceItem id="118129aa-58fb-402d-a40e-e3772d12bb7a" type="checklist" title="If you use Enterprise Services, also use stateless components to facilitate object pooling." cssFile="guidance.css" Date="2007-12-14T22:49:58.86Z" Author="J.D. Meier, Srinath Vasireddy, Ashish Babbar, Rico Mariani, and Alex Mackman" Category="State Management" filePath="..\Libraries\patterns &amp; practices Library\Checklist Item\118129aa-58fb-402d-a40e-e3772d12bb7a.xml" Priority="2" Rule_Type="Implementation" Source="patterns &amp; practices Library" Status="Beta" Technology=".NET 2.0" Topic="Performance" Type="Checklist Item" xmlns="urn:microsoft:guidanceexplorer:guidanceItem"><content><![CDATA[<H1>Applies to</H1><UL><LI><DIV>.NET 2.0</DIV></LI></UL><H1>What to Check For</H1><P>Check to ensure that your application uses stateless components to facilitate object pooling when using Enterprise Services.</P><H1>How to Check</H1><P>If you plan to use Enterprise Services object pooling, you need to design stateless components. This is because the objects need to be recycled across various requests from different clients. Storing state for a particular client means the object cannot be shared across clients.</P><H1>Additional Resources</H1><UL><LI><DIV>For more information about improving view state efficiency, see "<A href="http://msdn2.microsoft.com/en-us/library/ms998544.aspx#scalenetchapt04&#37;20_topic11">State Management</A>".</DIV></LI><LI><DIV>For more information, see "State Management" in Chapter 8, "<A onclick="javascript:Track('ctl00_rs1_mainContentContainer_ctl00&#124;ctl00_rs1_mainContentContainer_ctl129',this);" href="http://msdn2.microsoft.com/en-us/library/ms998556.aspx">Improving Enterprise Services Performance</A>." </DIV></LI></UL>]]></content></guidanceItem>