﻿<?xml version="1.0" encoding="utf-8"?><guidanceItem id="11a86a1f-ebbf-4991-a886-542b6812a88b" type="checklist" title="Keys are not held in code." cssFile="guidance.css" Date="2007-12-14T23:51:20.303Z" Author="J.D. Meier, Srinath Vasireddy, Ashish Babbar, Rico Mariani, and Alex Mackman" Category="Cryptography" filePath="..\Libraries\patterns &amp; practices Library\Checklist Item\11a86a1f-ebbf-4991-a886-542b6812a88b.xml" Priority="2" Rule_Type="Implementation" Source="patterns &amp; practices Library" Status="Beta" Technology=".NET 1.1" Topic="Security" Type="Checklist Item" xmlns="urn:microsoft:guidanceexplorer:guidanceItem"><content><![CDATA[<H1>Applies to</H1><UL><LI><DIV>.NET 1.1</DIV></LI></UL><H1>What to Check For</H1><P>Check to ensure that&nbsp;the keys are not stored in code because hard-coded keys in your compiled assembly can be disassembled using tools similar to ILDASM, which will render your key in plaintext.</P>]]></content></guidanceItem>