﻿<?xml version="1.0" encoding="utf-8"?><guidanceItem id="1292b28d-b66a-400f-bc84-e3edb9fe9af3" type="checklist" title="When Impersonating Programmatically be Sure to Revert to Original Context" cssFile="guidance.css" Date="2008-06-27T15:28:39.387Z" Author="J.D. Meier, Jason Taylor, Prashant Bansode, Carlos Farre, Madhu Sundararajan, Rob Boucher, Steve Gregersen" Category="Impersonation and Delegation" filePath="..\Libraries\patterns &amp; practices Library\Checklist Item\1292b28d-b66a-400f-bc84-e3edb9fe9af3.xml" Priority="2" Rule_Type="Implementation" Source="patterns &amp; practices Library" Status="Release" Technology="WCF 3.5" Topic="Security" Type="Checklist Item" xmlns="urn:microsoft:guidanceexplorer:guidanceItem"><content><![CDATA[<H1>Applies to</H1><UL><LI>Microsoft&#174; Windows Communication Foundation (WCF) 3.5 <LI>Microsoft Visual Studio&#174; 2008</LI></UL><H1>What to Check For</H1><P>Check to ensure that you application reverts to original context when impersonating programmatically. </P>

]]></content></guidanceItem>