﻿<?xml version="1.0" encoding="utf-8"?><guidanceItem id="12a34e57-a605-47af-9e72-629d1289f1fe" type="checklist" title="The design identifies the application configuration maintenance points" cssFile="guidance.css" Date="2007-12-18T21:30:30.467Z" Author="J.D. Meier, Srinath Vasireddy, Ashish Babbar, John Allen and Alex Mackman" Category="Deployment Considerations" filePath="..\Libraries\patterns &amp; practices Library\Checklist Item\12a34e57-a605-47af-9e72-629d1289f1fe.xml" Priority="2" Rule_Type="Design" Source="patterns &amp; practices Library" Status="Beta" Technology="ASP.NET 1.1" Topic="Security" Type="Checklist Item" xmlns="urn:microsoft:guidanceexplorer:guidanceItem"><content><![CDATA[<H1>Applies to</H1><UL><LI><DIV>ASP.NET 1.1</DIV></LI></UL><H1>What to Check For</H1><P>Check to ensure that your application design identifies the configuration maintenance points such as what needs to be configured and what tools are available for an IDC admin.</P>]]></content></guidanceItem>