﻿<?xml version="1.0" encoding="utf-8"?><guidanceItem id="12ae208a-1f45-4edf-9e95-151d6395bf7a" type="checklist" title="Validate SQL input and use Parameter objects." cssFile="guidance.css" Date="2007-12-17T05:07:55.907Z" Author="J.D. Meier, Alex Mackman, Blaine Wastell, Prashant Bansode, Chaitanya Bijwe" Category="Commands" filePath="..\Libraries\patterns &amp; practices Library\Checklist Item\12ae208a-1f45-4edf-9e95-151d6395bf7a.xml" Priority="2" Rule_Type="Implementation" Source="patterns &amp; practices Library" Status="Beta" Technology="ADO.NET 2.0" Topic="Performance" Type="Checklist Item" xmlns="urn:microsoft:guidanceexplorer:guidanceItem"><content><![CDATA[<H1>Applies to</H1><UL><LI><DIV>ADO.NET 2.0</DIV></LI></UL><H1>What to Check For</H1><P>Check to ensure&nbsp;that your application validates all the input data that is used in SQL commands.</P><H1>Why</H1><P>This&nbsp;helps in lowering the risk of SQL injection.</P><H1>How to Check</H1><P>Validate all the input data that you use in SQL commands. Do not permit the client to retrieve more data than it should. Also, do not trust user input, and do not permit the client to perform operations that it should not perform.&nbsp;By rejecting invalid data early before you issue a command that has the invalid data, you can improve performance by eliminating unnecessary database requests.</P><P>Use <B>Parameter</B> objects when you build database commands. When you use <B>Parameter</B> objects, each parameter is automatically type checked. Checking the type is another effective countermeasure you can use to help prevent SQL injection. Ideally, use <B>Parameter</B> objects in conjunction with stored procedures to improve performance.</P><H2>Using Parameters with Stored Procedures</H2><P>The following code sample illustrates how to use the <B>Parameters</B> collection.</P><DIV><PRE>SqlDataAdapter myCommand = new SqlDataAdapter("AuthorLogin", conn);<BR>myCommand.SelectCommand.CommandType = CommandType.StoredProcedure;<BR>SqlParameter parm = myCommand.SelectCommand.Parameters.Add(<BR>                       "&#64;au_id", SqlDbType.VarChar, 11);<BR>parm.Value = Login.Text;</PRE></DIV><P>In the code sample, the <B>&#64;au_id</B> parameter is treated as a literal value and not as code that can be run. Also, the parameter is checked for type and length. In the code fragment, the input value cannot be longer than 11 characters. If the data does not conform to the type or length that is defined by the parameter, an exception is generated.</P><P>Using stored procedures alone does not necessarily prevent SQL injection. The important thing to do is use parameters with stored procedures. If you do not use parameters, your stored procedures may be susceptible to SQL injection if the stored procedures use unfiltered input. For example, the following code fragment is susceptible to SQL injection.</P><DIV><PRE>SqlDataAdapter myCommand = new SqlDataAdapter("LoginStoredProcedure '" &#43;<BR>                               Login.Text &#43; "'", conn);</PRE></DIV><H2>Using Parameters with Dynamic SQL</H2><P>If you cannot use stored procedures, you can still use parameters with dynamic SQL as shown in the following code fragment.</P><DIV><PRE>SqlDataAdapter myCommand = new SqlDataAdapter("SELECT au_lname,<BR>&#9;&#9; au_fname FROM Authors WHERE au_id = &#64;au_id", conn);<BR>SqlParameter parm = myCommand.SelectCommand.Parameters.Add("&#64;au_id",<BR>                        SqlDbType.VarChar, 11);parm.Value = Login.Text;</PRE></DIV>]]></content></guidanceItem>