﻿<?xml version="1.0" encoding="utf-8"?><guidanceItem id="12bc00f8-46c6-4212-be03-25167b560259" type="checklist" title="Use MBR when you need to update data frequently on the server." cssFile="guidance.css" Date="2007-12-18T20:43:50.84Z" Author="J.D. Meier, Srinath Vasireddy, Ashish Babbar, and Alex Mackman" Category="MBR and MBV" filePath="..\Libraries\patterns &amp; practices Library\Checklist Item\12bc00f8-46c6-4212-be03-25167b560259.xml" Priority="2" Rule_Type="Implementation" Source="patterns &amp; practices Library" Status="Beta" Technology="Remoting (.NET 1.1)" Topic="Performance" Type="Checklist Item" xmlns="urn:microsoft:guidanceexplorer:guidanceItem"><content><![CDATA[<H1>Applies to</H1><UL><LI><DIV>Remoting (.NET 1.1)</DIV></LI></UL><H1>What to Check For</H1><P>Check to ensure that your application uses MBR when it needs to update data frequently on the server.</P><H1>How to Check</H1><P>If the data needs to be frequently updated on the server, using a MBV may serve as a costly option. Use MBR to reduce the cost of serializing the whole of the object. The proxy marshals the data to the server's application domain. </P>]]></content></guidanceItem>