﻿<?xml version="1.0" encoding="utf-8"?><guidanceItem id="12d1f87a-7d47-4cd1-8fbf-0027eb73a734" type="checklist" title="Use SQL transactions for server controlled-transactions on a single data store." cssFile="guidance.css" Date="2008-01-12T01:03:01.75Z" Author="J.D. Meier, Srinath Vasireddy, Ashish Babbar, and Alex Mackman" Category="Transactions" filePath="..\Libraries\patterns &amp; practices Library\Checklist Item\12d1f87a-7d47-4cd1-8fbf-0027eb73a734.xml" Priority="2" Rule_Type="Implementation" Source="patterns &amp; practices Library" Status="Beta" Technology="ADO.NET 1.1" Topic="Performance" Type="Checklist Item" xmlns="urn:microsoft:guidanceexplorer:guidanceItem"><content><![CDATA[<H1>Applies to</H1><UL><LI><DIV>ADO.NET 1.1</DIV></LI></UL><H1>What to Check For</H1><P>Check to ensure that your application uses SQL transactions for server controlled-transactions on a single data store.</P><H1>How to Check</H1><P>If you need to write to a single data store, and if you can complete the operation in a single call to the database, use the transaction control provided by the SQL language on your database server. The transaction runs close to the data and reduces the cost of the transaction. Running the transaction close to the data also permits database administrators to tune the operation without changing the deployment of your application code. The following code fragment shows a simple T-SQL transaction performed in a stored procedure.</P><DIV><PRE>BEGIN TRANUPDATE Orders SET Freight=&#64;Freight <BR>Where OrderID=&#64;OrderIDUPDATE &#91;Order Details&#93; SET <A href="mailto:Quantity=&#64;Quantity">Quantity=&#64;Quantity</A> <BR>Where <A href="mailto:OrderID=&#64;OrderID">OrderID=&#64;OrderID</A><BR>IF (&#64;&#64;ERROR &gt; 0)<BR>ROLLBACK TRANSACTION<BR>ELSE<BR>COMMIT TRANSACTION</PRE></DIV><BLOCKQUOTE><B>Note&nbsp;&nbsp;&nbsp;</B>If you need to control a transaction across multiple calls to a single data store, use ADO.NET manual transactions.</BLOCKQUOTE><H1>Additional Resources</H1><UL><LI>For more information about transaction options and how to analyze transaction performance, see the following resources on MSDN: <UL><LI>"Performance Comparison: Transaction Control" at <A href="http://msdn.microsoft.com/library/default.asp?url=/library/en-us/dnbda/html/bdadotnetarch13.asp">http://msdn.microsoft.com/library/default.asp?url=/library/en-us/dnbda/html/bdadotnetarch13.asp</A> <LI>"Implementing Database Transactions with Microsoft .NET" at <A href="http://msdn.microsoft.com/library/default.asp?url=/library/en-us/dnbda/html/psent.asp">http://msdn.microsoft.com/library/default.asp?url=/library/en-us/dnbda/html/psent.asp</A> </LI></UL><LI>For more information about enlisting a pooled object in a distributed transaction, see "Enlisting in a Distributed Transaction" in the <I>.NET Framework Developer's Guide</I> at <A href="http://msdn.microsoft.com/library/default.asp?url=/library/en-us/cpguide/html/cpconenlistingindistributedtransaction.asp">http://msdn.microsoft.com/library/default.asp?url=/library/en-us/cpguide/html/cpconenlistingindistributedtransaction.asp</A>.</LI></UL>]]></content></guidanceItem>