﻿<?xml version="1.0" encoding="utf-8"?><guidanceItem id="1329e7a5-2542-4805-934a-82df54bae131" type="checklist" title="Sensitive data is not logged in clear text by the application." cssFile="guidance.css" Date="2007-12-18T22:04:30.56Z" Author="J.D. Meier, Srinath Vasireddy, Ashish Babbar, John Allen and Alex Mackman" Category="Sensitive Data" filePath="..\Libraries\patterns &amp; practices Library\Checklist Item\1329e7a5-2542-4805-934a-82df54bae131.xml" Priority="2" Rule_Type="Design" Source="patterns &amp; practices Library" Status="Beta" Technology="ASP.NET 1.1" Topic="Security" Type="Checklist Item" xmlns="urn:microsoft:guidanceexplorer:guidanceItem"><content><![CDATA[<H1>Applies to</H1><UL><LI><DIV>ASP.NET 1.1</DIV></LI></UL><H1>What to Check For</H1><P>Check to ensure that your application&nbsp;does not logs sensitive data in clear text.</P><H1>How to Check</H1><P>Examine whether or not your application (or the host) logs sensitive data such as user account passwords in clear text log files. You should generally avoid this. Make sure the application does not pass sensitive data in query strings because these are logged and are also clearly visible in the client's browser address bar.</P><P>&nbsp;</P>]]></content></guidanceItem>