﻿<?xml version="1.0" encoding="utf-8"?><guidanceItem id="13a51d3d-cf40-499c-ad9b-572e947a46fb" type="checklist" title="All failed Windows login attempts are logged." cssFile="guidance.css" Date="2007-12-18T18:13:37.86Z" Author="J.D. Meier, Alex Mackman, Michael Dunner, Srinath Vasireddy, Ray Escamilla and Anandha Murukan" Category="Auditing and Logging" filePath="..\Libraries\patterns &amp; practices Library\Checklist Item\13a51d3d-cf40-499c-ad9b-572e947a46fb.xml" Priority="2" Rule_Type="Deployment" Source="patterns &amp; practices Library" Status="Beta" Technology="SQL Server 2000" Topic="Security" Type="Checklist Item" xmlns="urn:microsoft:guidanceexplorer:guidanceItem"><content><![CDATA[<H1>Applies to</H1><UL><LI><DIV>SQL Server 2000 </DIV><LI><DIV>Windows 2000 Server</DIV><DIV></DIV></LI></UL><H1>What to Check For</H1><P>Check to ensure that&nbsp;all&nbsp;failed Windows login attempts are logged to detect and trace malicious behavior.</P><P></P><H1>How to Fix</H1><P><B>To audit failed logon attempts</B> </P><OL><LI>Start the Local Security Policy tool. <LI>Expand <B>Local Policies</B> and then select <B>Audit Policy</B>. <LI>Double-click <B>Audit account logon events</B>. <LI>Click <B>Failure</B>, and then click <B>OK</B>. </LI></OL><P>Windows logon failures are recorded as events in the Windows security event log. The following event IDs are suspicious: </P><UL><LI><B>531</B>. This means an attempt was made to log on using a disabled account. <LI><B>529</B>. This means an attempt was made to log on using an unknown user account or using a valid user account but with an invalid password. An unexpected increase in the number of these audit events might indicate an attempt to guess passwords.</LI></UL>]]></content></guidanceItem>