﻿<?xml version="1.0" encoding="utf-8"?><guidanceItem id="13e5c84d-85e4-40fa-8540-6ded13a15296" type="checklist" title="Consider Web garden configuration" cssFile="guidance.css" Date="2007-12-14T00:23:59.84Z" Author="J.D. Meier, Alex Mackman, Blaine Wastell, Prashant Bansode, Andy Wigley, Kishore Gopalan" Category="Deployment Considerations" filePath="..\Libraries\patterns &amp; practices Library\Checklist Item\13e5c84d-85e4-40fa-8540-6ded13a15296.xml" Priority="2" Rule_Type="Implementation" Source="patterns &amp; practices Library" Status="Beta" Technology="ASP.NET 2.0" Topic="Performance" Type="Checklist Item" xmlns="urn:microsoft:guidanceexplorer:guidanceItem"><content><![CDATA[<H1>Applies to</H1><UL><LI><DIV>ASP.NET 2.0</DIV></LI></UL><H1>What to Check For</H1><P>Check to ensure that your application considers using Web garden configuration where <SPAN>appropriate</SPAN>.</P><H1>How to Check</H1><P>Consider using Web gardens if your application uses STA objects heavily or if your application accesses a pool of resources that are bound by the number of processes.</P><P>To determine the effectiveness of Web gardens for your application, run performance tests, and then compare the results with and without Web gardens.</P>]]></content></guidanceItem>