﻿<?xml version="1.0" encoding="utf-8"?><guidanceItem id="1410849c-91ad-4293-a526-aab7ee208138" type="checklist" title="Consider Using LogonUser API, If Your WCF Service Cannot be Trusted for Delegation" cssFile="guidance.css" Date="2008-06-27T15:28:36.81Z" Author="J.D. Meier, Jason Taylor, Prashant Bansode, Carlos Farre, Madhu Sundararajan, Rob Boucher, Steve Gregersen" Category="Impersonation and Delegation" filePath="..\Libraries\patterns &amp; practices Library\Checklist Item\1410849c-91ad-4293-a526-aab7ee208138.xml" Priority="2" Rule_Type="Implementation" Source="patterns &amp; practices Library" Status="Release" Technology="WCF 3.5" Topic="Security" Type="Checklist Item" xmlns="urn:microsoft:guidanceexplorer:guidanceItem"><content><![CDATA[<H1>Applies to</H1><UL><LI>Microsoft&#174; Windows Communication Foundation (WCF) 3.5 <LI>Microsoft Visual Studio&#174; 2008</LI></UL><H1>What to Check For</H1><P>Check to ensure that your service considers using <STRONG>LogonUser API</STRONG>, when it cannot be Trusted for Delegation.</P>

]]></content></guidanceItem>