﻿<?xml version="1.0" encoding="utf-8"?><guidanceItem id="1415fb13-7eb2-4a44-b7e6-ffc922559bb1" type="checklist" title="If your users are in a SQL membership store, use the SQL Membership Provider" cssFile="guidance.css" Date="2008-06-27T15:27:06.06Z" Author="J.D. Meier, Jason Taylor, Prashant Bansode, Carlos Farre, Madhu Sundararajan, Rob Boucher, Steve Gregersen" Category="Authentication" filePath="..\Libraries\patterns &amp; practices Library\Checklist Item\1415fb13-7eb2-4a44-b7e6-ffc922559bb1.xml" Priority="2" Rule_Type="Implementation" Source="patterns &amp; practices Library" Status="Release" Technology="WCF 3.5" Topic="Security" Type="Checklist Item" xmlns="urn:microsoft:guidanceexplorer:guidanceItem"><content><![CDATA[<H1>Applies to</H1><UL><LI>Microsoft&#174; Windows Communication Foundation (WCF) 3.5 <LI>Microsoft Visual Studio&#174; 2008</LI></UL><H1>What to Check For</H1><P>Check to ensure that your application uses the SQL Membership Provider&nbsp;if users are in a SQL membership store.</P>

]]></content></guidanceItem>