﻿<?xml version="1.0" encoding="utf-8"?><guidanceItem id="14a3e160-7647-4b34-8094-03ae4e061682" type="checklist" title="Measure boxing overhead." cssFile="guidance.css" Date="2007-12-15T00:51:36.733Z" Author="J.D. Meier, Srinath Vasireddy, Ashish Babbar, Rico Mariani, and Alex Mackman" Category="Boxing and Unboxing" filePath="..\Libraries\patterns &amp; practices Library\Checklist Item\14a3e160-7647-4b34-8094-03ae4e061682.xml" Priority="2" Rule_Type="Implementation" Source="patterns &amp; practices Library" Status="Beta" Technology=".NET 1.1" Topic="Performance" Type="Checklist Item" xmlns="urn:microsoft:guidanceexplorer:guidanceItem"><content><![CDATA[<H1>Applies to</H1><UL><LI><DIV>.NET 1.1</DIV></LI></UL><H1>What to Check For</H1><P>Check to ensure that your application&nbsp;measures its&nbsp;boxing overhead.</P><H1>How to Check</H1><P>There are several ways to measure the impact of boxing operations. You can use Performance Monitor to measure the performance impact of boxing overhead on the resource utilization and response times for your application. To do a static analysis of where exactly you are affected by boxing and unboxing in your code, you can analyze MSIL code. Search for <B>box</B> and <B>unbox</B> instructions in MSIL by using the following command line.</P><DIV><PRE>Ildasm.exe yourcomponent.dll /text &#124; findstr box<BR>Ildasm.exe yourcomponent.dll /text &#124; findstr unbox</PRE></DIV><P>However, you must watch out where exactly you optimize the boxing overhead. The overhead is significant in places where there are frequent iterations such as loops, inserting, and retrieving value types in collections. Instances where boxing occurs only once or twice are not worth optimizing.&nbsp;</P><H1>Additional Resources</H1><UL><LI>For more information about performance testing, see Chapter 5, "<A href="http://msdn2.microsoft.com/en-us/library/ms998547.aspx">Improving Managed Code Performance</A>".</LI></UL>]]></content></guidanceItem>