﻿<?xml version="1.0" encoding="utf-8"?><guidanceItem id="14b6739d-ce76-4991-bb00-1ab2e90ad3ba" type="checklist" title="Avoid locking and synchronization unless required." cssFile="guidance.css" Date="2007-12-15T00:53:12.12Z" Author="J.D. Meier, Srinath Vasireddy, Ashish Babbar, Rico Mariani, and Alex Mackman" Category="Locking and Synchronization " filePath="..\Libraries\patterns &amp; practices Library\Checklist Item\14b6739d-ce76-4991-bb00-1ab2e90ad3ba.xml" Priority="2" Rule_Type="Implementation" Source="patterns &amp; practices Library" Status="Beta" Technology=".NET 1.1" Topic="Performance" Type="Checklist Item" xmlns="urn:microsoft:guidanceexplorer:guidanceItem"><content><![CDATA[<H1>Applies to</H1><UL><LI><DIV>.NET 1.1</DIV></LI></UL><H1>What to Check For</H1><P>Check that your application&nbsp;avoids locking and synchronization unless it is&nbsp;required.</P><H1>How to Check</H1><P>Synchronization requires extra processing by the CLR to grant exclusive access to resources. If you do not have multithreaded access to data or require thread synchronization, do not implement it. Consider the following options before opting for a design or implementation that requires synchronization: </P><UL><LI>Design code that uses existing synchronization mechanisms; for example, the <B>Cache</B> object used by ASP.NET applications. <LI>Design code that avoids concurrent modifications to data. Poor synchronization implementation can negate the effects of concurrency in your application. Identify areas of code in your application that can be rewritten to eliminate the potential for concurrent modifications to data. <LI>Consider loose coupling to reduce concurrency issues. For example, consider using the event-delegation model (the producer-consumer pattern) to minimize lock contention.&nbsp;&nbsp;</LI></UL><H1>Additional Resources</H1><UL><LI>For more information about performance testing, see Chapter 5, "<A href="http://msdn2.microsoft.com/en-us/library/ms998547.aspx">Improving Managed Code Performance</A>".</LI></UL>]]></content></guidanceItem>