﻿<?xml version="1.0" encoding="utf-8"?><guidanceItem id="14e1549e-dc58-4571-b756-87d192c6a1bb" type="checklist" title="Unique path/name combinations for Forms authentication cookies are enabled for each application." cssFile="guidance.css" Date="2007-12-18T21:33:42.773Z" Author="J.D. Meier, Srinath Vasireddy, Ashish Babbar, John Allen and Alex Mackman" Category="Deployment Considerations" filePath="..\Libraries\patterns &amp; practices Library\Checklist Item\14e1549e-dc58-4571-b756-87d192c6a1bb.xml" Priority="2" Rule_Type="Deployment" Source="patterns &amp; practices Library" Status="Beta" Technology="ASP.NET 1.1" Topic="Security" Type="Checklist Item" xmlns="urn:microsoft:guidanceexplorer:guidanceItem"><content><![CDATA[<H1>Applies to</H1><UL><LI><DIV>ASP.NET 1.1</DIV></LI></UL><H1>What to Check For</H1><P>Check to ensure that you use unique path and name combinations for Forms authentication cookies for each application.</P><H1>How to Check</H1><P>If you use Forms authentication with version 1.0 of the .NET&nbsp;Framework, you should use separate cookie paths and names. If you do not do so, it is possible for a user authenticated in one application to make a request to another application without being redirected to that application's logon page. The URL authorization rules within the second application may deny access to the user, without providing the opportunity to supply logon credentials using the logon form.</P><P></P><H1>How to Fix</H1><P>To avoid this issue, use unique cookie path and name attributes on the <B>&lt;forms&gt;</B> element for each application, and also use separate machine keys for each application.</P><P>Version 1.1 of the .NET Framework supports the <B>IsolateApps</B> setting shown below.</P><PRE>&lt;machineKey validationKey="AutoGenerate,IsolateApps"<BR>            decryptionKey="AutoGenerate,IsolateApps" validation="SHA1"/&gt;</PRE><P>This ensures that each application on the machine uses a separate key for encryption and validation of Forms authentication cookies and view state.</P><P>With version 1.0 of the .NET&nbsp;Framework, you cannot use <B>IsolateApps</B> and you must manually generate <B>&lt;machineKey&gt;</B> elements. For more information about this issue, see the following articles in the Microsoft Knowledge Base. <UL><LI>313116, "PRB: Forms Authentication Requests Are Not Directed to loginUrl Page" <LI>312906, "How To: Create Keys by Using Visual C#&nbsp;.NET for Use in Forms Authentication" </LI></UL>]]></content></guidanceItem>