﻿<?xml version="1.0" encoding="utf-8"?><guidanceItem id="156395fa-cf32-40b5-ab63-5bd52fb02a4a" type="checklist" title="WebDAV is disabled if not used by the application OR it is secured if it is required. " cssFile="guidance.css" Date="2007-12-15T00:28:41.403Z" Author="J.D. Meier, Srinath Vasireddy, Ashish Babbar, Rico Mariani, and Alex Mackman" Category="IIS Configuration" filePath="..\Libraries\patterns &amp; practices Library\Checklist Item\156395fa-cf32-40b5-ab63-5bd52fb02a4a.xml" Priority="2" Rule_Type="Deployment" Source="patterns &amp; practices Library" Status="Beta" Technology=".NET 1.1" Topic="Security" Type="Checklist Item" xmlns="urn:microsoft:guidanceexplorer:guidanceItem"><content><![CDATA[<H1>Applies to</H1><UL><LI><DIV>.NET 1.1</DIV></LI></UL><H1>What to Check For</H1><P>Check to ensure that WebDAV is secured if it is required and is disabled if not used by the application. </P><H1>How to Fix</H1><P>IIS supports the WebDAV protocol, which is a standard extension to HTTP 1.1 for collaborative content publication. Disable this protocol on production servers if it is not used.</P><BLOCKQUOTE><B>Note</B>&nbsp;&nbsp;&nbsp;IISLockdown provides an option to remove support for WebDAV.</BLOCKQUOTE><BLOCKQUOTE><B>Note</B>&nbsp;&nbsp;&nbsp;By default<B>, </B>IIS 6.0 disables this protocol at the time of installation.</BLOCKQUOTE><P>WebDAV is preferable to FTP from a security perspective, but you need to secure WebDAV. For more information, see Microsoft Knowledge Base article 323470, "How To: Create a Secure WebDAV Publishing Directory."</P><P>If you do not need WebDAV, see Microsoft Knowledge Base article 241520, "How To: Disable WebDAV for IIS 5.0."</P><H1>Additional Resources</H1><UL><LI>For more information, see Microsoft Knowledge Base article 323470, "How To: Create a Secure WebDAV Publishing Directory."</LI></UL>]]></content></guidanceItem>