﻿<?xml version="1.0" encoding="utf-8"?><guidanceItem id="157b7fce-f4c1-4bf3-87ba-753d9a9a46c0" type="checklist" title="If You Turn Off Mutual Authentication, Be Aware of Service Spoofing" cssFile="guidance.css" Date="2008-06-27T15:29:36.137Z" Author="J.D. Meier, Jason Taylor, Prashant Bansode, Carlos Farre, Madhu Sundararajan, Rob Boucher, Steve Gregersen" Category="Proxy Considerations" filePath="..\Libraries\patterns &amp; practices Library\Checklist Item\157b7fce-f4c1-4bf3-87ba-753d9a9a46c0.xml" Priority="2" Rule_Type="Implementation" Source="patterns &amp; practices Library" Status="Release" Technology="WCF 3.5" Topic="Security" Type="Checklist Item" xmlns="urn:microsoft:guidanceexplorer:guidanceItem"><content><![CDATA[<H1>Applies to</H1><UL><LI>Microsoft&#174; Windows Communication Foundation (WCF) 3.5 <LI>Microsoft Visual Studio&#174; 2008</LI></UL><H1>What to Check For</H1><P>Check to ensure that you are aware of service spoofing when&nbsp;you turn off mutual authentication.</P>

]]></content></guidanceItem>