﻿<?xml version="1.0" encoding="utf-8"?><guidanceItem id="15edf2df-7140-4a5a-8d28-a43a4bf7bcf0" type="checklist" title="Do Not Pass Sensitive Information In SOAP Headers When Using Http Transport and Message Security " cssFile="guidance.css" Date="2008-06-27T15:28:31.513Z" Author="J.D. Meier, Jason Taylor, Prashant Bansode, Carlos Farre, Madhu Sundararajan, Rob Boucher, Steve Gregersen" Category="Message Security" filePath="..\Libraries\patterns &amp; practices Library\Checklist Item\15edf2df-7140-4a5a-8d28-a43a4bf7bcf0.xml" Priority="2" Rule_Type="Implementation" Source="patterns &amp; practices Library" Status="Release" Technology="WCF 3.5" Topic="Security" Type="Checklist Item" xmlns="urn:microsoft:guidanceexplorer:guidanceItem"><content><![CDATA[<H1>Applies to</H1><UL><LI>Microsoft&#174; Windows Communication Foundation (WCF) 3.5 <LI>Microsoft Visual Studio&#174; 2008</LI></UL><H1>What to Check For</H1><P>Check to ensure that your service&nbsp;does not pass sensitive information in SOAP headers when using Http Transport and Message Security.</P>

]]></content></guidanceItem>