﻿<?xml version="1.0" encoding="utf-8"?><guidanceItem id="15ef9a48-fd4a-4157-b0b6-8eae19b9f65e" type="checklist" title="Avoid unnecessary process hops." cssFile="guidance.css" Date="2007-12-14T01:29:34.627Z" Author="J.D. Meier, Srinath Vasireddy, Ashish Babbar, John Allen and Alex Mackman" Category="Deployment Considerations" filePath="..\Libraries\patterns &amp; practices Library\Checklist Item\15ef9a48-fd4a-4157-b0b6-8eae19b9f65e.xml" Priority="2" Rule_Type="Implementation" Source="patterns &amp; practices Library" Status="Beta" Technology="ASP.NET 1.1" Topic="Performance" Type="Checklist Item" xmlns="urn:microsoft:guidanceexplorer:guidanceItem"><content><![CDATA[<H1>Applies to</H1><UL><LI><DIV>ASP.NET 1.1</DIV></LI></UL><H1>What to Check For</H1><P>Check to ensure that your application avoids unnecessary process hops.</P><H1>How to Check</H1><P>Although process hops are not as expensive as machine hops, you should avoid process hops where possible. Process hops cause added overhead because they require interprocess communication (IPC) and marshaling. For example, if your solution uses Enterprise Services, use library applications where possible, unless you need to put your Enterprise Services application on a remote middle tier.</P>]]></content></guidanceItem>