﻿<?xml version="1.0" encoding="utf-8"?><guidanceItem id="1637f332-fa35-47bd-a712-58f9f2e33a98" type="checklist" title="Consolidate repeated data access code into helper classes." cssFile="guidance.css" Date="2007-12-15T03:44:52.777Z" Author="J.D. Meier, Srinath Vasireddy, Ashish Babbar, Rico Mariani, and Alex Mackman" Category="Data Access" filePath="..\Libraries\patterns &amp; practices Library\Checklist Item\1637f332-fa35-47bd-a712-58f9f2e33a98.xml" Priority="2" Rule_Type="Implementation" Source="patterns &amp; practices Library" Status="Beta" Technology=".NET 2.0" Topic="Performance" Type="Checklist Item" xmlns="urn:microsoft:guidanceexplorer:guidanceItem"><content><![CDATA[<H1>Applies to</H1><UL><LI><DIV>.NET 2.0</DIV></LI></UL><H1>What to Check For</H1><P>Check to ensure that your application consolidates repeated data access code into helper classes.</P><H1>How to Check</H1><P>If you have many classes that perform data access, you should think about consolidating repeated functionality into helper classes. Developers with varying levels of expertise and data access knowledge may unexpectedly take inconsistent approaches to data access, and inadvertently introduce performance and scalability issues.</P><P>By consolidating critical data access code, you can focus your tuning efforts and have a single consistent approach to database connection management and data access.</P><H1>Additional Resources</H1><UL><LI><DIV>For more information about a best practices data access code, see "Data Access Application Block for .NET" on MSDN at <A href="http://msdn.microsoft.com/library/en-us/dnbda/html/daab-rm.asp">http://msdn.microsoft.com/library/en-us/dnbda/html/daab-rm.asp</A>. </DIV><LI><DIV>For more information about best practice data access, see the .NET Data Access Architecture Guide on MSDN at <A href="http://msdn.microsoft.com/library/en-us/dnbda/html/daag.asp">http://msdn.microsoft.com/library/en-us/dnbda/html/daag.asp</A>.</DIV></LI></UL>]]></content></guidanceItem>