﻿<?xml version="1.0" encoding="utf-8"?><guidanceItem id="16415844-8a6a-4de8-9613-70a3548290cc" type="checklist" title="Keep clustered index keys as small as possible." cssFile="guidance.css" Date="2007-12-18T18:43:48.413Z" Author="J.D. Meier, Srinath Vasireddy, Ashish Babbar, Sharon Bjeletich and Alex Mackman" Category="Indexes" filePath="..\Libraries\patterns &amp; practices Library\Checklist Item\16415844-8a6a-4de8-9613-70a3548290cc.xml" Priority="2" Rule_Type="Implementation" Source="patterns &amp; practices Library" Status="Beta" Technology="SQL Server 2000" Topic="Performance" Type="Checklist Item" xmlns="urn:microsoft:guidanceexplorer:guidanceItem"><content><![CDATA[<H1>Applies to</H1><UL><LI><DIV>SQL Server 2000</DIV></LI></UL><H1>What to Check For</H1><P>Check to ensure that clustered index keys are kept as small as possible.</P><H1>How to Check</H1><P>Because non-clustered indexes store clustered index keys as their row locators. The row locators reference the actual data row. Therefore, keep clustered index keys as small as possible.</P><H1>Additional Resources</H1><UL><LI>For more information&nbsp;see "<A href="http://msdn2.microsoft.com/en-us/library/ms998577.aspx">Improving SQL Server Performance</A>".</LI></UL>]]></content></guidanceItem>