﻿<?xml version="1.0" encoding="utf-8"?><guidanceItem id="165da895-2be3-4df1-b316-574b17967558" type="checklist" title="If Input File Names Are Required, They Are Well Formed and Are Verifiably Valid Within the Application Context" cssFile="guidance.css" Date="2008-01-16T05:25:52.253Z" Author="J.D. Meier, Alex Mackman, Blaine Wastell, Prashant Bansode, Andy Wigley, Kishore Gopalan" Category="Input and Data Validation" filePath="..\Libraries\patterns &amp; practices Library\Checklist Item\165da895-2be3-4df1-b316-574b17967558.xml" Priority="2" Rule_Type="Implementation" Source="patterns &amp; practices Library" Status="Beta" Technology="ASP.NET 2.0" Topic="Security" Type="Checklist Item" xmlns="urn:microsoft:guidanceexplorer:guidanceItem"><content><![CDATA[<H1>Applies to</H1><UL><LI><DIV>ASP.NET 2.0</DIV></LI></UL><H1>What to Check For</H1><P>Check to ensure that user-supplied filenames or paths are in the correct format and point to a valid location in the context of your application.<SPAN></P></SPAN><H1>Why</H1><P>Malicious file input can be used to coerce your application into accessing arbitrary files and resources.<SPAN></P></SPAN><H1>How to Check</H1><P>If your application accepts user supplied files or paths check to ensure they are passed through a validation routine. The validation routine should not only check for appropriate format, but also ensure that the file name is legitimate for your applicaiton.&nbsp; For more information on input validation, see the related checklist item: All the Input is Validated For Length, Range, Format, and Type.<SPAN></P></SPAN><H1>How to Fix</H1><P>Use the following steps to fix this issue:</P><H2>1. Check File Names</H2><P>Ensure that file paths only refer to files within your application's virtual directory hierarchy if that is appropriate.&nbsp; When checking file names, obtain the full name of the file by using the <B>System.IO.Path.GetFullPath</B> method. </P><H2>2. Check File Paths</H2><P>If you use <B>MapPath</B> to map a supplied virtual path to a physical path on the server, use the overloaded <B>Request.MapPath</B> method that accepts a <B>bool</B> parameter so that you can prevent cross-application mapping. The following code example shows this technique. </P><PRE>try&#123; string mappedPath = Request.MapPath( inputPath.Text,                                       Request.ApplicationPath, false);&#125;catch (HttpException)&#123; // Cross-application mapping attempted &#125;</PRE><P>The final <B>false</B> parameter prevents cross-application mapping.&nbsp; This means that a user cannot successfully supply a path that contains ".." to traverse outside of your application's virtual directory hierarchy. Any attempt to do this results in an exception of type <B>HttpException</B>. <SPAN></P></SPAN><P><SPAN></P></SPAN><H1>Additional Resources</H1><LI><DIV><A href="http://msdn.microsoft.com/library/en-us/dnpag2/html/PAGHT000003.asp">How To: Protect From Injection Attacks in ASP.NET</A></DIV><LI><DIV><A href="http://msdn.microsoft.com/library/en-us/dnpag2/html/PAGHT000001.asp">How To: Use Regular Expressions to Constrain Input in ASP.NET</A></DIV><LI><DIV><A href="http://msdn.microsoft.com/library/en-us/dnpag2/html/PAGHT000004.asp">How To: Prevent Cross-Site Scripting in ASP.NET</A></DIV><LI><DIV><A href="http://msdn.microsoft.com/library/en-us/dnpag2/html/PAGHT000002.asp">How To: Protect From SQL Injection in ASP.NET</A></DIV><H1>Related Items</H1><UL><LI><DIV>Checklist Item:&nbsp;All the Input is Validated For Length, Range, Format, and Type</DIV></LI></UL></LI>]]></content></guidanceItem>