﻿<?xml version="1.0" encoding="utf-8"?><guidanceItem id="16c8b620-f061-42da-94a6-fad9f1389420" type="checklist" title="Choose the right binding for your scenario" cssFile="guidance.css" Date="2008-06-27T15:26:14.233Z" Author="J.D. Meier, Jason Taylor, Prashant Bansode, Carlos Farre, Madhu Sundararajan, Rob Boucher, Steve Gregersen" Category="Design Considerations" filePath="..\Libraries\patterns &amp; practices Library\Checklist Item\16c8b620-f061-42da-94a6-fad9f1389420.xml" Priority="2" Rule_Type="Design" Source="patterns &amp; practices Library" Status="Release" Technology="WCF 3.5" Topic="Security" Type="Checklist Item" xmlns="urn:microsoft:guidanceexplorer:guidanceItem"><content><![CDATA[<H1>Applies to</H1><UL><LI>Microsoft&#174; Windows Communication Foundation (WCF) 3.5 <LI>Microsoft Visual Studio&#174; 2008</LI></UL><H1>What to Check For</H1><P>Check to ensure that you choose the right binding for your scenario.</P>

]]></content></guidanceItem>