﻿<?xml version="1.0" encoding="utf-8"?><guidanceItem id="16e9e289-76d3-4a87-884f-3d4fceae9526" type="checklist" title="Role caching is used if role store lookup is too costly." cssFile="guidance.css" Date="2008-01-18T23:42:24.06Z" Author="J.D. Meier, Alex Mackman, Blaine Wastell, Prashant Bansode, Andy Wigley, Kishore Gopalan" Category="Authorization" filePath="..\Libraries\patterns &amp; practices Library\Checklist Item\16e9e289-76d3-4a87-884f-3d4fceae9526.xml" Priority="2" Rule_Type="Implementation" Source="patterns &amp; practices Library" Status="Beta" Technology="ASP.NET 2.0" Topic="Security" Type="Checklist Item" xmlns="urn:microsoft:guidanceexplorer:guidanceItem"><content><![CDATA[<H1>Applies to</H1><UL><LI><DIV>ASP.NET 2.0</DIV></LI></UL><H1>What to Check For</H1><P>Check to ensure that your application uses role caching when there is&nbsp;performance overhead&nbsp;with role lookup.</P><P></P><H1>How to Fix</H1><P>If the performance overhead of role lookup is too great, perhaps because of slow data access or a large number of roles, consider caching roles in the roles cookie by setting the <B>cacheRolesInCookie</B> attribute to <B>true</B> in the Web.config file as shown here. </P><DIV><PRE>&lt;roleManager enabled="true"<BR>             cacheRolesInCookie="true"<BR>                 ... &gt;<BR>&lt;/roleManager&gt;  </PRE></DIV><P>When role checks are performed, the roles cookie is checked before calling the role provider to check the list of roles within the data source. This improves performance. The cookie is dynamically updated to cache the most recently validated role names. If the role information for a user is too long to store in a cookie, ASP.NET stores only the most recently used role information in the cookie and then it looks up additional role information in the data source as required. The most recently referred to roles end up being cached in the cookie.</P>]]></content></guidanceItem>