﻿<?xml version="1.0" encoding="utf-8"?><guidanceItem id="17016cca-fd8e-4ede-af33-cfe44af53d17" type="checklist" title="If using SSL is not possible, the cookieSlidingExpiration attribute is set to false and limited authentication cookie time-outs are used." cssFile="guidance.css" Date="2007-12-13T23:56:18.14Z" Author="J.D. Meier, Alex Mackman, Blaine Wastell, Prashant Bansode, Andy Wigley, Kishore Gopalan" Category="Authorization" filePath="..\Libraries\patterns &amp; practices Library\Checklist Item\17016cca-fd8e-4ede-af33-cfe44af53d17.xml" Priority="2" Rule_Type="Implementation" Source="patterns &amp; practices Library" Status="Beta" Technology="ASP.NET 2.0" Topic="Security" Type="Checklist Item" xmlns="urn:microsoft:guidanceexplorer:guidanceItem"><content><![CDATA[<H1>Applies to</H1><UL><LI><DIV>ASP.NET 2.0</DIV></LI></UL><H1>What to Check For</H1><P>If you cannot use SSL, consider reducing the <B>cookieTimeout</B> to 10 minutes. If you are concerned with cookie hijacking, consider setting the <B>cookieSlidingExpiration</B> attribute to false. This causes the cookie to expire after the fixed timeout period and must be renewed.</P>]]></content></guidanceItem>