﻿<?xml version="1.0" encoding="utf-8"?><guidanceItem id="171d8a53-d7e7-4398-8a7f-691242772145" type="checklist" title="Create highly selective indexes" cssFile="guidance.css" Date="2007-12-18T19:03:14.58Z" Author="J.D. Meier, Srinath Vasireddy, Ashish Babbar, Sharon Bjeletich and Alex Mackman" Category="Indexes" filePath="..\Libraries\patterns &amp; practices Library\Checklist Item\171d8a53-d7e7-4398-8a7f-691242772145.xml" Priority="2" Rule_Type="Implementation" Source="patterns &amp; practices Library" Status="Beta" Technology="SQL Server 2000" Topic="Performance" Type="Checklist Item" xmlns="urn:microsoft:guidanceexplorer:guidanceItem"><content><![CDATA[<H1>Applies to</H1><UL><LI><DIV>SQL Server 2000</DIV></LI></UL><H1>What to Check For</H1><P>Check to ensure that your application&nbsp;creates highly selective indexes.</P><H1>How to Check</H1><P>Create indexes that exhibit high selectivity. In other words, create indexes that have many distinct values. For example, an index on a region column may have a small number of distinct values. Therefore, there may not be enough distinct values for the optimizer to use. Another example of an item that may not have enough distinct values is a <B>bit</B> column. Since there are only two values, an index cannot be very selective and as a result, the index may not be used.</P><P>Use the DBCC SHOW_STATISTICS command on a table or index to better understand the statistics on columns in an index. In the output of this command, density is used to indicate selectivity. Density is calculated as one divided by the number of distinct values. Therefore, a unique index has a density of <I>1/number of rows</I>. For example, a table with 1,000 rows would have a density of 0.001. An index on a <B>bit</B> column has a density of 0.5 because you divide one by the only two possible unique values in a <B>bit</B> column. The smaller the density number is, the greater the selectivity.</P><P>The best numbers to use for density are the <B>All Density</B> numbers in the DBCC SHOW_STATISTICS command output, not the <B>Density</B> number in the first result that is produced.</P><P>Figure&nbsp;below shows the DBCC SHOW_STATISTICS command output for the PK_Orders index on an orders table. The output shows a very selective density because it uses the primary key.</P><P><A href="http://msdn2.microsoft.com/en-us/library/ms998577.ch14---dbcc-show-stats-output(en-us,msdn.10).gif"><IMG alt="Click here for larger image" src="http://msdn2.microsoft.com/en-us/library/ms998577.CH14---DBCC-Show-Stats-Output_Thumbnail(en-us,MSDN.10).gif" border=0></A></P><P><B>Figure: DBCC SHOW_STATISTICS output</B></P><H1>Additional Resources</H1><UL><LI>For more information about statistics, see "Statistics Used by the Query Optimizer in SQL Server 2000" at <A href="http://msdn2.microsoft.com/en-us/library/aa902688(SQL.80).aspx">http://msdn2.microsoft.com/en-us/library/aa902688(SQL.80).aspx</A>.</LI></UL>]]></content></guidanceItem>