﻿<?xml version="1.0" encoding="utf-8"?><guidanceItem id="1729d424-17f1-42b5-bde1-007506890a98" type="checklist" title="XML input data is validated based on an agreed schema." cssFile="guidance.css" Date="2007-12-18T20:38:45.5Z" Author="J.D. Meier, Alex Mackman, Michael Dunner, Srinath Vasireddy, Ray Escamilla and Anandha Murukan" Category="Input and Data Validation" filePath="..\Libraries\patterns &amp; practices Library\Checklist Item\1729d424-17f1-42b5-bde1-007506890a98.xml" Priority="2" Rule_Type="Implementation" Source="patterns &amp; practices Library" Status="Beta" Technology="Web Services (.NET 1.1)" Topic="Security" Type="Checklist Item" xmlns="urn:microsoft:guidanceexplorer:guidanceItem"><content><![CDATA[<H1>Applies to</H1><UL><LI><DIV>Web Services (.NET 1.1)</DIV></LI></UL><H1>What to Check For</H1><P>Check to ensure that the&nbsp;XML input data is validated based on an agreed XML schema.</P><H1>Why</H1><P>In a classic business-to-business scenario, it is common for consumers to pass XML data that represents business documents such as purchase orders or sales invoices. The client and the server have to establish and agree on a schema that describes the&nbsp;XML. The validity of the input data must be programmatically validated by the Web method before it is processed or passed to downstream components.</P><H1>How to Fix</H1><P>The following code fragment, which is applicable to .NET Framework 1.1, shows how a Web method can use the <B>System.Xml.XmlValidatingReader</B> class to validate the input data, which, in this example, describes a simple book order. Notice that the XML data is passed through a simple string parameter.</P><BLOCKQUOTE><B>Note</B>&nbsp;&nbsp;&nbsp;The <B>XmlValidatingReader</B> class is obsolete in Microsoft .NET Framework version 2.0. You can create a validating <B>XmlReader</B> instance by using the <B>XmlReaderSettings</B> class and the <B>Create</B> method. For more information, see "<A onclick="javascript:Track('ctl00_LibFrame_ctl03&#124;ctl00_LibFrame_ctl14',this);" href="http://msdn2.microsoft.com/en-us/library/hdf992b8.aspx">Validating XML Data with XmlReader</A>."</BLOCKQUOTE><DIV><PRE>using System.Xml;<BR>using System.Xml.Schema;<BR>&#91;WebMethod&#93;<BR>public void OrderBooks(string xmlBookData)&#123;<BR>  try<BR>  &#123;<BR>    // Create and load a validating reader<BR>    XmlValidatingReader reader = new XmlValidatingReader(xmlBookData,<BR>                                                         XmlNodeType.Element,<BR>                                                         null);<BR>    // Attach the XSD schema to the reader<BR>    reader.Schemas.Add("urn:bookstore-schema",<BR>                       &#64;<A href="http://localhost/WSBooks/bookschema.xsd">http://localhost/WSBooks/bookschema.xsd</A>);<BR>    // Set the validation type for XSD schema.<BR>    // XDR schemas and DTDs are also supported<BR>    reader.ValidationType = ValidationType.Schema;<BR>    // Create and register an event handler to handle validation errors<BR>    reader.ValidationEventHandler &#43;= new ValidationEventHandler(<BR>                                                   ValidationErrors );<BR>    // Process the input data<BR>    while (reader.Read())<BR>    &#123;<BR>      . . .<BR>    &#125; <BR>   // Validation completed successfully<BR>  &#125;<BR>  catch <BR> &#123;   . . .  &#125;<BR>&#125;<BR>// Validation error event handler<BR>private static void ValidationErrors(object sender, ValidationEventArgs args)&#123;<BR>  // Error details available from args.Message<BR>  . . .<BR>&#125;</PRE></DIV><P>The following fragment shows how the consumer calls the preceding Web method:</P><DIV><PRE>string xmlBookData = "&lt;book  xmlns='urn:bookstore-schema'<BR>                         xmlns:xsi='http://www.w3.org/2001/XMLSchema-instance'&gt;" &#43;<BR>                     "&lt;title&gt;Building Secure ASP.NET Applications&lt;/title&gt;" &#43;<BR>                     "&lt;isbn&gt;0735618909&lt;/isbn&gt;" &#43;<BR>                     "&lt;orderQuantity&gt;1&lt;/orderQuantity&gt;" &#43; <BR>                     "&lt;/book&gt;";<BR>BookStore.BookService bookService = new BookStore.BookService();<BR>bookService.OrderBooks(xmlBookData));</PRE></DIV><P>The preceding example uses the following simple XSD schema to validate the input&nbsp;data.</P><DIV><PRE>&lt;?xml version="1.0" encoding="utf-8" ?&gt;<BR>&lt;xsd:schema xmlns:xsd=<A href="http://www.w3.org/2001/XMLSchema">http://www.w3.org/2001/XMLSchema</A><BR>            xmlns="urn:bookstore-schema"<BR>            elementFormDefault="qualified"<BR>            targetNamespace="urn:bookstore-schema"&gt;<BR>  &lt;xsd:element name="book" type="bookData"/&gt;<BR>  &lt;xsd:complexType name="bookData"&gt;<BR>    &lt;xsd:sequence&gt;<BR>      &lt;xsd:element name="title" type="xsd:string" /&gt;<BR>      &lt;xsd:element name="isbn" type="xsd:integer" /&gt;<BR>      &lt;xsd:element name="orderQuantity" type="xsd:integer"/&gt;<BR>    &lt;/xsd:sequence&gt;<BR>  &lt;/xsd:complexType&gt;<BR>&lt;/xsd:schema&gt;</PRE></DIV><P>The following table shows additional complex element definitions that can be used in an XSD schema to further constrain individual XML elements.</P><P><B>Table 12.1&nbsp;&nbsp;&nbsp;XSD Schema Element Examples</B></P><DIV><TABLE><TBODY><TR><TH>Description</TH><TH>Example</TH></TR><TR><TD>Using regular expressions to constrain XML elements</TD><TD><DIV><DIV><DIV>&nbsp;</DIV></DIV><PRE><DIV><PRE>&lt;xsd:element name="<B>zip</B>"&gt;  &lt;xsd:simpleType&gt;    &lt;xsd:restriction base="xsd:string"&gt;     &lt;xsd:pattern value="\d&#123;5&#125;(-\d&#123;4&#125;)?" /&gt;    &lt;/xsd:restriction&gt;  &lt;/xsd:simpleType&gt;&lt;/xsd:element&gt;</PRE></DIV> </PRE></DIV></TD></TR><TR><TD>Constraining a decimal value to two digits after the decimal point</TD><TD><DIV><DIV><DIV></DIV></DIV><PRE><DIV><PRE>&lt;xsd:element name="<B>Salary</B>"&gt;  &lt;xsd:simpleType&gt;    &lt;xsd:restriction base="xsd:decimal"&gt;      &lt;xsd:fractionDigits value="2" /&gt;    &lt;/xsd:restriction&gt;  &lt;/xsd:simpleType&gt;&lt;/xsd:element&gt;</PRE></DIV> </PRE></DIV></TD></TR><TR><TD>Constraining the length of an input string</TD><TD><DIV><DIV><DIV></DIV></DIV><PRE><DIV><PRE>&lt;xsd:element name="<B>FirstName</B>"&gt;  &lt;xsd:simpleType&gt;    &lt;xsd:restriction base="xsd:string"&gt;      &lt;xsd:maxLength value="50" /&gt;      &lt;xsd:minLength value="2" /&gt;    &lt;/xsd:restriction&gt;  &lt;/xsd:simpleType&gt;&lt;/xsd:element&gt;</PRE></DIV> </PRE></DIV></TD></TR><TR><TD>Constraining input to values defined by an enumerated type</TD><TD><DIV><DIV><DIV></DIV></DIV><PRE><DIV><PRE>&lt;xsd:element name="<B>Gender</B>"&gt;  &lt;xsd:simpleType&gt;    &lt;xsd:restriction base="xsd:string"&gt;      &lt;xsd:enumeration value="Male" /&gt;      &lt;xsd:enumeration value="Female" /&gt;    &lt;/xsd:restriction&gt;  &lt;/xsd:simpleType&gt;&lt;/xsd:element&gt;</PRE></DIV> </PRE></DIV></TD></TR></TBODY></TABLE></DIV><P>&nbsp;</P><H1>Additional Resources</H1><P>For more information, see Microsoft Knowledge Base articles: </P><UL><LI>307379, "How To: Validate an XML Document by Using DTD, XDR, or XSD in&nbsp;Visual C# .NET." <LI>318504, "How To: Validate XML Fragments Against an XML Schema in Visual&nbsp;C#.NET."</LI></UL>]]></content></guidanceItem>