﻿<?xml version="1.0" encoding="utf-8"?><guidanceItem id="17681552-f8f7-4220-839d-a1ca2e3f6a97" type="checklist" title="Consider weak references with cached data." cssFile="guidance.css" Date="2007-12-15T01:22:07.847Z" Author="J.D. Meier, Srinath Vasireddy, Ashish Babbar, Rico Mariani, and Alex Mackman" Category="Garbage Collection" filePath="..\Libraries\patterns &amp; practices Library\Checklist Item\17681552-f8f7-4220-839d-a1ca2e3f6a97.xml" Priority="2" Rule_Type="Implementation" Source="patterns &amp; practices Library" Status="Beta" Technology=".NET 1.1" Topic="Performance" Type="Checklist Item" xmlns="urn:microsoft:guidanceexplorer:guidanceItem"><content><![CDATA[<H1>Applies to</H1><UL><LI><DIV>.NET 1.1</DIV></LI></UL><H1>What to Check For</H1><P>Check to ensure that your application&nbsp;considers weak references with its cached data.</P><H1>How to Check</H1><P>Consider using weak references when you work with cached data, so that cached objects can be resurrected easily if needed or released by garbage collection when there is memory pressure. You should use weak references mostly for objects that are not small in size because the weak referencing itself involves some overhead. They are suitable for medium to large-sized objects stored in a collection.</P><P>Consider a scenario where you maintain a custom caching solution for the employee information in your application. By holding onto your object through a <B>WeakReference</B> wrapper, the objects are collected when memory pressure grows during periods of high stress.</P><P>If on a subsequent cache lookup, you cannot find the object, re-create it from the information stored in an authoritative persistent source. In this way, you balance the use of cache and persistent medium. The following code demonstrates how to use a weak reference.</P><DIV><PRE>void SomeMethod() &#123;<BR>  // Create a collection<BR>  ArrayList arr = new ArrayList(5);<BR>  // Create a custom object<BR>  MyObject mo = new MyObject();<BR>  // Create a WeakReference object from the custom object<BR>  WeakReference wk = new WeakReference(mo);<BR>  // Add the WeakReference object to the collection<BR>  arr.Add(wk);<BR>  // Retrieve the weak reference<BR>  WeakReference weakReference = (WeakReference)arr&#91;0&#93;;<BR>  MyObject mob = null;  if( weakReference.IsAlive )&#123;<BR>    mob = (MyOBject)weakReference.Target;<BR>  &#125;<BR>  if(mob==null)&#123;<BR>    // Resurrect the object as it has been garbage collected<BR>  &#125;<BR>  //continue because we have the object<BR>&#125;&nbsp;</PRE></DIV><H1>Additional Resources</H1><UL><LI>For more information about garbage collection, see the following resources: <UL><LI>"Garbage Collector Basics and Performance Hints" on MSDN at <A href="http://msdn2.microsoft.com/en-us/library/ms973837.aspx">http://msdn2.microsoft.com/en-us/library/ms973837.aspx</A>. <LI><I>MSDN Magazine</I> article, "Garbage Collection: Automatic Memory Management in the Microsoft .NET Framework," by Jeffrey Richter, at <A href="http://msdn.microsoft.com/msdnmag/issues/1100/gci/toc.asp?frame=true">http://msdn.microsoft.com/msdnmag/issues/1100/GCI/TOC.ASP?frame=true</A>. <LI><I>MSDN Magazine</I> article, "Garbage Collection&#8212;Part 2: Automatic Memory Management in the Microsoft .NET Framework," by Jeffrey Richter, at <A href="http://msdn.microsoft.com/msdnmag/issues/1200/gci2/toc.asp?frame=true">http://msdn.microsoft.com/msdnmag/issues/1200/GCI2/TOC.ASP?frame=true</A>. </LI></UL></LI></UL>]]></content></guidanceItem>