﻿<?xml version="1.0" encoding="utf-8"?><guidanceItem id="176c251b-4c50-4144-b025-6f30fd4af902" type="checklist" title="Explicitly name the target method you call." cssFile="guidance.css" Date="2007-12-18T07:07:54.273Z" Author="J.D. Meier, Srinath Vasireddy, Ashish Babbar, and Alex Mackman" Category="Marshaling" filePath="..\Libraries\patterns &amp; practices Library\Checklist Item\176c251b-4c50-4144-b025-6f30fd4af902.xml" Priority="2" Rule_Type="Implementation" Source="patterns &amp; practices Library" Status="Beta" Technology="Interop (.NET 1.1)" Topic="Performance" Type="Checklist Item" xmlns="urn:microsoft:guidanceexplorer:guidanceItem"><content><![CDATA[<H1>Applies to</H1><UL><LI><DIV>XML (.NET 1.1)</DIV></LI></UL><H1>What to Check For</H1><P>Check to ensure that your application explicitly names the target methods for better performance.</P><H1>How to Check</H1><P>If you call a method and the CLR does not find an exact match, the CLR searches for a suitable match. This search slows performance. Be explicit with the name of the function you want to call. When you use the <B>DllImport</B> attribute, you can set the <B>ExactSpelling</B> attribute to <B>true</B> to prevent the CLR from searching for a different function name.</P>]]></content></guidanceItem>