﻿<?xml version="1.0" encoding="utf-8"?><guidanceItem id="17b157ea-81d7-4156-8df3-099fec6cdc4e" type="checklist" title="Platform features are used and custom key management is avoided." cssFile="guidance.css" Date="2007-12-13T23:57:15.43Z" Author="J.D. Meier, Alex Mackman, Blaine Wastell, Prashant Bansode, Andy Wigley, Kishore Gopalan" Category="Sensitive Data" filePath="..\Libraries\patterns &amp; practices Library\Checklist Item\17b157ea-81d7-4156-8df3-099fec6cdc4e.xml" Priority="2" Rule_Type="Implementation" Source="patterns &amp; practices Library" Status="Beta" Technology="ASP.NET 2.0" Topic="Security" Type="Checklist Item" xmlns="urn:microsoft:guidanceexplorer:guidanceItem"><content><![CDATA[<H1>Applies to</H1><UL><LI><DIV>ASP.NET 2.0</DIV></LI></UL><H1>What to Check For</H1><P>Check to ensure that your application uses platform features and avoids custom key management when securing sensitive data.</P><P></P><H1>How to Fix</H1><P>Use platform features where possible to avoid managing keys yourself. For example, by using DPAPI, the encryption key is derived from an account's password, so Windows handles this for you.</P>]]></content></guidanceItem>