﻿<?xml version="1.0" encoding="utf-8"?><guidanceItem id="18185cde-ca8e-490e-a07b-968d7cc76a07" type="checklist" title="Tune the thread pool by using the formula to reduce contention." cssFile="guidance.css" Date="2007-12-14T01:39:47.86Z" Author="J.D. Meier, Srinath Vasireddy, Ashish Babbar, John Allen and Alex Mackman" Category="Threading" filePath="..\Libraries\patterns &amp; practices Library\Checklist Item\18185cde-ca8e-490e-a07b-968d7cc76a07.xml" Priority="2" Rule_Type="Implementation" Source="patterns &amp; practices Library" Status="Beta" Technology="ASP.NET 1.1" Topic="Performance" Type="Checklist Item" xmlns="urn:microsoft:guidanceexplorer:guidanceItem"><content><![CDATA[<H1>Applies to</H1><UL><LI><DIV>ASP.NET 1.1</DIV></LI></UL><H1>What to Check For</H1><P>Check to ensure that your application correctly tunes the thread pool by using the formula to reduce contention.</P><H1>How to Fix</H1><P>If you have available CPU and if requests are queued, configure the ASP.NET thread pool. For more information about how to do this, see "<A href="http://msdn2.microsoft.com/en-us/library/ms998549.aspx#scalenetchapt06_topic8">Formula for Reducing Contention</A>" in the "Threading Explained" section. The recommendations in "Threading Explained" are a starting point.</P><P>When your application uses the common language runtime (CLR) thread pool, it is important to tune the thread pool correctly. Otherwise, you may experience contention issues, performance problems, or possible deadlocks. Your application may be using the CLR thread pool if the following conditions are true: </P><UL><LI>Your application makes Web service calls. <LI>Your application uses the <B>WebRequest</B> or <B>HttpWebRequest</B> classes to make outgoing Web requests. <LI>Your application explicitly queues work to the thread pool by calling the <B>QueueUserWorkItem</B> method. </LI></UL><H1>Additional Resources</H1><UL><LI><P>For more information, see Knowledge Base article 821268, "PRB: Contention, Poor Performance, and Deadlocks When You Make Web Service Requests from ASP.NET Applications," at <A href="http://support.microsoft.com/default.aspx?scid=kb;en-us;821268">http://support.microsoft.com/default.aspx?scid=kb;en-us;821268</A>.</P></LI></UL>]]></content></guidanceItem>