﻿<?xml version="1.0" encoding="utf-8"?><guidanceItem id="181f6270-45c6-43c7-a4dd-fdf641ece223" type="checklist" title="Client-Side Asynchronous Calls Are Used For UI Responsiveness." cssFile="guidance.css" Date="2007-12-14T23:43:14.363Z" Author="J.D. Meier, Srinath Vasireddy, Ashish Babbar, Rico Mariani, and Alex Mackman" Category="Asynchronous" filePath="..\Libraries\patterns &amp; practices Library\Checklist Item\181f6270-45c6-43c7-a4dd-fdf641ece223.xml" Priority="2" Rule_Type="Implementation" Source="patterns &amp; practices Library" Status="Beta" Technology=".NET 1.1" Topic="Performance" Type="Checklist Item" xmlns="urn:microsoft:guidanceexplorer:guidanceItem"><content><![CDATA[<H1>Applies to</H1><UL><LI>.NET 1.1&nbsp;</LI></UL><H1>What to Check For</H1>Check that asynchronous calls are made&nbsp;from your application when your application has additional parallel work to perform.&nbsp;Also check that&nbsp;the work performed by the asynchronous call is not CPU bound. <H1>Why</H1><P>If you make parallel asynchronous calls, such as calling a Web method or performing file operations, the thread that makes the call is released so that it can perform additional work. Making several asynchronous calls that are not CPU bound and letting them run simultaneously can improve throughput of the application.</P><P><STRONG>Note: </STRONG>Asynchronous calls and background processing is a great strategy for creating a responsive user interface. </P><H1>How to Check</H1><P>Here are the steps for checking that&nbsp;client-side asynchronous calls are used for UI responsiveness.&nbsp;</P><OL><LI>Review your code and check that asynchronous calls are made&nbsp;from your application when your application has additional parallel work to perform. <LI><P>Check that&nbsp;asynchronous calls are not made if the main thread is not going to perform additional parallel work, or if the asynchronous call is CPU bound.&nbsp;</P></LI></OL><H1>How to Fix</H1><P>You can use asynchronous calls to increase the responsiveness of client applications. However, think about this carefully because asynchronous calls introduce additional programming complexity and require careful synchronization logic to be added to your graphical interface code.</P><P>The following code shows an asynchronous call followed by a loop that polls for the asynchronous call's completion. You can add an exit criteria to the <B>while</B> condition in case you need to exit from function before call is completed. You can use the callback mechanism or wait for completion if you do not need to update the client.</P><PRE>IAsyncResult CallResult = SlowCall.BeginInvoke(slow,null,null);<BR>while ( CallResult.IsCompleted == false)&#123;<BR>    ... <BR>// provide user feedback<BR> &#125;<BR>SlowCall.EndInvoke(CallResult);</PRE><H1>Additional Resources</H1><UL><LI>For more information see "Chapter 5 &#8212; Improving Managed Code Performance" at <A href="http://msdn.microsoft.com/library/default.asp?url=/library/en-us/dnpag/html/scalenetchapt05.asp">http://msdn.microsoft.com/library/default.asp?url=/library/en-us/dnpag/html/scalenetchapt05.asp</A> <LI>For more information see "Checklist: Managed Code Performance" at <A href="http://msdn.microsoft.com/library/default.asp?url=/library/en-us/dnpag/html/ScaleNetCheck06.asp">http://msdn.microsoft.com/library/default.asp?url=/library/en-us/dnpag/html/ScaleNetCheck06.asp</A></LI></UL><H1>&nbsp;</H1>]]></content></guidanceItem>