﻿<?xml version="1.0" encoding="utf-8"?><guidanceItem id="183ed523-757c-4d52-b80e-ac9bd65ab9f8" type="checklist" title="File path lengths are checked when a file name and path are passed to an unmanaged API." cssFile="guidance.css" Date="2007-12-14T21:36:02.66Z" Author="J.D. Meier, Alex Mackman, Blaine Wastell, Prashant Bansode, Chaitanya Bijwe" Category="Unmanaged Code" filePath="..\Libraries\patterns &amp; practices Library\Checklist Item\183ed523-757c-4d52-b80e-ac9bd65ab9f8.xml" Priority="2" Rule_Type="Implementation" Source="patterns &amp; practices Library" Status="Beta" Technology=".NET 2.0" Topic="Security" Type="Checklist Item" xmlns="urn:microsoft:guidanceexplorer:guidanceItem"><content><![CDATA[<H1>Applies to</H1><UL><LI><DIV>.NET 2.0</DIV><DIV></DIV></LI></UL><H1>What to Check For</H1><P>Check to ensure that the File path lengths are checked and it does not exceed Win32&nbsp;MAX_PATH constant which is 260 characters.</P><P></P><H1>How to Fix</H1><P>If the unmanaged API accepts a file name and path, check that it does not exceed 260 characters. This limit is defined by the Win32 <B>MAX_PATH</B> constant. It is very common for unmanaged code to allocate buffers of this length to manipulate file paths. In many cases, the native does not check or constrain input to the maximum length.</P><BLOCKQUOTE><B>Note</B>&nbsp;&nbsp;&nbsp;Directory names and registry keys can be a maximum of 248 characters long.<B> </B></BLOCKQUOTE>]]></content></guidanceItem>