﻿<?xml version="1.0" encoding="utf-8"?><guidanceItem id="18773307-0b06-4315-bb03-85f70dad3405" type="checklist" title="Write access only on folders that support content authoring and are configured for authentication" cssFile="guidance.css" Date="2007-12-18T19:41:52.113Z" Author="J.D. Meier, Alex Mackman, Michael Dunner, Srinath Vasireddy, Ray Escamilla and Anandha Murukan" Category="IIS Configuration" filePath="..\Libraries\patterns &amp; practices Library\Checklist Item\18773307-0b06-4315-bb03-85f70dad3405.xml" Priority="2" Rule_Type="Deployment" Source="patterns &amp; practices Library" Status="Beta" Technology="Web Application" Topic="Security" Type="Checklist Item" xmlns="urn:microsoft:guidanceexplorer:guidanceItem"><content><![CDATA[<H1>Applies to</H1><UL><LI><DIV>Web Application</DIV></LI></UL><H1>What to Check For</H1><P>Check to ensure that write permissions are configured&nbsp;only on folders that allow content authoring. Grant write access only to content authors. Also the folders that support content authoring should be configured to require authentication and SSL for encryption. </P>]]></content></guidanceItem>