﻿<?xml version="1.0" encoding="utf-8"?><guidanceItem id="18aba54f-5210-4b10-a49e-2e98579fe35a" type="checklist" title="The methodology to secure the encryption keys is identified." cssFile="guidance.css" Date="2007-12-18T21:31:11.493Z" Author="J.D. Meier, Srinath Vasireddy, Ashish Babbar, John Allen and Alex Mackman" Category="Cryptography" filePath="..\Libraries\patterns &amp; practices Library\Checklist Item\18aba54f-5210-4b10-a49e-2e98579fe35a.xml" Priority="2" Rule_Type="Design" Source="patterns &amp; practices Library" Status="Beta" Technology="ASP.NET 1.1" Topic="Security" Type="Checklist Item" xmlns="urn:microsoft:guidanceexplorer:guidanceItem"><content><![CDATA[<H1>Applies to</H1><UL><LI><DIV>ASP.NET 1.1</DIV></LI></UL><H1>What to Check For</H1><P>Check to ensure that&nbsp;how your application design identifies a methodology that secures the encryption keys.</P><H1>How to Check</H1><P>An encryption key is a secret number used as input to the encryption and decryption processes. For encrypted data to remain secure, the key must be protected. If an attacker compromises the decryption key, your encrypted data is no longer secure.</P><P>The following practices help secure your encryption keys: </P><UL><LI><B>Use DPAPI to avoid key management</B>. <LI><B>Cycle your keys periodically</B>. </LI></UL><H3>Use DPAPI to Avoid Key Management</H3><P>As mentioned previously, one of the major advantages of using DPAPI is that the key management issue is handled by the operating system. The key that DPAPI uses is derived from the password that is associated with the process account that calls the DPAPI functions. Use DPAPI to pass the burden of key management to the operating system.</P><H3>Cycle Your Keys Periodically</H3><P>Generally, a static secret is more likely to be discovered over time. Questions to keep in mind are: Did you write it down somewhere? Did Bob, the administrator with the secrets, change positions in your company or leave the company? Do not overuse keys.</P><P></P>]]></content></guidanceItem>