﻿<?xml version="1.0" encoding="utf-8"?><guidanceItem id="18badf28-726c-4295-ad81-7b37efcaa87e" type="checklist" title="Scenarios where startup time is paramount should consider Ngen.exe for their startup path." cssFile="guidance.css" Date="2007-12-15T01:16:17.55Z" Author="J.D. Meier, Srinath Vasireddy, Ashish Babbar, Rico Mariani, and Alex Mackman" Category="Ngen.exe" filePath="..\Libraries\patterns &amp; practices Library\Checklist Item\18badf28-726c-4295-ad81-7b37efcaa87e.xml" Priority="2" Rule_Type="Implementation" Source="patterns &amp; practices Library" Status="Beta" Technology=".NET 1.1" Topic="Performance" Type="Checklist Item" xmlns="urn:microsoft:guidanceexplorer:guidanceItem"><content><![CDATA[<H1>Applies to</H1><UL><LI><DIV>.NET 1.1</DIV></LI></UL><H1>What to Check For</H1><P>Check to ensure that your application&nbsp;considers Ngen.exe&nbsp;as startup path for scenarios where startup time is paramount.</P><H1>How to Check</H1><P>Use Ngen.exe for faster startup. Common examples include client scenarios that need the faster startup to be responsive or where you need to improve startup performance of large applications and system services.</P><P>Ngen.exe improves startup time for the following reasons: </P><UL><LI>It defers the use of JIT compilation until more infrequent paths start being taken. <LI>It potentially allows sharing of pages in memory. <LI>It leverages the disk cache to get code loaded quickly.</LI></UL><H1>Additional Resources</H1><UL><LI>For more information about how to use Ngen.exe, see "Native Image Generator (Ngen.exe)" in "<I>.</I>NET Framework Tools" on MSDN at <A href="http://msdn.microsoft.com/library/en-us/cptools/html/cpgrfnativeimagegeneratorngenexe.asp">http://msdn.microsoft.com/library/en-us/cptools/html/cpgrfnativeimagegeneratorngenexe.asp</A>.</LI></UL>]]></content></guidanceItem>