﻿<?xml version="1.0" encoding="utf-8"?><guidanceItem id="18bce297-8ce2-4f18-a901-079fb2949ccd" type="checklist" title="Avoid storing COM objects in session state or application state." cssFile="guidance.css" Date="2007-12-14T01:37:43.18Z" Author="J.D. Meier, Srinath Vasireddy, Ashish Babbar, John Allen and Alex Mackman" Category="COM Interop" filePath="..\Libraries\patterns &amp; practices Library\Checklist Item\18bce297-8ce2-4f18-a901-079fb2949ccd.xml" Priority="2" Rule_Type="Implementation" Source="patterns &amp; practices Library" Status="Beta" Technology="ASP.NET 1.1" Topic="Performance" Type="Checklist Item" xmlns="urn:microsoft:guidanceexplorer:guidanceItem"><content><![CDATA[<H1>Applies to</H1><UL><LI><DIV>ASP.NET 1.1</DIV></LI></UL><H1>What to Check For</H1><P>Check to ensure that your application avoids storing COM objects in session state or application state.</P><H1>How to Check</H1><P>Avoid storing COM objects in state containers such as session state or application state. COM objects are not serializable, and although calling the object may work with a single-server deployment, affinity and serialization issues will prevent your application from working when it is moved to a Web farm.</P><H1>Additional Resources</H1><UL><LI><P>For more information about COM interop performance and issues, see Chapter 7, "<A href="http://msdn2.microsoft.com/en-us/library/ms998551.aspx">Improving Interop Performance</A>".</P></LI></UL>]]></content></guidanceItem>