﻿<?xml version="1.0" encoding="utf-8"?><guidanceItem id="18c469b6-dc25-40e3-962d-1d9461b93639" type="checklist" title="Replace Visual Basic .NET On Error Goto code with exception handling." cssFile="guidance.css" Date="2007-12-15T01:10:15.17Z" Author="J.D. Meier, Srinath Vasireddy, Ashish Babbar, Rico Mariani, and Alex Mackman" Category="Exception Management" filePath="..\Libraries\patterns &amp; practices Library\Checklist Item\18c469b6-dc25-40e3-962d-1d9461b93639.xml" Priority="2" Rule_Type="Implementation" Source="patterns &amp; practices Library" Status="Beta" Technology=".NET 1.1" Topic="Performance" Type="Checklist Item" xmlns="urn:microsoft:guidanceexplorer:guidanceItem"><content><![CDATA[<H1>Applies to</H1><UL><LI><DIV>.NET 1.1</DIV></LI></UL><H1>What to Check For</H1><P>Check to ensure that your application&nbsp;replaces its&nbsp;Visual Basic .NET On Error Goto code with exception handling.</P><H1>How to Check</H1><P>Replace code that uses the Visual Basic .NET <B>On Error/Goto</B> error handling mechanism with exception handling code that uses <B>Try/Catch</B> blocks. <B>On</B> <B>Error Goto</B> code works but <B>Try</B>/<B>Catch</B> blocks are more efficient, and it avoids the creation of the <B>error</B> object.</P><H1>Additional Resources</H1><UL><LI>For more information about why <B>Try/Catch</B> is more efficient, see the "Exception Handling" section of "Performance Optimization in Visual Basic .NET" on MSDN at <A href="http://msdn2.microsoft.com/en-us/library/aa289513(VS.71).aspx">http://msdn2.microsoft.com/en-us/library/aa289513(VS.71).aspx</A>.</LI></UL>]]></content></guidanceItem>