﻿<?xml version="1.0" encoding="utf-8"?><guidanceItem id="18e7d229-797c-4981-9416-335f1d26d87d" type="checklist" title="Appropriate permissions are configured on Web site root " cssFile="guidance.css" Date="2007-12-14T01:22:51.097Z" Author="J.D. Meier, Srinath Vasireddy, Ashish Babbar, John Allen and Alex Mackman" Category="ACLs and Permissions" filePath="..\Libraries\patterns &amp; practices Library\Checklist Item\18e7d229-797c-4981-9416-335f1d26d87d.xml" Priority="2" Rule_Type="Deployment" Source="patterns &amp; practices Library" Status="Beta" Technology="ASP.NET 1.1" Topic="Security" Type="Checklist Item" xmlns="urn:microsoft:guidanceexplorer:guidanceItem"><content><![CDATA[<H1>Applies to</H1><UL><LI><DIV>ASP.NET 1.1</DIV></LI></UL><H1>What to Check For</H1><P>Check to ensure that Read permission is given to Web site root directory for ASP.NET Process account. </P><H1>How to Check</H1><P>Web site root is C:\inetpub\wwwroot or the path that the default Web site points to.</P>]]></content></guidanceItem>