﻿<?xml version="1.0" encoding="utf-8"?><guidanceItem id="18f4c01a-9043-4b17-95d3-71ac2c64766b" type="checklist" title="Where appropriate, access to publicly accessible Web methods is restricted using declarative principle permission demands." cssFile="guidance.css" Date="2007-12-18T20:06:32.593Z" Author="J.D. Meier, Alex Mackman, Michael Dunner, Srinath Vasireddy, Ray Escamilla and Anandha Murukan" Category="Authorization" filePath="..\Libraries\patterns &amp; practices Library\Checklist Item\18f4c01a-9043-4b17-95d3-71ac2c64766b.xml" Priority="2" Rule_Type="Implementation" Source="patterns &amp; practices Library" Status="Beta" Technology="Web Services (.NET 1.1)" Topic="Security" Type="Checklist Item" xmlns="urn:microsoft:guidanceexplorer:guidanceItem"><content><![CDATA[<H1>Applies to</H1><UL><LI><DIV>Web Services (.NET 1.1)</DIV></LI></UL><H1>What to Check For</H1><P>Check to ensure that access to publicly accessible Web methods is restricted using declarative principle permission demands.</P><H1>How to Fix</H1><P>If your Web service provides sensitive or restrictive information, it needs to authenticate callers to support authorization. In Windows environments, you can use Windows authentication. However, where you are not in control of both endpoints, WSE provides authentication solutions that conform to the emerging WS-Security standard. WSE provides a standard framework for using SOAP headers to pass authentication details in the form of user names and passwords, Kerberos tickets, X.509 certificates, or custom tokens. </P>]]></content></guidanceItem>