﻿<?xml version="1.0" encoding="utf-8"?><guidanceItem id="194c1903-7b95-44ef-8918-7a940fc45394" type="checklist" title="Latest patches and updates are installed." cssFile="guidance.css" Date="2007-12-18T19:32:23.657Z" Author="J.D. Meier, Alex Mackman, Michael Dunner, Srinath Vasireddy, Ray Escamilla and Anandha Murukan" Category="Firewall Considerations" filePath="..\Libraries\patterns &amp; practices Library\Checklist Item\194c1903-7b95-44ef-8918-7a940fc45394.xml" Priority="2" Rule_Type="Deployment" Source="patterns &amp; practices Library" Status="Beta" Technology="Web Application" Topic="Security" Type="Checklist Item" xmlns="urn:microsoft:guidanceexplorer:guidanceItem"><content><![CDATA[<H1>Applies to</H1><UL><LI><DIV>Web Application</DIV></LI></UL><H1>What to Check For</H1><P>Check to ensure that the latest patches and updates are installed for your network firewall.</P><P></P><H1>How to Fix</H1><P>Subscribe to alert services provided by the manufacturer of your firewall and operating system to stay current with both security issues and service patches.</P>]]></content></guidanceItem>