﻿<?xml version="1.0" encoding="utf-8"?><guidanceItem id="19560a60-25ec-4319-8447-f3531424b971" type="checklist" title="Mitigate the impact of long-running calls" cssFile="guidance.css" Date="2007-12-14T22:50:48.39Z" Author="J.D. Meier, Srinath Vasireddy, Ashish Babbar, Rico Mariani, and Alex Mackman" Category="Communication" filePath="..\Libraries\patterns &amp; practices Library\Checklist Item\19560a60-25ec-4319-8447-f3531424b971.xml" Priority="2" Rule_Type="Implementation" Source="patterns &amp; practices Library" Status="Beta" Technology=".NET 2.0" Topic="Performance" Type="Checklist Item" xmlns="urn:microsoft:guidanceexplorer:guidanceItem"><content><![CDATA[<H1>Applies to</H1><UL><LI><DIV>.NET 2.0</DIV></LI></UL><H1>What to Check For</H1><P>Check to ensure that your application mitigates the impact of long-running calls by using message queues, "fire-and forget" approaches, and asynchronous method calls.</P><H1>How to Check</H1><P>A long-running call can be any type of work that takes a long time to complete. Long is a relative term. Usually, long-running calls result from calling Web services, a remote database server, or a remote component. For a server application, long-running calls may end up blocking the worker, I/O threads, or both, depending on the implementation logic.</P><P>The following designs help you avoid the impact of blocking with long-running calls: </P><UL><LI>Use message queues. If the client requires a success indicator or results from the server process later on, use a client-side queue. <LI>If the client does not need any data from the server, consider the <B>&#91;OneWay&#93;</B> attribute. With this "fire and forget" model, the client issues the call and then continues without waiting for results. <LI>If a client makes a long-running call and cannot proceed without the results, consider asynchronous invocation. For server applications, asynchronous invocation allows the worker thread that invokes the call to continue and perform additional processing before retrieving the results. In most of the scenarios, if the results are not available at this point, the worker thread blocks until the results are returned.</LI></UL><H1>Additional Resources</H1><UL><LI><DIV>For more information about handling long-running calls from ASP.NET, see "<A onclick="javascript:Track('ctl00_LibFrame_ctl01&#124;ctl00_LibFrame_ctl18',this);" href="http://msdn2.microsoft.com/en-us/library/ms979200.aspx">How To: Submit and Poll for Long-Running Tasks</A>" in the "How To" section of this guide.</DIV><LI><DIV>For more information about using the <B>OneWay</B> attribute with Web services, see "One&nbsp;-&nbsp;Way (Fire-and-Forget) Communication" in Chapter 10, "<A onclick="javascript:Track('ctl00_LibFrame_ctl01&#124;ctl00_LibFrame_ctl19',this);" href="http://msdn2.microsoft.com/en-us/library/ms998562.aspx">Improving Web Services Performance</A>"</DIV></LI></UL>]]></content></guidanceItem>