﻿<?xml version="1.0" encoding="utf-8"?><guidanceItem id="1964e7d1-3eb7-4729-be42-47251377edd0" type="checklist" title="Minimize hidden allocations." cssFile="guidance.css" Date="2007-12-15T01:23:28.51Z" Author="J.D. Meier, Srinath Vasireddy, Ashish Babbar, Rico Mariani, and Alex Mackman" Category="Garbage Collection" filePath="..\Libraries\patterns &amp; practices Library\Checklist Item\1964e7d1-3eb7-4729-be42-47251377edd0.xml" Priority="2" Rule_Type="Implementation" Source="patterns &amp; practices Library" Status="Beta" Technology=".NET 1.1" Topic="Performance" Type="Checklist Item" xmlns="urn:microsoft:guidanceexplorer:guidanceItem"><content><![CDATA[<H1>Applies to</H1><UL><LI><DIV>.NET 1.1</DIV></LI></UL><H1>What to Check For</H1><P>Check to ensure that your application&nbsp;minimizes hidden allocations.</P><H1>How to Check</H1><P>Memory allocation is extremely quick because it involves only a pointer relocation to create space for the new object. However, the memory has to be garbage collected at some point and that can hurt performance, so be aware of apparently simple lines of code that actually result in many allocations. For example, <B>String.Split </B>uses a delimiter to create an array of strings from a source string. In doing so, <B>String.Split</B> allocates a new string object for each string that it has split out, plus one object for the array. As a result, using <B>String.Split</B> in a heavy duty context (such as a sorting routine) can be expensive.</P><DIV><PRE>string attendees = "bob,jane,fred,kelly,jim,ann";<BR>// In the following single line the code allocates 6 substrings, <BR>// outputs the attendees array, and the input separators<BR>arraystring&#91;&#93; names = attendees.Split( new char&#91;&#93; &#123;','&#125;);</PRE></DIV><P>Also watch out for allocations that occur inside a loop such as string concatenations using the <B>&#43;=</B> operator. Finally, hashing methods and comparison methods are particularly bad places to put allocations because they are often called repeatedly in the context of searching and sorting. For more information about how to handle strings efficiently, see "String Operations" later in this chapter</P><H1>Additional Resources</H1><UL><LI>For more information about garbage collection, see the following resources: <UL><LI>"Garbage Collector Basics and Performance Hints" on MSDN at <A href="http://msdn2.microsoft.com/en-us/library/ms973837.aspx">http://msdn2.microsoft.com/en-us/library/ms973837.aspx</A>. <LI><I>MSDN Magazine</I> article, "Garbage Collection: Automatic Memory Management in the Microsoft .NET Framework," by Jeffrey Richter, at <A href="http://msdn.microsoft.com/msdnmag/issues/1100/gci/toc.asp?frame=true">http://msdn.microsoft.com/msdnmag/issues/1100/GCI/TOC.ASP?frame=true</A>. <LI><I>MSDN Magazine</I> article, "Garbage Collection&#8212;Part 2: Automatic Memory Management in the Microsoft .NET Framework," by Jeffrey Richter, at <A href="http://msdn.microsoft.com/msdnmag/issues/1200/gci2/toc.asp?frame=true">http://msdn.microsoft.com/msdnmag/issues/1200/GCI2/TOC.ASP?frame=true</A>. </LI></UL></LI></UL>]]></content></guidanceItem>