﻿<?xml version="1.0" encoding="utf-8"?><guidanceItem id="196a0f98-5999-46a7-ac5f-99b200470a23" type="checklist" title="The database server is physically secured." cssFile="guidance.css" Date="2007-12-18T18:22:14.223Z" Author="J.D. Meier, Alex Mackman, Michael Dunner, Srinath Vasireddy, Ray Escamilla and Anandha Murukan" Category="Installation Considerations" filePath="..\Libraries\patterns &amp; practices Library\Checklist Item\196a0f98-5999-46a7-ac5f-99b200470a23.xml" Priority="2" Rule_Type="Deployment" Source="patterns &amp; practices Library" Status="Beta" Technology="SQL Server 2000" Topic="Security" Type="Checklist Item" xmlns="urn:microsoft:guidanceexplorer:guidanceItem"><content><![CDATA[<H1>Applies to</H1><UL><DIV><LI><DIV>SQL Server 2000</DIV><LI><DIV>Windows 2000 Server</DIV></LI></DIV></UL><H1>What to Check For</H1><P>Check to ensure that the database server is physically secured by locating the server in a secure computer room. </P>]]></content></guidanceItem>