﻿<?xml version="1.0" encoding="utf-8"?><guidanceItem id="1996ee70-1f55-4ab9-ba85-b4c8d9ebabf6" type="checklist" title="Use Set NOCOUNT ON in stored procedures." cssFile="guidance.css" Date="2007-12-18T18:39:58.313Z" Author="J.D. Meier, Srinath Vasireddy, Ashish Babbar, Sharon Bjeletich and Alex Mackman" Category="Stored Procedures" filePath="..\Libraries\patterns &amp; practices Library\Checklist Item\1996ee70-1f55-4ab9-ba85-b4c8d9ebabf6.xml" Priority="2" Rule_Type="Implementation" Source="patterns &amp; practices Library" Status="Beta" Technology="SQL Server 2000" Topic="Performance" Type="Checklist Item" xmlns="urn:microsoft:guidanceexplorer:guidanceItem"><content><![CDATA[<H1>Applies to</H1><UL><LI><DIV>SQL Server 2000</DIV></LI></UL><H1>What to Check For</H1><P>Check to ensure that your application&nbsp;uses Set NOCOUNT ON in stored procedures.</P><H1>How to Check</H1><P>Use the SET NOCOUNT ON statement to prevent SQL Server from sending the DONE_IN_PROC message for each statement in a stored procedure. For example, if you have eight operations in a stored procedure and you have not used this option eight messages are returned to the caller. Each message contains the number of affected rows for the respective statement.</P><H1>Additional Resources</H1><UL><LI>For more information&nbsp;see "<A href="http://msdn2.microsoft.com/en-us/library/ms998577.aspx">Improving SQL Server Performance</A>".</LI></UL>]]></content></guidanceItem>