﻿<?xml version="1.0" encoding="utf-8"?><guidanceItem id="19e978e0-1d75-4147-8ced-8fea7025b97c" type="checklist" title="Configuration sections that contain sensitive data are encrypted using protected configuration providers." cssFile="guidance.css" Date="2007-12-13T23:59:22.313Z" Author="J.D. Meier, Alex Mackman, Blaine Wastell, Prashant Bansode, Andy Wigley, Kishore Gopalan" Category="Deployment Considerations" filePath="..\Libraries\patterns &amp; practices Library\Checklist Item\19e978e0-1d75-4147-8ced-8fea7025b97c.xml" Priority="2" Rule_Type="Deployment" Source="patterns &amp; practices Library" Status="Beta" Technology="ASP.NET 2.0" Topic="Security" Type="Checklist Item" xmlns="urn:microsoft:guidanceexplorer:guidanceItem"><content><![CDATA[<H1>Applies to</H1><UL><LI><DIV>ASP.NET 2.0</DIV></LI></UL><H1>What to Check For</H1><P>Check to ensure that your application encrypts the configuration sections that contain sensitive data by using protected configuration providers.</P><P></P><H1>How to Fix</H1><P>In ASP.NET version 1.1, you could use the Aspnet_setreg.exe tool to encrypt certain elements in the Web.config and Machine.config files that contain credentials. This tool replaces the credentials in the configuration file with a pointer to a registry key that holds the DPAPI encrypted data. In ASP.NET version 2.0, you can use either the DPAPI or RSA protected configuration providers to encrypt specific sections that contain sensitive data. The sections that usually contain sensitive information that you need to encrypt include &lt;<B>appSettings</B>&gt;, &lt;<B>connectionStrings</B>&gt;, &lt;<B>identity</B>&gt;, and &lt;<B>sessionState</B>&gt;.</P><P>To encrypt the &lt;<B>connectionStrings</B>&gt; section by using the DPAPI provider with the machine-key store (the default configuration), run the following command from a command window:</P><P><B>aspnet_regiis -pe "connectionStrings" -app "/MachineDPAPI" -prov "DataProtectionConfigurationProvider"</B> </P><UL><LI>-<B>pe</B>: Specifies the configuration section to encrypt. <LI>-<B>app</B>: Specifies your Web application's virtual path. If your application is nested, you need to specify the nested path from the root directory; for example, "/test/aspnet/MachineDPAPI". <LI><B>-prov</B>: Specifies the provider name. </LI></UL><P>If you need to encrypt configuration file data on multiple servers in a Web farm, you should use RSA protected configuration provider because of the ease with which you can export RSA key containers. </P><H1>Additional Resources</H1><UL><LI>For more information, see <A href="http://msdn2.microsoft.com/en-us/library/ms998280.aspx">How To: Encrypt Configuration Sections in ASP.NET 2.0 Using DPAPI</A> and <A href="http://msdn2.microsoft.com/en-us/library/ms998283.aspx">How To: Encrypt Configuration Sections in ASP.NET 2.0 Using RSA</A>.</LI></UL>]]></content></guidanceItem>