﻿<?xml version="1.0" encoding="utf-8"?><guidanceItem id="1a0a3235-1998-438b-a268-f292ed842a9e" type="checklist" title="Take note of small queries called often." cssFile="guidance.css" Date="2007-12-18T18:55:34.077Z" Author="J.D. Meier, Srinath Vasireddy, Ashish Babbar, Sharon Bjeletich and Alex Mackman" Category="Queries" filePath="..\Libraries\patterns &amp; practices Library\Checklist Item\1a0a3235-1998-438b-a268-f292ed842a9e.xml" Priority="2" Rule_Type="Implementation" Source="patterns &amp; practices Library" Status="Beta" Technology="SQL Server 2000" Topic="Performance" Type="Checklist Item" xmlns="urn:microsoft:guidanceexplorer:guidanceItem"><content><![CDATA[<H1>Applies to</H1><UL><LI><DIV>SQL Server 2000</DIV></LI></UL><H1>What to Check For</H1><P>Check to ensure that your application takes a&nbsp;note of small queries that are called often.</P><H1>How to Check</H1><P>Often, small queries that run fairly quickly but that are called often are overlooked. Use SQL Profiler to identify queries that are called often, and then try to optimize them. Optimizing one query that runs hundreds of times may be more effective than optimizing one long-running query that runs only once.</P><P>You can modify the <B>fn_trace_gettable</B> sample code to order by SUM(CPU) so that it becomes an effective tool for identifying small queries or stored procedures that may be called thousands of times in an hour. When you tally their CPU costs, these queries can represent a huge expense to the overall performance of your SQL Server. By correctly designing indexes and avoiding bookmark lookups, you can shorten each call by milliseconds. Over time, this can amount to a big saving.</P><P>This kind of reporting is also useful for arranging small queries by reads and writes. Before you upgrade your subsystem, consider using these reporting methods to identify small queries. You can then plan application design changes that may help consolidate these small queries into larger batches.</P><H1>Additional Resources</H1><UL><LI>For more information&nbsp;see "<A href="http://msdn2.microsoft.com/en-us/library/ms998577.aspx">Improving SQL Server Performance</A>".</LI></UL>]]></content></guidanceItem>