﻿<?xml version="1.0" encoding="utf-8"?><guidanceItem id="1a0ce423-dca6-4229-9c95-9169c933455b" type="checklist" title="Use HtmlTextWriter when building custom controls." cssFile="guidance.css" Date="2007-12-14T00:16:28.38Z" Author="J.D. Meier, Alex Mackman, Blaine Wastell, Prashant Bansode, Andy Wigley, Kishore Gopalan" Category="String Management" filePath="..\Libraries\patterns &amp; practices Library\Checklist Item\1a0ce423-dca6-4229-9c95-9169c933455b.xml" Priority="2" Rule_Type="Implementation" Source="patterns &amp; practices Library" Status="Beta" Technology="ASP.NET 2.0" Topic="Performance" Type="Checklist Item" xmlns="urn:microsoft:guidanceexplorer:guidanceItem"><content><![CDATA[<H1>Applies to</H1><UL><LI><DIV>ASP.NET 2.0</DIV></LI></UL><H1>What to Check For</H1><P>Check to ensure that&nbsp;when building custom controls your application uses HtmlTextWriter for better performance.</P><H1>How to Check</H1><P>When you are building custom controls, the <B>Render</B>, <B>RenderChildren,</B> and <B>RenderControl</B> methods provide access to the <B>HtmlTextWriter</B> object. The <B>HtmlTextWriter</B> writes to the same reusable buffer as <B>Response.Write.</B> In the same way as <B>Response.Write, HtmlTextWriter</B> does not suffer the performance overhead of allocating memory in addition to cleaning up the memory.</P><H1>Additional Resources</H1><UL><LI><P>For more information about strings, see "String Operations" in Chapter 5, "<A href="http://msdn2.microsoft.com/en-us/library/ms998547.aspx">Improving Managed Code Performance</A>".</P></LI></UL>]]></content></guidanceItem>