﻿<?xml version="1.0" encoding="utf-8"?><guidanceItem id="1a1a4724-84ba-472d-8957-329713b8bbaf" type="checklist" title="Authorization cookie is protected for tampering and reading information." cssFile="guidance.css" Date="2008-01-18T23:37:08.477Z" Author="J.D. Meier, Alex Mackman, Blaine Wastell, Prashant Bansode, Andy Wigley, Kishore Gopalan" Category="Authorization" filePath="..\Libraries\patterns &amp; practices Library\Checklist Item\1a1a4724-84ba-472d-8957-329713b8bbaf.xml" Priority="2" Rule_Type="Implementation" Source="patterns &amp; practices Library" Status="Beta" Technology="ASP.NET 2.0" Topic="Security" Type="Checklist Item" xmlns="urn:microsoft:guidanceexplorer:guidanceItem"><content><![CDATA[<H1>Applies to</H1><UL><LI><DIV>ASP.NET 2.0</DIV></LI></UL><H1>What to Check For</H1><P>Check to ensure that your application protects roles data in the&nbsp;authorization cookie to stop users from modifying the list of roles to which they belong, and to stop intruders from gaining information about the roles used by your application. </P><P></P><H1>How to Fix</H1><P>You protect the authorization cookie by appropriately configuring the &lt;<B>roleManager</B>&gt; element as follows: </P><UL><LI>Set the <B>cookieProtection</B> attribute to <B>All</B>. This ensures that the role names in the cookie are digitally signed and encrypted to prevent unauthorized viewing and modification of the role data. <LI>Set the <B>cookieSlidingExpiration</B> attribute to <B>true</B> and the <B>cookieTimeout</B> attribute to an integer number of minutes (for example, 10 to 20 or fewer). The cookie expires when the timeout expires and must be renewed. <LI>Set the <B>cookieRequireSSL</B> attribute to <B>true</B> to specify that the authorization cookie with the role information should only be returned to the server over HTTPS connections. <LI>Set the <B>createPersistentCookie</B> attribute to <B>false</B> to ensure that the roles cookie is session-based and not a persistent cookie. <LI>If you cannot use SSL, consider reducing the <B>cookieTimeout</B> to 10 minutes. If you are concerned with cookie hijacking, consider setting the <B>cookieSlidingExpiration</B> attribute to false. This causes the cookie to expire after the fixed timeout period and must be renewed. </LI></UL><P>The following example shows a &lt;<B>roleManager</B>&gt; element configured to protect the authorization cookie.</P><DIV><PRE>&lt;roleManager enabled="true"<BR>             cacheRolesInCookie="true"<BR>             cookieName=".ASPROLES"<BR>             cookieTimeout="30"<BR>             cookiePath="/"<BR>             cookieRequireSSL="true"<BR>             cookieSlidingExpiration="true"<BR>             cookieProtection="All"<BR>              createPersistentCookie="false"&gt;&lt;/roleManager&gt;</PRE></DIV>]]></content></guidanceItem>