﻿<?xml version="1.0" encoding="utf-8"?><guidanceItem id="1aa038a9-14f7-4f79-9000-4f0f0844d735" type="checklist" title="The identities used to access remote resources from ASP.NET Web applications are clearly identified." cssFile="guidance.css" Date="2007-12-18T21:55:04.233Z" Author="J.D. Meier, Srinath Vasireddy, Ashish Babbar, John Allen and Alex Mackman" Category="Design Considerations" filePath="..\Libraries\patterns &amp; practices Library\Checklist Item\1aa038a9-14f7-4f79-9000-4f0f0844d735.xml" Priority="2" Rule_Type="Design" Source="patterns &amp; practices Library" Status="Beta" Technology="ASP.NET 1.1" Topic="Security" Type="Checklist Item" xmlns="urn:microsoft:guidanceexplorer:guidanceItem"><content><![CDATA[<H1>Applies to</H1><UL><LI><DIV>ASP.NET 1.1</DIV></LI></UL><H1>What to Check For</H1><P>Check to ensure that identities used to access remote resources are clearly identified.</P><H1>How to Check</H1><P>By default, ASP.NET applications do not impersonate, and the least privileged ASP.NET process account is used to run ASP.NET Web applications and for resource access. The default is the recommended configuration. There are several situations in which you may want to use a different Windows security context for resource access. These include: </P><UL><LI><B>Hosting multiple applications on the same server</B> <P>You can use IIS to configure each application to use a separate anonymous Internet user account and then enable impersonation. Each application then has a&nbsp;distinct identity for resource access. For more information about this approach, see Chapter 20, "<A onclick="javascript:Track('ctl00_LibFrame_ctl03&#124;ctl00_LibFrame_ctl08',this);" href="http://msdn2.microsoft.com/en-us/library/aa302436.aspx">Hosting Multiple ASP.NET Applications</A>." </P><BLOCKQUOTE><B>Note</B>&nbsp;&nbsp;&nbsp;If your applications run on Windows&nbsp;Server&nbsp;2003 with IIS 6.0, you can use application pools and configure each application to run in its own worker process that provides process-level isolation. By default, all applications run in a default application pool. With application pools, you can configure each process to run using a separate identity and, as a result, you do not need to use impersonation. For more information, see "<A onclick="javascript:Track('ctl00_LibFrame_ctl03&#124;ctl00_LibFrame_ctl09',this);" href="http://msdn.microsoft.com/library/en-us/dnpag2/html/paght000029.asp">How To: Improve Security When Hosting Multiple Applications in ASP.NET 2.0</A>."</BLOCKQUOTE><LI><B>Accessing a remote resource with specific authentication requirements</B> <P>If you need to access a specific remote resource (for example, a file share) and have been given a particular Windows account to use, you can use configure this account as the anonymous Web user account for your application. Then you can use programmatic impersonation prior to accessing the specific remote resource. For more information, see "<A href="http://msdn2.microsoft.com/en-us/library/aa302426.aspx#c10618429_010">Impersonation</A>".</P></LI></UL>]]></content></guidanceItem>