﻿<?xml version="1.0" encoding="utf-8"?><guidanceItem id="1ac23e77-2f04-43a3-a504-d11c0d066a65" type="checklist" title="Consider calling ReleaseComObject in server applications." cssFile="guidance.css" Date="2007-12-18T07:16:58.957Z" Author="J.D. Meier, Srinath Vasireddy, Ashish Babbar, and Alex Mackman" Category="Marshaling" filePath="..\Libraries\patterns &amp; practices Library\Checklist Item\1ac23e77-2f04-43a3-a504-d11c0d066a65.xml" Priority="2" Rule_Type="Implementation" Source="patterns &amp; practices Library" Status="Beta" Technology="Interop (.NET 1.1)" Topic="Performance" Type="Checklist Item" xmlns="urn:microsoft:guidanceexplorer:guidanceItem"><content><![CDATA[<H1>Applies to</H1><UL><LI><DIV>XML (.NET 1.1)</DIV></LI></UL><H1>What to Check For</H1><P>Check to ensure that your application considers calling ReleaseComObject in server applications.</P><H1>Why</H1><P>Client code that uses a managed object that exposes a <B>Dispose</B> method should call the <B>Dispose</B> method as soon as it is finished with the object to ensure that resources are released as quickly as possible. Knowing when to call <B>ReleaseComObject</B> is trickier. You should call <B>ReleaseComObject</B> when: </P><UL><LI>You create and destroy COM objects under load from managed code. If there is sufficient load on your application to necessitate quick COM object disposal and recovery of resources, consider <B>ReleaseComObject</B>. This is generally the case for server workloads. For example, you may need to call <B>ReleaseComObject</B> if your ASP.NET page creates and destroys COM objects on a per-request basis. <LI>Your ASP.NET code calls a serviced component that wraps and internally calls a COM component. In this case, you should implement <B>Dispose</B> in your serviced component and your <B>Dispose</B> method should call <B>ReleaseComObject</B>. The ASP.NET code should call your serviced component's <B>Dispose</B> method. <LI>Your COM component relies on an eager release of its interface pointers to <B>IUnknown</B>. One approach is to assume that eager release is unnecessary. Then, if you find that you have scaling problems because a specific COM component must be eagerly released, come back and add the <B>ReleaseComObject</B> for it. In general, if you are calling COM from managed code under load (for example, in server scenarios), you need to consider <B>ReleaseComObject</B>. </LI></UL><P>You should not call <B>ReleaseComObject</B> in the following circumstances: </P><UL><LI>If you use the COM object across client calls, do not call <B>ReleaseComObject</B> unless you are completely done. An exception is generated if you try to access an object that is already released. <LI>If you use the COM object from multiple threads (such as when you cache or pool the object), do not call <B>ReleaseComObject</B> until you are completely done. An exception is generated if you try to access an object that is released. </LI></UL><P>If you do not call <B>ReleaseComObject</B>, the RCWs are cleaned up in one of two ways: </P><UL><LI>When a garbage collection happens, the finalizer thread releases RCWs that are not in use. <LI>When a COM object is activated or when an interface pointer enters the runtime for the first time. If this occurs on an MTA thread the runtime will clean up all the RCWs no longer in use in the current context. If this occurs on an STA thread the runtime will clean up all the RCWs no longer in use in all contexts in that STA apartment </LI></UL><H1>How to Check</H1><P>When you reference a COM object, you actually maintain a reference to an RCW. The RCW holds an internal pointer to the COM object's <B>IUnknown</B> interface. During finalization of the RCW, the CLR finalizer thread calls the RCW's finalizer, which in turn calls <B>IUnknown::Release</B> to decrement the COM object's reference count. When the reference count reaches zero, the COM object is released from the memory.</P><P>.NET memory management is nondeterministic, which can cause problems when you need to deterministically release COM objects in server applications, such as ASP.NET applications. You can use <B>Marshal.ReleaseComObject</B> to help solve this problem.</P><BLOCKQUOTE><B>Note&nbsp;&nbsp;&nbsp;</B>You should only call <B>ReleaseComObject</B> when you absolutely have to.</BLOCKQUOTE><H2>How ReleaseComObject Works</H2><P>An RCW maintains an internal marshaling count, which is completely separate from the COM object reference count. When you call <B>ReleaseComObject</B>, the RCW's internal marshaling count is decremented. When the internal marshaling count reaches zero, the RCW's single reference count on the underlying COM object is decremented. At this point, the unmanaged COM object is released and its memory is freed, and the RCW becomes eligible for garbage collection.</P><P>The CLR creates exactly one RCW for each COM object. The RCW maintains a single reference count on its associated COM object, irrespective of how many interfaces from that COM object have been marshaled into the managed process in which the RCW is located. Figure&nbsp;below shows the relationship between the RCW, its clients in a managed process, and the associated COM object.</P><P><IMG alt="" src="http://msdn2.microsoft.com/en-us/library/ms998551.ch08---releasecomobject(en-us,MSDN.10).gif" border=0></P><P><B>Figure : RCW's relationship to managed code and an unmanaged COM object</B></P><P>If multiple interface pointers have been marshaled, or if the same interface has been marshaled multiple times by multiple threads, the internal marshaling count in the RCW will be greater than one. In this situation, you need to call <B>ReleaseComObject</B> in a loop. </P><H1>How to Fix</H1><P>When you call <B>ReleaseComObject</B>, follow these guidelines: </P><UL><LI><B>Evaluate whether you need a loop to release all interfaces</B>. In most cases, you can simply call <B>ReleaseComObject</B> once. For example, in cases where you acquire a COM object interface pointer, work with it, and then release it, you should not implement a loop. This usage pattern is typical in server applications. <P>In cases where you have a marshaling count greater than one, you need to use a loop. This is the case when the marshaling count is incremented every time the pointer to <B>IUnknown</B> is marshaled into managed code from unmanaged code and ends up with the same RCW. Therefore you need to call <B>ReleaseComObject</B> in a loop until the returned marshaling count equals zero. </P><P>For example, if you call an unmanaged method ten times in a loop on the same thread, and the method returns the same object ten times, the underlying wrapper will have a marshaling count of ten. In this case, you must call <B>ReleaseComObject</B> ten times in a loop. This can occur in cases where you use ActiveX controls, where your code might query a contained property multiple times. </P><P>A simple approach is to call <B>ReleaseComObject</B> in a loop until its return value (the unmanaged reference count) reaches zero as shown below. </P><DIV><PRE>while(Marshal.ReleaseComObject(yourComObject)&#33;=0);</PRE></DIV><P>If any thread subsequently attempts to access the released COM object through the RCW, a <B>NullReferenceException</B> exception is generated. </P><BLOCKQUOTE><B>Note&nbsp;&nbsp;&nbsp;</B>At the time of this writing, the .NET Framework 2.0 (code-named "Whidbey") provides a method named <B>FinalReleaseComObject</B> that will bypass the marshaling count logic. This means that you will not need to use a loop to repeatedly call <B>ReleaseComObject</B>.</BLOCKQUOTE><LI><B>Use a finally block</B>. It is good practice to place calls to <B>ReleaseComObject</B> in a <B>finally</B> block as shown in the following example to ensure that it is called, even in the event of an exception. <DIV><PRE>// Create the COM object<BR>Account act = new Account();<BR>try&#123;<BR>  // Post money into the account<BR>  act.Post(5, 100);<BR>&#125;<BR>finally&#123;<BR>  // Make sure that the underlying COM object is immediately freed<BR>  System.Runtime.InteropServices.Marshal.ReleaseComObject(act);<BR>&#125;</PRE></DIV><LI><B>Setting objects to null or Nothing</B>. It is common practice for Visual Basic 6 developers to set an object reference to <B>Nothing</B> as follows. <DIV><PRE>Set comObject = Nothing</PRE></DIV><P>If you would set a reference to <B>null</B> or <B>Nothing</B> to make a graph of objects unreachable in a pure managed scenario, you would use the same technique with graphs that contain managed objects and/or references to unmanaged objects. </P></LI></UL><H1>Additional Resources</H1><UL><LI>For more information about when to call <B>ReleaseComObject</B> when you use serviced components, see Chapter 8, "<A href="http://msdn2.microsoft.com/en-us/library/ms998556.aspx">Improving Enterprise Services Performance</A>"</LI></UL>]]></content></guidanceItem>