﻿<?xml version="1.0" encoding="utf-8"?><guidanceItem id="1ad3b40c-4715-4852-ac33-46133413246b" type="checklist" title="Client credentials are configured at the client through the proxy object." cssFile="guidance.css" Date="2007-12-18T20:49:52.08Z" Author="J.D. Meier, Alex Mackman, Michael Dunner, Srinath Vasireddy, Ray Escamilla and Anandha Murukan" Category="Authentication" filePath="..\Libraries\patterns &amp; practices Library\Checklist Item\1ad3b40c-4715-4852-ac33-46133413246b.xml" Priority="2" Rule_Type="Implementation" Source="patterns &amp; practices Library" Status="Beta" Technology="Remoting (.NET 1.1)" Topic="Security" Type="Checklist Item" xmlns="urn:microsoft:guidanceexplorer:guidanceItem"><content><![CDATA[<H1>Applies to</H1><UL><LI><DIV>Remoting (.NET 1.1)</DIV></LI></UL><H1>What to Check For</H1><P>Check to ensure that the Client credentials are configured at the client through the proxy object to successfully communicate with a remote component that is configured for Windows authentication.</P>]]></content></guidanceItem>