﻿<?xml version="1.0" encoding="utf-8"?><guidanceItem id="1b104b94-e085-4d32-9d16-a4efd107dcda" type="checklist" title="Choose the appropriate XML class for the job." cssFile="guidance.css" Date="2007-12-18T21:15:16.753Z" Author="J.D. Meier, Srinath Vasireddy, Ashish Babbar, and Alex Mackman " Category="Design Considerations" filePath="..\Libraries\patterns &amp; practices Library\Checklist Item\1b104b94-e085-4d32-9d16-a4efd107dcda.xml" Priority="2" Rule_Type="Implementation" Source="patterns &amp; practices Library" Status="Beta" Technology="XML (.NET 1.1)" Topic="Performance" Type="Checklist Item" xmlns="urn:microsoft:guidanceexplorer:guidanceItem"><content><![CDATA[<H1>Applies to</H1><UL><LI><DIV>XML (.NET 1.1)</DIV></LI></UL><H1>What to Check For</H1><P>Check to ensure that your application chooses the appropriate XML class for its job.</P><H1>How to Check</H1><P>To help you choose the appropriate .NET Framework class to process XML, consider the following guidelines: </P><UL><LI>Use <B>XmlTextReader</B> to process XML data quickly in a forward, read-only manner without using validation, XPath, and XSLT services. <LI>Use <B>XmlValidatingReader</B> to process and to validate XML data. Process and validate the XML data in a forward, read-only manner according to an XML schema or a DTD. <LI>Use <B>XPathNavigator</B> to obtain read-only, random access to XML data and to use XPath queries. To create an <B>XPathNavigator</B> object over an XML document, you must call the <B>XPathDocument.CreateNavigator</B> method. <LI>Use <B>XmlTextWriter</B> to write XML documents. You cannot use <B>XmlTextWriter</B> to update XML documents. <LI>Use the <B>XmlTextReader</B> and <B>XmlTextWriter,</B> in combination, for simple transformations rather than resorting to loading an <B>XmlDocument</B> or using XSLT. For example, updating all the price element values in a document can be achieved by reading with the <B>XmlTextReader</B>, updating the value and then writing to the <B>XmlTextWriter</B>, typically by using the <B>WriteNode</B> method. <LI>Use the <B>XmlDocument</B> class to update existing XML documents, or to perform XPath queries and updates in combination. To use XPath queries on the <B>XmlDocument,</B> use the <B>Select</B> method. <LI>If possible, use client-side XML processing to improve performance and to reduce bandwidth.</LI></UL>]]></content></guidanceItem>