﻿<?xml version="1.0" encoding="utf-8"?><guidanceItem id="1b33ee38-014e-498a-b9e9-275620cc5998" type="checklist" title="Consider buffering." cssFile="guidance.css" Date="2007-12-18T20:21:36.01Z" Author="J.D. Meier, Srinath Vasireddy, Ashish Babbar, and Alex Mackman" Category="Web Services" filePath="..\Libraries\patterns &amp; practices Library\Checklist Item\1b33ee38-014e-498a-b9e9-275620cc5998.xml" Priority="2" Rule_Type="Implementation" Source="patterns &amp; practices Library" Status="Beta" Technology="Web Services (.NET 1.1)" Topic="Performance" Type="Checklist Item" xmlns="urn:microsoft:guidanceexplorer:guidanceItem"><content><![CDATA[<H1>Applies to</H1><UL><LI><DIV>Web Services (.NET 1.1)</DIV></LI></UL><H1>What to Check For</H1><P>Check to ensure that your application considers buffering web methods.</P><H1>How to Fix</H1><P>By default, the <B>BufferResponse</B> configuration setting is set to <B>true</B>, to ensure that the response is completely buffered before returning to the client. This default setting is good for small amounts of data. For large amounts of data, consider disabling buffering, as shown in the following code snippet. </P><DIV><PRE>&#91;WebMethod(BufferResponse=false)&#93;<BR>public string GetTextFile()<BR>&#123;<BR>  // return large amount of data<BR>&#125;</PRE></DIV><P>To determine whether or not to enable or disable buffering for your application, measure performance with and without buffering.</P><H1>Additional Resources</H1><UL><LI>For more information&nbsp;see "<A href="http://msdn2.microsoft.com/en-us/library/ms998562.aspx">Improving Web Services Performance</A>".</LI></UL>]]></content></guidanceItem>