﻿<?xml version="1.0" encoding="utf-8"?><guidanceItem id="1b33e2d0-0c71-4084-bf8f-680dded4dc4f" type="checklist" title="Know the cost of accessing a property." cssFile="guidance.css" Date="2007-12-15T00:43:11.547Z" Author="J.D. Meier, Srinath Vasireddy, Ashish Babbar, Rico Mariani, and Alex Mackman" Category="Class Design Considerations" filePath="..\Libraries\patterns &amp; practices Library\Checklist Item\1b33e2d0-0c71-4084-bf8f-680dded4dc4f.xml" Priority="2" Rule_Type="Implementation" Source="patterns &amp; practices Library" Status="Beta" Technology=".NET 1.1" Topic="Performance" Type="Checklist Item" xmlns="urn:microsoft:guidanceexplorer:guidanceItem"><content><![CDATA[<H1>Applies to</H1><UL><LI><DIV>.NET 1.1</DIV></LI></UL><H1>What to Check For</H1><P>Check to ensure that your application knows the cost of accessing a property.</P><H1>How to Check</H1><P>A property looks like a field, but it is not, and it can have hidden costs. You can expose class-level member variables by using public fields or public properties. The use of properties represents good object-oriented programming practice because it allows you to encapsulate validation and security checks and to ensure that they are executed when the property is accessed, but their field-like appearance can cause them to be misused.</P><P>You need to be aware that if you access a property, additional code, such as validation logic, might be executed. This means that accessing a property might be slower than directly accessing a field. However, the additional code is generally there for good reason; for example, to ensure that only valid data is accepted.</P><P>For simple properties that contain no additional code (other than directly setting or getting a private member variable), there is no performance difference compared to accessing a public field because the compiler can inline the property code. However, things can easily become more complicated; for example, virtual properties cannot be inlined.</P><P>If your object is designed for remote access, you should use methods with multiple parameters instead of requiring the client to set multiple properties or fields. This reduces round trips.</P><P>It is extremely bad form to use properties to hide complex business rules or other costly operations, because there is a strong expectation by callers that properties are inexpensive. Design your classes accordingly.</P><H1>Additional Resources</H1><UL><LI>For more information about performance testing, see Chapter 5, "<A href="http://msdn2.microsoft.com/en-us/library/ms998547.aspx">Improving Managed Code Performance</A>".</LI></UL>]]></content></guidanceItem>