﻿<?xml version="1.0" encoding="utf-8"?><guidanceItem id="1b61468f-1749-4f68-9492-af77953c5da8" type="checklist" title="Restrictive permissions are configured on SQL Server installation directories " cssFile="guidance.css" Date="2007-12-18T18:19:46.82Z" Author="J.D. Meier, Alex Mackman, Michael Dunner, Srinath Vasireddy, Ray Escamilla and Anandha Murukan" Category="Deployment Considerations" filePath="..\Libraries\patterns &amp; practices Library\Checklist Item\1b61468f-1749-4f68-9492-af77953c5da8.xml" Priority="2" Rule_Type="Deployment" Source="patterns &amp; practices Library" Status="Beta" Technology="SQL Server 2000" Topic="Security" Type="Checklist Item" xmlns="urn:microsoft:guidanceexplorer:guidanceItem"><content><![CDATA[<H1>Applies to</H1><UL><LI><DIV>SQL Server 2000 </DIV><LI><DIV>Windows 2000 Server</DIV><DIV></DIV></LI></UL><H1>What to Check For</H1><P>Check to ensure that restrictive permissions are configured on SQL Server installation directories as per the guide.</P><P></P><H1>How to Fix</H1><P>Verify the permissions listed in the Table&nbsp;below, to the account the SQL Server service is running under. The location specified in parentheses is the default install location. This may vary for your installation.</P><P><B>NTFS Permissions for SQL Server Service Account</B></P><DIV><TABLE><TBODY><TR><TH>Location</TH><TH>Permissions for SQL Service Account</TH></TR><TR><TD>Install location<BR>(\Program Files\Microsoft SQL Server\MSSQL\)</TD><TD>Read and Execute<BR>List Folder Contents<BR>Read</TD></TR><TR><TD>Database file directory (.mdf, .ndf, .ldf files)<BR>(\Program Files\Microsoft SQL Server\MSSQL\Data)</TD><TD>Full Control</TD></TR><TR><TD>Error log file directory<BR>(\Program Files\Microsoft SQL Server\MSSQL\LOG)</TD><TD>Full Control</TD></TR><TR><TD>Backup file directory<BR>(\Program Files\Microsoft SQL Server\MSSQL\Backup)</TD><TD>Full Control</TD></TR><TR><TD>Job temporary file output directory<BR>(\Program Files\Microsoft SQL Server\MSSQL\Jobs)</TD><TD>Full Control</TD></TR></TBODY></TABLE></DIV><P>If you use Enterprise Manager to set the SQL Server service account, it gives the account Full Control permissions on the SQL Server installation directory and all subfolders (\Program Files\Microsoft SQL Server\MSSQL\&#42;).</P><P>By removing write permissions on this folder and all subfolders, and then selectively granting full control to the data, error log, backup and job file directories, the new account cannot overwrite SQL Server binaries.</P>]]></content></guidanceItem>