﻿<?xml version="1.0" encoding="utf-8"?><guidanceItem id="1b8b538f-a443-4d48-924a-d4d0f0b8178f" type="checklist" title="Mechanisms have been identified to secure sensitive information over network and in persistent stores." cssFile="guidance.css" Date="2007-12-14T00:06:14.347Z" Author="J.D. Meier, Alex Mackman, Blaine Wastell, Prashant Bansode, Andy Wigley, Kishore Gopalan" Category="Design Considerations" filePath="..\Libraries\patterns &amp; practices Library\Checklist Item\1b8b538f-a443-4d48-924a-d4d0f0b8178f.xml" Priority="2" Rule_Type="Design" Source="patterns &amp; practices Library" Status="Beta" Technology="ASP.NET 2.0" Topic="Security" Type="Checklist Item" xmlns="urn:microsoft:guidanceexplorer:guidanceItem"><content><![CDATA[<H1>Applies to</H1><UL><LI><DIV>ASP.NET 2.0</DIV></LI></UL><H1>What to Check For</H1><P>Check to ensure that your application identifies the&nbsp;mechanisms to protect sensitive information such as&nbsp;credentials, and the authentication tickets over the networks and in persistent stores. </P>]]></content></guidanceItem>