﻿<?xml version="1.0" encoding="utf-8"?><guidanceItem id="1b9147ba-261e-4ae7-a66d-a3ee2181f4be" type="checklist" title="Consider hard-coded transformations." cssFile="guidance.css" Date="2007-12-18T21:19:05.08Z" Author="J.D. Meier, Srinath Vasireddy, Ashish Babbar, and Alex Mackman " Category="Design Considerations" filePath="..\Libraries\patterns &amp; practices Library\Checklist Item\1b9147ba-261e-4ae7-a66d-a3ee2181f4be.xml" Priority="2" Rule_Type="Implementation" Source="patterns &amp; practices Library" Status="Beta" Technology="XML (.NET 1.1)" Topic="Performance" Type="Checklist Item" xmlns="urn:microsoft:guidanceexplorer:guidanceItem"><content><![CDATA[<H1>Applies to</H1><UL><LI><DIV>XML (.NET 1.1)</DIV></LI></UL><H1>What to Check For</H1><P>Check to ensure that hard-coded transformations are considered when designing XML applications.</P><H1>How to Check</H1><P>Using XSLT may be overly complicated for certain simple transformations such as changing a particular attribute value, replacing one node with another node, or appending or removing nodes from a document.</P><P>If using XSLT appears to be an overly-complicated approach for a simple transformation, you can use <B>XmlReader</B> and <B>XmlWriter</B> together to copy the document from <B>XmlReader</B> to <B>XmlWriter</B> and then modify the document while copying. The <B>XmlWriter.WriteNode</B> and <B>XmlWriter.WriteAttributes</B> methods receive an <B>XmlReader</B> instance, and the method copies the node and its child nodes to <B>XmlWriter</B>.</P><P>The disadvantage of using the classes to perform the transformation is that you can modify XSLT without having to recompile the code. However, in some situations, it might be better to hard code a transformation. A simple example of a hard-coded approach is shown in the following code fragment.</P><DIV><PRE>while( reader.Read() )&#123;<BR>  if( reader.LocalName == "somethingToChange" )<BR>  &#123;<BR>    writer.WriteStartElement( "somethingChanged" );<BR>    writer.WriteAttributes( reader, false );<BR>    //<BR>  &#125;<BR>  else<BR>  &#123;<BR>    writer.WriteNode( reader, false );<BR>  &#125;<BR>&#125;</PRE></DIV>]]></content></guidanceItem>