﻿<?xml version="1.0" encoding="utf-8"?><guidanceItem id="1bb20869-b83f-41e0-9d6a-f7f8ab9ac754" type="checklist" title="The forms authentication cookie is restricted to HTTPS connections by using the requireSSL attribute or the Secure cookie property." cssFile="guidance.css" Date="2008-01-19T00:19:30.933Z" Author="J.D. Meier, Srinath Vasireddy, Ashish Babbar, John Allen and Alex Mackman" Category="Authentication" filePath="..\Libraries\patterns &amp; practices Library\Checklist Item\1bb20869-b83f-41e0-9d6a-f7f8ab9ac754.xml" Priority="2" Rule_Type="Implementation" Source="patterns &amp; practices Library" Status="Beta" Technology="ASP.NET 1.1" Topic="Security" Type="Checklist Item" xmlns="urn:microsoft:guidanceexplorer:guidanceItem"><content><![CDATA[<H1>Applies to</H1><UL><LI><DIV>ASP.NET 1.1</DIV></LI></UL><H1>What to Check For</H1><P>Check to ensure that your forms authentication cookie is restricted to HTTPS connections by using the requireSSL attribute or the Secure cookie property.</P><H1>How to Check</H1><P>Cookies support a "secure" property that determines whether or not browsers should send the cookie back to the server. With the secure property set, the cookie is sent by the browser only to a secure page that is requested using an HTTPS URL.</P><P>If you are using .NET Framework version 1.1, set the secure property by using <B>requireSSL="true"</B> on the <B>&lt;forms&gt;</B> element as follows:</P><DIV><PRE>&lt;forms loginUrl="Secure\Login.aspx"<BR>       requireSSL="true" . . . /&gt;</PRE></DIV><P>If you are using .NET Framework version 1.0, set the secure property manually in the <B>Application_EndRequest</B> event handler in Global.asax using the following code:</P><DIV><PRE>protected void Application_EndRequest(Object sender, EventArgs e)<BR> &#123;<BR>  string authCookie = FormsAuthentication.FormsCookieName;<BR>  foreach (string sCookie in Response.Cookies)<BR>   &#123;<BR>    if (sCookie.Equals(authCookie))<BR>    &#123;<BR>       // Set the cookie to be secure. Browsers will send the cookie<BR>      // only to pages requested with https<BR>      Response.Cookies&#91;sCookie&#93;.Secure = true;<BR>    &#125;<BR>  &#125;<BR>&#125;</PRE></DIV>]]></content></guidanceItem>