﻿<?xml version="1.0" encoding="utf-8"?><guidanceItem id="1c004a75-6a4e-4379-a561-43f853d19c3b" type="checklist" title="Finalize Is Implemented Only If You Hold Unmanaged Resources Across Client Calls" cssFile="guidance.css" Date="2007-12-14T23:10:47.993Z" Author="J.D. Meier, Srinath Vasireddy, Ashish Babbar, Rico Mariani, and Alex Mackman" Category="Finalize and Dispose" filePath="..\Libraries\patterns &amp; practices Library\Checklist Item\1c004a75-6a4e-4379-a561-43f853d19c3b.xml" Priority="2" Rule_Type="Implementation" Source="patterns &amp; practices Library" Status="Beta" Technology=".NET 1.1" Topic="Performance" Type="Checklist Item" xmlns="urn:microsoft:guidanceexplorer:guidanceItem"><content><![CDATA[<H1>Applies to</H1><P>&nbsp;.NET 1.1</P><H1>What to Check For</H1>Check that&nbsp;Finalizer is implemented only on objects that hold unmanaged resources across client calls.&nbsp; <H1>Why</H1>Classes with finalizers require a minimum of two garbage collection cycles to be reclaimed. This prolongs the use of memory and can contribute to memory pressure. When the garbage collector encounters an unused object that requires finalization, it moves it to the "ready-to-be-finalized" list. Cleanup of the object's memory is deferred until after the single specialized finalizer thread can execute the registered finalizer method on the object. After the finalizer runs, the object is removed from the queue and literally dies a second death. At that point, it is collected along with any other objects. If your class does not require finalization, do not implement a <B>Finalize</B> method. <H1>How to Check</H1><P>Here are the steps for checking that <STRONG>Finalize</STRONG> is implemented&nbsp;only in the classes which holds unmanaged resources across client calls.</P><OL><LI>Review you application code and identify all the classes which implement <STRONG>Finalize </STRONG>by using destructor syntax as follows.<PRE>// Implement a finalizer by using destructor style syntax~MyClass()<BR> &#123;<BR>  // Call the overridden Dispose method that contains common cleanup code<BR>  // Pass false to indicate the it is not called from Dispose  Dispose(false);<BR>&#125;</PRE><LI>Check that the class&nbsp;that implements Finalize Holds unmanged resources across the client calls. For example, if your object has only one method named <B>GetData</B> that opens a connection, fetches data from an unmanaged resource, closes the connection, and returns data, there is no need to implement a finalizer. However, if your object also exposes an <B>Open</B> method in which a connection to an unmanaged resource is made, and then data is fetched using a separate <B>GetData</B> method, it is possible for the connection to be maintained to the unmanaged resource across calls. In this case, you should provide a <B>Finalize</B> method to clean up the connection to the unmanaged resource, and in addition use the Dispose<B> </B>pattern to give the client the ability to explicitly release the resource after it is finished&nbsp;&nbsp; </LI></OL><H1>Additional Resources</H1><UL><LI>For more information about the <B>Dispose</B> method, see Microsoft Knowledge Base article 315528, "INFO: Implementing Dispose Method in a Derived Class," at <A href="http://support.microsoft.com/default.aspx?scid=kb;en-us;315528">http://support.microsoft.com/default.aspx?scid=kb;en-us;315528</A>. <LI>For more information see "Chapter 5 &#8212; Improving Managed Code Performance" at <A href="http://msdn.microsoft.com/library/default.asp?url=/library/en-us/dnpag/html/scalenetchapt05.asp">http://msdn.microsoft.com/library/default.asp?url=/library/en-us/dnpag/html/scalenetchapt05.asp</A> <LI>For more information see "Checklist: Managed Code Performance" at <A href="http://msdn.microsoft.com/library/default.asp?url=/library/en-us/dnpag/html/ScaleNetCheck06.asp">http://msdn.microsoft.com/library/default.asp?url=/library/en-us/dnpag/html/ScaleNetCheck06.asp</A></LI></UL>]]></content></guidanceItem>