﻿<?xml version="1.0" encoding="utf-8"?><guidanceItem id="1c26f341-48db-44ae-bed3-9591f25af36f" type="checklist" title="Reduce boundary crossings." cssFile="guidance.css" Date="2007-12-15T00:42:52.5Z" Author="J.D. Meier, Srinath Vasireddy, Ashish Babbar, Rico Mariani, and Alex Mackman" Category="Design Considerations" filePath="..\Libraries\patterns &amp; practices Library\Checklist Item\1c26f341-48db-44ae-bed3-9591f25af36f.xml" Priority="2" Rule_Type="Implementation" Source="patterns &amp; practices Library" Status="Beta" Technology=".NET 1.1" Topic="Performance" Type="Checklist Item" xmlns="urn:microsoft:guidanceexplorer:guidanceItem"><content><![CDATA[<H1>Applies to</H1><UL><LI><DIV>.NET 1.1</DIV></LI></UL><H1>What to Check For</H1><P>Check to ensure that your application&nbsp;design reduces boundary crossings.</P><H1>How to Check</H1><P>Aim to reduce the number of method calls that cross remoting boundaries because this introduces marshaling and potentially thread switching overhead. With managed code, there are several boundaries to consider: </P><UL><LI><B>Cross application domain</B>. This is the most efficient boundary to cross because it is within the context of a single process. Because the cost of the actual call is so low, the overhead is almost completely determined by the number, type, and size of parameters passed on the method call. <LI><B>Cross process</B>. Crossing a process boundary significantly impacts performance. You should do so only when absolutely necessary. For example, you might determine that an Enterprise Services server application is required for security and fault tolerance reasons. Be aware of the relative performance tradeoff. <LI><B>Cross machine</B>. Crossing a machine boundary is the most expensive boundary to cross, due to network latency and marshaling overhead. While marshaling overhead impacts all boundary crossings, its impact can be greater when crossing machine boundaries. For example, the introduction of an HTTP proxy might force you to use SOAP envelopes, which introduces additional overhead. Before introducing a remote server into your design, you need to consider the relative tradeoffs including performance, security, and administration. <LI><B>Unmanaged code</B>. You also need to consider calls to unmanaged code, which introduces marshaling and potentially thread switching overhead. The Platform Invoke (P/Invoke) and COM interop layers of the CLR are very efficient, but performance can vary considerably depending on the type and size of data that needs to be marshaled between the managed and unmanaged code. For more information, see Chapter 7, "<A href="http://msdn2.microsoft.com/en-us/library/ms998551.aspx">Improving Interop Performance</A>." </LI></UL><H1>Additional Resources</H1><UL><LI>For more information about performance testing, see Chapter 5, "<A href="http://msdn2.microsoft.com/en-us/library/ms998547.aspx">Improving Managed Code Performance</A>".</LI></UL>]]></content></guidanceItem>