﻿<?xml version="1.0" encoding="utf-8"?><guidanceItem id="1ccb89e4-2aef-4938-8de1-1b3e98f0779e" type="checklist" title="Secrets are not stored in code." cssFile="guidance.css" Date="2007-12-14T21:28:11.04Z" Author="J.D. Meier, Alex Mackman, Blaine Wastell, Prashant Bansode, Chaitanya Bijwe" Category="Obfuscation" filePath="..\Libraries\patterns &amp; practices Library\Checklist Item\1ccb89e4-2aef-4938-8de1-1b3e98f0779e.xml" Priority="2" Rule_Type="Implementation" Source="patterns &amp; practices Library" Status="Beta" Technology=".NET 2.0" Topic="Security" Type="Checklist Item" xmlns="urn:microsoft:guidanceexplorer:guidanceItem"><content><![CDATA[<H1>Applies to</H1><UL><LI><DIV>.NET 2.0</DIV><DIV></DIV></LI></UL><H1>What to Check For</H1><P>Check to ensure that sensitive information, such as connection strings, user credentials, and encryption keys are not hard coded in your application.</P><P></P><H1>How to Fix</H1><P>Do not hard code sensitive information, such as connection strings, user credentials, and encryption keys. An attacker who has access to your assembly can access the sensitive information by examining the MSIL, by using a disassembler, or by using reflection.</P><P>If you must store secrets in code, use a strong obfuscator to make sure that the class or member of the class that stores the hard coded secret is obfuscated.</P>]]></content></guidanceItem>