﻿<?xml version="1.0" encoding="utf-8"?><guidanceItem id="1d14c13c-a8c6-4ae7-9ef2-5718f5b683f8" type="checklist" title="Pass data across the layers by using the most appropriate data format. " cssFile="guidance.css" Date="2007-12-15T00:37:44.777Z" Author="J.D. Meier, Srinath Vasireddy, Ashish Babbar, Rico Mariani, and Alex Mackman" Category="Data Access" filePath="..\Libraries\patterns &amp; practices Library\Checklist Item\1d14c13c-a8c6-4ae7-9ef2-5718f5b683f8.xml" Priority="2" Rule_Type="Implementation" Source="patterns &amp; practices Library" Status="Beta" Technology=".NET 1.1" Topic="Performance" Type="Checklist Item" xmlns="urn:microsoft:guidanceexplorer:guidanceItem"><content><![CDATA[<H1>Applies to</H1><UL><LI><DIV>.NET 1.1</DIV></LI></UL><H1>What to Check For</H1><P>Check to ensure that your application passes data across the layers by using the most appropriate data format. Carefully consider the performance implications.</P><H1>How to Check</H1><P>Review your approach for passing data between the layers of your application. In addition to raw performance, the main considerations are usability, maintainability, and programmability. Consider the following: </P><UL><LI><B>Have you considered client requirements?</B> <P>Focus on the client requirements and avoid transmitting data in one form and forcing the client to convert it to another. If the client requires the data just for display purposes, simple collections, such as arrays or an <B>Arraylist</B> object, are suitable because they support data binding. </P><LI><B>Do you transform the data?</B> <P>If you need to transform data, avoid multiple transformations as the data flows through your application. </P><LI><B>Can you logically group data?</B> <P>For logical groupings, such as the attributes that describe an employee, consider using a custom <B>class</B> or <B>struct</B> type, which are efficient to serialize. Use the <B>NonSerializable</B> attribute on any field you do not need to serialize. </P><LI><B>Is cross-platform interoperability a design goal?</B> <P>If so, you should use XML, although you need to consider performance issues including memory requirements and the significant parsing effort required to process large XML strings. </P><LI><B>Do you use DataSet objects?</B> <P>If your client needs to be able to view the data in multiple ways, update data on the server using optimistic concurrency, and handle complex relationships between various sets of data, a <B>DataSet</B> is well suited to these requirements. <B>DataSets</B> are expensive to create and serialize, and they have large memory footprints. If you do need a disconnected cache and the rich functionality supported by the <B>DataSet</B> object, have you considered a strongly typed <B>DataSet</B>, which offers marginally quicker field access? </P></LI></UL><H1>Additional Resources</H1><UL><LI><DIV><DIV>For more information about a best practices data access code, see "Data Access Application Block for .NET" on MSDN at <A href="http://msdn.microsoft.com/library/en-us/dnbda/html/daab-rm.asp">http://msdn.microsoft.com/library/en-us/dnbda/html/daab-rm.asp</A>. </DIV></DIV><LI>For more information about best practice data access, see the <I>.NET Data Access Architecture Guide</I> on MSDN at <A href="http://msdn.microsoft.com/library/en-us/dnbda/html/daag.asp">http://msdn.microsoft.com/library/en-us/dnbda/html/daag.asp</A>. <DIV></DIV><DIV></DIV></LI></UL>]]></content></guidanceItem>