﻿<?xml version="1.0" encoding="utf-8"?><guidanceItem id="1d283039-506f-4b0c-b82d-41806552d43b" type="checklist" title="Optimize or avoid expensive operations within loops." cssFile="guidance.css" Date="2007-12-15T01:08:24.59Z" Author="J.D. Meier, Srinath Vasireddy, Ashish Babbar, Rico Mariani, and Alex Mackman" Category="Code Analysis" filePath="..\Libraries\patterns &amp; practices Library\Checklist Item\1d283039-506f-4b0c-b82d-41806552d43b.xml" Priority="2" Rule_Type="Implementation" Source="patterns &amp; practices Library" Status="Beta" Technology=".NET 1.1" Topic="Performance" Type="Checklist Item" xmlns="urn:microsoft:guidanceexplorer:guidanceItem"><content><![CDATA[<H1>Applies to</H1><UL><LI><DIV>.NET 1.1</DIV></LI></UL><H1>What to Check For</H1><P>Check to ensure that your application&nbsp;optimizes or avoids expensive operations within loops.</P><H1>How to Check</H1><P>Identify operations in your loop code that can be optimized. Look for code that causes boxing or allocations as a side effect. The following code causes side effect strings to be created for each pass through the loop.</P><DIV><PRE>String str;<BR>Array arrOfStrings = GetStrings();<BR>for(int i=0; i&lt;10; i&#43;&#43;)&#123;<BR>  str&#43;= arrOfStrings&#91;i&#93;;<BR>&#125;</PRE></DIV><P>The following code avoids extra string allocations on the heap by using <B>StringBuilder</B>.</P><DIV><PRE>StringBuilder sb = new StringBuilder();<BR>Array arrOfStrings = GetStrings();<BR>for(int i=0; i&lt;10; i&#43;&#43;)&#123;<BR>  sb.Append(arrOfStrings.GetValue(i));<BR>&#125;</PRE></DIV><P>The following guidelines can help you avoid expensive operations in loops: </P><UL><LI>Be aware of the method calls you make inside loops. Watch out for inadvertent method calls and consider using inline code where appropriate. <LI>Consider <B>StringBuilder</B> for string concatenation inside a loop. For more information, see "String Operations" later in this chapter. <LI>When testing for multiple conditions to exit out or continue looping, order your tests so that the one most likely to let you escape the loop, is run first. </LI></UL><H1>Additional Resources</H1><UL><LI>For more information about performance testing, see Chapter 5, "<A href="http://msdn2.microsoft.com/en-us/library/ms998547.aspx">Improving Managed Code Performance</A>".</LI></UL>]]></content></guidanceItem>