﻿<?xml version="1.0" encoding="utf-8"?><guidanceItem id="1d357034-660a-4b0f-8c1f-546f5e765baf" type="checklist" title="Intrusion detection is enabled at the firewall." cssFile="guidance.css" Date="2007-12-18T19:40:08.233Z" Author="J.D. Meier, Alex Mackman, Michael Dunner, Srinath Vasireddy, Ray Escamilla and Anandha Murukan" Category="Firewall Considerations" filePath="..\Libraries\patterns &amp; practices Library\Checklist Item\1d357034-660a-4b0f-8c1f-546f5e765baf.xml" Priority="2" Rule_Type="Deployment" Source="patterns &amp; practices Library" Status="Beta" Technology="Web Application" Topic="Security" Type="Checklist Item" xmlns="urn:microsoft:guidanceexplorer:guidanceItem"><content><![CDATA[<H1>Applies to</H1><UL><LI><DIV>Web Application</DIV></LI></UL><H1>What to Check For</H1><P>Check to ensure that Intrusion detection is enabled at the firewall.</P>]]></content></guidanceItem>