﻿<?xml version="1.0" encoding="utf-8"?><guidanceItem id="1d3b35f3-e5a8-4fc4-9218-cfc39ec2d103" type="checklist" title="Keys are stored in machine-level key store" cssFile="guidance.css" Date="2007-12-13T23:59:56.423Z" Author="J.D. Meier, Alex Mackman, Blaine Wastell, Prashant Bansode, Andy Wigley, Kishore Gopalan" Category="Deployment Considerations" filePath="..\Libraries\patterns &amp; practices Library\Checklist Item\1d3b35f3-e5a8-4fc4-9218-cfc39ec2d103.xml" Priority="2" Rule_Type="Deployment" Source="patterns &amp; practices Library" Status="Beta" Technology="ASP.NET 2.0" Topic="Security" Type="Checklist Item" xmlns="urn:microsoft:guidanceexplorer:guidanceItem"><content><![CDATA[<H1>Applies to</H1><UL><LI><DIV>ASP.NET 2.0</DIV></LI></UL><H1>What to Check For</H1><P>Check to ensure that keys are stored in machine-level key store for application on dedicated server or multiple applications that run under the same identity.</P><P></P><H1>How to Fix</H1><P>The DPAPI and RSA protected configuration providers used to encrypt sensitive data in configuration files can use either machine stores or user stores for key storage. You can either store the key in the machine store and create an ACL for your specific application identity or store the key in a user store. In the latter case, you need to load the user account's profile to access the key.</P><P>Use machine-level key storage when: </P><UL><LI>Your application runs on its own dedicated server with no other applications. <LI>You have multiple applications on the same server that run using the same identity and you want those applications to be able to share sensitive information and the same encryption key. </LI></UL><P>Use user-level key storage if you run your application in a shared hosting environment and you want to ensure that your application's sensitive data is not accessible to other applications on the server. In this scenario, each application should have a separate identity so they all have their own individual and private key stores.</P>]]></content></guidanceItem>