﻿<?xml version="1.0" encoding="utf-8"?><guidanceItem id="1d457f38-6d16-42fb-bbb4-5ddd11f0f1fc" type="checklist" title="Use application state to share static, read-only data." cssFile="guidance.css" Date="2007-12-14T00:21:53.447Z" Author="J.D. Meier, Alex Mackman, Blaine Wastell, Prashant Bansode, Andy Wigley, Kishore Gopalan" Category="Application State" filePath="..\Libraries\patterns &amp; practices Library\Checklist Item\1d457f38-6d16-42fb-bbb4-5ddd11f0f1fc.xml" Priority="2" Rule_Type="Implementation" Source="patterns &amp; practices Library" Status="Beta" Technology="ASP.NET 2.0" Topic="Performance" Type="Checklist Item" xmlns="urn:microsoft:guidanceexplorer:guidanceItem"><content><![CDATA[<H1>Applies to</H1><UL><LI><DIV>ASP.NET 2.0</DIV></LI></UL><H1>What to Check For</H1><P>Check to ensure that your application uses application state only to share static, read-only data.</P><H1>How to Check</H1><P>Application state is application-wide and specific to a server. Even though you can store read-write data, it advisable to only store read-only data to avoid server affinity. Consider using the <B>Cache</B> object. The <B>Cache</B> object is a better alternative for read-only data.</P><H1>Additional Resources</H1><UL><LI><DIV>For more information about application state, see Knowledge Base article, 312607, "INFO: Application Instances, Application Events, and Application State in ASP.NET," at <A href="http://support.microsoft.com/default.aspx?scid=kb;en-us;312607">http://support.microsoft.com/default.aspx?scid=kb;en-us;312607</A>.</DIV></LI></UL>]]></content></guidanceItem>