﻿<?xml version="1.0" encoding="utf-8"?><guidanceItem id="1d489f46-9be5-4ba1-a28d-b080b3c95fb6" type="checklist" title="Maximize available memory." cssFile="guidance.css" Date="2007-12-18T19:02:34.823Z" Author="J.D. Meier, Srinath Vasireddy, Ashish Babbar, Sharon Bjeletich and Alex Mackman" Category="Deployment Considerations" filePath="..\Libraries\patterns &amp; practices Library\Checklist Item\1d489f46-9be5-4ba1-a28d-b080b3c95fb6.xml" Priority="2" Rule_Type="Implementation" Source="patterns &amp; practices Library" Status="Beta" Technology="SQL Server 2000" Topic="Performance" Type="Checklist Item" xmlns="urn:microsoft:guidanceexplorer:guidanceItem"><content><![CDATA[<H1>Applies to</H1><UL><LI><DIV>SQL Server 2000</DIV></LI></UL><H1>What to Check For</H1><P>Check to ensure that your database server memory is maximized for better&nbsp;performance.</P><H1>How to Check</H1><P>Increasing memory is one of the best ways to improve SQL Server performance because more data can be cached in memory. Enable Address Windowing Extensions (AWE) for higher RAM utilization by SQL Server. Enable the /3GB switch in the Boot.ini file to allow a process to make use of 3 GB of virtual memory. By default, the system uses 2 GB. The operating system limits memory use by a process to 2 GB.</P><P>Use performance counters to decide the amount of memory that you need. Some performance counters that you can use to measure your need for memory are listed below: </P><UL><LI>The <B>SQLServer:Buffer Manager</B>:<B>Buffer cache hit ratio</B> counter indicates that data is retrieved from memory cache. The number should be around 90. A lower value indicates that SQL Server requires more memory. <LI>The <B>Memory:Available Bytes</B> counter shows the amount of RAM that is available. Low memory availability is a problem if the counter shows that 10 megabytes (MB) of memory or less is available. <LI>The <B>SQLServer:Buffer Manager</B>: <B>Free pages</B> counter should not have a sustained value of 4 or less for more than two seconds. When there are no free pages in the buffer pool, the memory requirements of your SQL Server may have become so intense that the lazy writer or the check pointing process is unable to keep up. Typical signs of buffer pool pressure are a higher than normal number of lazy writes per second or a higher number of checkpoint pages per second as SQL Server attempts to empty the procedure and the data cache to get enough free memory to service the incoming query plan executions. This is an effective detection mechanism that indicates that your procedure or data cache is starved for memory. Either increase the RAM that is allocated to SQL Server, or locate the large number of hashes or sorts that may be occurring. </LI></UL><P>The memory configuration option is the one server configuration setting that you should evaluate and possibly change if there are processes running on the server other than SQL Server. If so, change the memory option to <B>Fixed</B>, and leave enough memory for the operating system and for the other processes that might be running.</P><H1>Additional Resources</H1><UL><LI>For more information about SQL Server memory requirements, see "Inside SQL Server 2000's Memory Management Facilities" at <A href="http://msdn2.microsoft.com/en-us/library/aa175282(SQL.80).aspx">http://msdn2.microsoft.com/en-us/library/aa175282(SQL.80).aspx</A>. <LI>Also, see Knowledge Base article 274750, "HOW TO: Configure memory for more than 2 GB in SQL Server," at <A href="http://support.microsoft.com/default.aspx?scid=kb;en-us;274750">http://support.microsoft.com/default.aspx?scid=kb;en-us;274750</A>.</LI></UL>]]></content></guidanceItem>