﻿<?xml version="1.0" encoding="utf-8"?><guidanceItem id="1d650426-b2b3-4c2e-93e5-c215ccdb7e7e" type="checklist" title="Use a single identity for outbound calls." cssFile="guidance.css" Date="2007-12-18T20:33:00.957Z" Author="J.D. Meier, Srinath Vasireddy, Ashish Babbar, and Alex Mackman" Category="Connections" filePath="..\Libraries\patterns &amp; practices Library\Checklist Item\1d650426-b2b3-4c2e-93e5-c215ccdb7e7e.xml" Priority="2" Rule_Type="Implementation" Source="patterns &amp; practices Library" Status="Beta" Technology="Web Services (.NET 1.1)" Topic="Performance" Type="Checklist Item" xmlns="urn:microsoft:guidanceexplorer:guidanceItem"><content><![CDATA[<H1>Applies to</H1><UL><LI><DIV>Web Services (.NET 1.1)</DIV></LI></UL><H1>What to Check For</H1><P>Check to ensure that your application uses a single identity for outbound calls.</P><H1>How to Fix</H1><P>Use a single trusted identity for making Web services calls where you can. This helps limit the number of separate connection pools. Although you may need to create separate pools of connections for different discrete Web services, avoid creating pools per user. If you need to create pools per user, then specify a <B>ConnectionGroupName</B> when you call the Web service, but be aware that this hurts performance and leads to a large number of pools.</P><P>The connection pool your call uses is not determined by the identity of the caller. The <B>ConnectionGroupName</B> determines which connection pool is used. If separate identities use the same <B>ConnectionGroupName</B>, they use the same pool of connections, as shown in the following code snippet.</P><DIV><PRE>// Create a secure group name.&#8230;.<BR>serv = new WebService1();<BR>// Set the PreAuthenticate property to send the authenticate request in first goserv.<BR>PreAuthenticate=true;<BR>// Set the client side credentialsICredentials conCredentials =<BR>                  new NetworkCredential("UserId","Password","NPSTest" );<BR>serv.Credentials = conCredentials;<BR>// Do not allow the server to auto redirect as this may compromise securityserv.<BR>AllowAutoRedirect=false;<BR>// Use the same connectionGroup Name for all the callsserv.<BR>ConnectionGroupName = "SameForAllUsers";</PRE></DIV><P>You may need to create separate pools of connections for different discrete Web services or if you flow the identity of the original caller.</P><P>If ASP.NET calls Web services that allow anonymous callers, connections from the default connection pool are used. This is the default behavior unless you specify a <B>ConnectionGroupName</B>, as shown in above example.</P>]]></content></guidanceItem>