﻿<?xml version="1.0" encoding="utf-8"?><guidanceItem id="1da738da-312c-4cc5-bcf0-e4ba98ad93d8" type="checklist" title="Use XmlTextWriter." cssFile="guidance.css" Date="2007-12-18T21:17:42.823Z" Author="J.D. Meier, Srinath Vasireddy, Ashish Babbar, and Alex Mackman " Category="Input and Data Validation" filePath="..\Libraries\patterns &amp; practices Library\Checklist Item\1da738da-312c-4cc5-bcf0-e4ba98ad93d8.xml" Priority="2" Rule_Type="Implementation" Source="patterns &amp; practices Library" Status="Beta" Technology="XML (.NET 1.1)" Topic="Performance" Type="Checklist Item" xmlns="urn:microsoft:guidanceexplorer:guidanceItem"><content><![CDATA[<H1>Applies to</H1><UL><LI><DIV>XML (.NET 1.1)</DIV></LI></UL><H1>What to Check For</H1><P>Check to ensure that your application uses XmlTextWriter when writing XML.</P><H1>How to Check</H1><P>Using <B>XmlTextWriter</B> is the preferred way to write XML. The <B>XmlTextWriter </B>class creates XML in a forward-only cursor style. It also takes care of XML encoding, handling of special characters, adding quotes to attribute values, namespace declarations, and insertion of end tags. By performing these tasks, <B>XmlTextWriter</B> helps ensure the output is well-formed. The following code fragment shows how to use <B>XmlTextWriter</B> to create XML.</P><DIV><PRE>static void WriteQuote(XmlWriter writer, string symbol,<BR>                 double price, double change, long volume)<BR>&#123;<BR>   writer.WriteStartElement("Stock");<BR>   writer.WriteAttributeString("Symbol", symbol);<BR>   writer.WriteElementString("Price", XmlConvert.ToString(price));<BR>   writer.WriteElementString("Change", XmlConvert.ToString(change));<BR>   writer.WriteElementString("Volume", XmlConvert.ToString(volume));<BR>   writer.WriteEndElement();<BR>&#125;<BR>public static void Main()&#123;<BR>    XmlTextWriter writer = new XmlTextWriter(Console.Out);<BR>    writer.Formatting = Formatting.Indented;<BR>    WriteQuote(writer, "MSFT", 74.125, 5.89, 69020000);<BR>    writer.Close();<BR>&#125;</PRE></DIV><P>The previous code produces the following output.</P><DIV><PRE>&lt;Stock Symbol="MSFT"&gt;<BR>  &lt;Price&gt;74.125&lt;/Price&gt;<BR>  &lt;Change&gt;5.89&lt;/Change&gt;<BR>  &lt;Volume&gt;69020000&lt;/Volume&gt;<BR>&lt;/Stock&gt;</PRE></DIV>]]></content></guidanceItem>