﻿<?xml version="1.0" encoding="utf-8"?><guidanceItem id="1de4ca3e-ddbe-4ac3-b237-8fa625a58fba" type="checklist" title="Use ASPCOMPAT when you call single-threaded apartment (STA) objects from ASP.NET." cssFile="guidance.css" Date="2007-12-18T07:13:28.943Z" Author="J.D. Meier, Srinath Vasireddy, Ashish Babbar, and Alex Mackman" Category="Threading" filePath="..\Libraries\patterns &amp; practices Library\Checklist Item\1de4ca3e-ddbe-4ac3-b237-8fa625a58fba.xml" Priority="2" Rule_Type="Implementation" Source="patterns &amp; practices Library" Status="Beta" Technology="Interop (.NET 1.1)" Topic="Performance" Type="Checklist Item" xmlns="urn:microsoft:guidanceexplorer:guidanceItem"><content><![CDATA[<H1>Applies to</H1><UL><LI><DIV>XML (.NET 1.1)</DIV></LI></UL><H1>What to Check For</H1><P>Check to ensure that your application uses ASPCOMPAT when calling single-threaded apartment (STA) objects from ASP.NET.</P><H1>How to Check</H1><P>All .NET threads are MTA threads by default. Therefore, cross-apartment calls and thread switches do not occur when you create and call COM objects with an apartment type of Free, Both, or Neutral. However, cross-apartment calls and thread switches occur when you create and call apartment-threaded COM objects. All objects created with Visual Basic 6 and earlier are apartment-threaded. To call an apartment-threaded COM object from an ASP.NET application without a cross-apartment call and a thread switch, mark your ASP.NET pages with the <B>ASPCOMPAT</B> attribute as follows so that the ASP.NET runtime will process your pages using STA threads.</P><DIV><PRE>&lt;&#37;&#64;Page language="vb" aspcompat="true" &#37;&gt;</PRE></DIV><P>Note that you should not instantiate components in the page constructor, because they are executed on an MTA thread before the request is scheduled to use a thread from the STA thread pool. Therefore, instantiating components in the page constructor still incurs an apartment switch along with a thread switch. Instead, you should instantiate them in event handlers such as <B>Page_Load</B> or <B>Page_Init</B>. The components will then be executed on a thread from the STA thread pool.</P><H2>Calling Apartment-Model Objects from Web Services</H2><P>Web services created using ASP.NET use MTA threads exclusively, and you cannot change that behavior. That means that using apartment-threaded COM objects, such as Visual Basic 6 components, from an ASP.NET Web service always involves cross-apartment calls and thread-switching. Therefore, if possible, you should avoid using apartment-threaded COM objects from Web services created using ASP.NET. The runtime has been optimized in case you must make cross-apartment calls, but they incur significantly more processing overhead than intra-apartment calls.</P><H1>Additional Resources</H1><UL><LI>For more information, see Knowledge Base article 308095, "PRB: Creating STA Components in the Constructor in ASP.NET ASPCOMPAT Mode Negatively Affects Performance," at <A href="http://support.microsoft.com/default.aspx?scid=kb;en-us;308095">http://support.microsoft.com/default.aspx?scid=kb;en-us;308095</A>.</LI></UL>]]></content></guidanceItem>