﻿<?xml version="1.0" encoding="utf-8"?><guidanceItem id="1e25b6fc-1c9c-4fc3-9fa5-6f4b1a95d9d5" type="checklist" title="Calling users are restricted using declarative or imperative principal permission checks (normally performed by business logic)." cssFile="guidance.css" Date="2007-12-17T07:42:39.497Z" Author="J.D. Meier, Srinath Vasireddy, Ashish Babbar, and Alex Mackman" Category="Authorization" filePath="..\Libraries\patterns &amp; practices Library\Checklist Item\1e25b6fc-1c9c-4fc3-9fa5-6f4b1a95d9d5.xml" Priority="2" Rule_Type="Implementation" Source="patterns &amp; practices Library" Status="Beta" Technology="ADO.NET 1.1" Topic="Security" Type="Checklist Item" xmlns="urn:microsoft:guidanceexplorer:guidanceItem"><content><![CDATA[<H1>Applies to</H1><UL><LI><DIV>ADO.NET 1.1</DIV></LI></UL><H1>What to Check For</H1><P>Check to ensure that your code authorizes users based on a role or identity before it connects to the database.</P><H1>How to Check</H1><P>Role checks are usually used in the business logic of your application, but if you do not have a clear distinction between business and data access logic, use principal permission demands on the methods that access the database.</P><P></P><H1>How to Fix</H1><P>The following attribute ensures that only users who are members of the <B>Manager</B> role can call the <B>DisplayCustomerInfo</B> method:</P><DIV><PRE>&#91;PrincipalPermissionAttribute(SecurityAction.Demand, Role="Manager")&#93;<BR>public void DisplayCustomerInfo(int CustId)&#123;&#125;</PRE></DIV><P>If you need additional authorization granularity and need to perform role-based logic inside the data access method, use imperative principal permission demands or explicit role checks as shown in the following code fragment:</P><DIV><PRE>using System.Security;<BR>using System.Security.Permissions;<BR>public void DisplayCustomerInfo(int CustId)&#123;<BR>  try  &#123;<BR>    // Imperative principal permission role check to verify that the caller<BR>    // is a manager    PrincipalPermission principalPerm = new PrincipalPermission(<BR>                                                   null, "Manager");<BR>    // Code that follows is only executed if the caller is a member<BR>    // of the "Manager" role<BR>  &#125;<BR>  catch( SecurityException ex )  &#123;<BR>   . . .<BR>  &#125;<BR>&#125;</PRE></DIV><P>The following code fragment uses an explicit, programmatic role check to ensure that the caller is a member of the <B>Manager</B> role:</P><DIV><PRE>public void DisplayCustomerInfo(int CustId)&#123;<BR>  if(&#33;Thread.CurrentPrincipal.IsInRole("Manager"))<BR>  &#123;    . . .  &#125;<BR>&#125;</PRE></DIV><BLOCKQUOTE><B>Note</B>&nbsp;&nbsp;&nbsp;Additionally, if you are using ASP.NET 2.0 and you have enabled the Role Manager feature, you can use the Roles API to perform role checks. For more information on using the Role Manager feature in ASP.NET 2.0, see "<A href="http://msdn.microsoft.com/library/default.asp?url=/library/en-us/dnpag2/html/paght000013.asp">How To: Use Role Manager in ASP.NET 2.0</A>."</BLOCKQUOTE>]]></content></guidanceItem>