﻿<?xml version="1.0" encoding="utf-8"?><guidanceItem id="1e25e463-92af-424f-8ece-76f9b8a620e8" type="checklist" title="Suppress finalization in your Dispose method." cssFile="guidance.css" Date="2007-12-15T00:49:50.24Z" Author="J.D. Meier, Srinath Vasireddy, Ashish Babbar, Rico Mariani, and Alex Mackman" Category="Finalize and Dispose" filePath="..\Libraries\patterns &amp; practices Library\Checklist Item\1e25e463-92af-424f-8ece-76f9b8a620e8.xml" Priority="2" Rule_Type="Implementation" Source="patterns &amp; practices Library" Status="Beta" Technology=".NET 1.1" Topic="Performance" Type="Checklist Item" xmlns="urn:microsoft:guidanceexplorer:guidanceItem"><content><![CDATA[<H1>Applies to</H1><UL><LI><DIV>.NET 1.1</DIV></LI></UL><H1>What to Check For</H1><P>Check to ensure that your application&nbsp;suppresses finalization in its Dispose method.</P><H1>How to Check</H1><P>The purpose of providing a <B>Dispose</B> method is to allow the calling code to release unmanaged resources as soon as possible and to prevent two cycles being taken for the object's cleanup. If the calling code calls <B>Dispose</B>, you do not want the garbage collector to call a finalizer because the unmanaged resources will have already been returned to the operating system. You must prevent the garbage collector from calling the finalizer by using <B>GC.SuppressFinalization</B> in your <B>Dispose</B> method.</P><DIV><PRE>public void Dispose()&#123;<BR>  // Using the dispose pattern  Dispose(true);<BR>   // ... release unmanaged resources here<BR>  GC.SuppressFinalize(this);<BR>&#125;&nbsp;</PRE></DIV><H1>Additional Resources</H1><UL><LI>For more information about performance testing, see Chapter 5, "<A href="http://msdn2.microsoft.com/en-us/library/ms998547.aspx">Improving Managed Code Performance</A>".</LI></UL>]]></content></guidanceItem>