﻿<?xml version="1.0" encoding="utf-8"?><guidanceItem id="1e6d350c-db1d-4234-8889-10debde68958" type="checklist" title="Use client-activated objects (CAO) only where you need to control the lifetime." cssFile="guidance.css" Date="2007-12-18T20:43:20.747Z" Author="J.D. Meier, Srinath Vasireddy, Ashish Babbar, and Alex Mackman" Category="Design Considerations" filePath="..\Libraries\patterns &amp; practices Library\Checklist Item\1e6d350c-db1d-4234-8889-10debde68958.xml" Priority="2" Rule_Type="Implementation" Source="patterns &amp; practices Library" Status="Beta" Technology="Remoting (.NET 1.1)" Topic="Performance" Type="Checklist Item" xmlns="urn:microsoft:guidanceexplorer:guidanceItem"><content><![CDATA[<H1>Applies to</H1><UL><LI><DIV>Remoting (.NET 1.1)</DIV></LI></UL><H1>What to Check For</H1><P>Check to ensure that your application uses client-activated objects (CAO) only where it needs to control the lifetime.</P><H1>How to Check</H1><P>The lifetime of the CAOs can be controlled by the calling application domain, just as if they are local to the client. Each time a client creates an instance of a client-activated type, that instance services only that particular reference in that particular client until its lease expires and its memory is recycled. If a calling application domain creates two new instances of the remote type, each of the client references invokes only the particular instance in the server application domain from which the reference was returned. For more information, see "<A href="http://msdn2.microsoft.com/en-us/library/ms998565.aspx#scalenetchapt11_topic10">Lifetime Considerations</A>."</P>]]></content></guidanceItem>