﻿<?xml version="1.0" encoding="utf-8"?><guidanceItem id="1ea86b6d-abd7-45a8-96cf-34d7c9cb9e84" type="checklist" title="All User Input is Validated for Type, Length, Format, and Range" cssFile="guidance.css" Date="2007-12-18T21:24:39.06Z" Author="J.D. Meier, Srinath Vasireddy, Ashish Babbar, John Allen and Alex Mackman" Category="Input and Data Validation" filePath="..\Libraries\patterns &amp; practices Library\Checklist Item\1ea86b6d-abd7-45a8-96cf-34d7c9cb9e84.xml" Priority="2" Rule_Type="Implementation" Source="patterns &amp; practices Library" Status="Beta" Technology="ASP.NET 1.1" Topic="Security" Type="Checklist Item" xmlns="urn:microsoft:guidanceexplorer:guidanceItem"><content><![CDATA[<H1>Applies to</H1><UL><LI><DIV>ASP.NET 1.1</DIV></LI></UL><H1>What to Check For</H1><P>Check for input that is not passed through a validation routine.&nbsp; Validation routines should check for length, range, format, and type. Validation should check first&nbsp;for known valid and safe data and then for malicious, dangerous data.&nbsp; <SPAN></P></SPAN><H1>Why</H1><P>An attacker passing malicious input can attempt SQL injection, cross-site scripting, and other injection attacks that aim to exploit your application's vulnerabilities.&nbsp;&nbsp; Input validation on it's own is not sufficient; output encoding is also needed to fully prevent these attacks.</P><H1>How to Check</H1><P>To check for this problem, use the following steps:&nbsp;</P><H2>1. Find all sources of input in your application</H2><P>During design time identify all of the potential sources of input to your application. Scour the source code to discover sources of input that may have been missed in the design.&nbsp; Compile a list that you can use in the following steps.</P><H2>2. Trace data from source to sink</H2><P>Trace each of source of input through your application until you find its ultimate destination.&nbsp; The final sink may be in memory, on the hard drive, sent over the network or stored in a database.&nbsp; </P><H2>3. Identify validation routines</H2><P>Each input source should have a data validation routine associated with it.&nbsp; Ideally the validation will occur as soon after the input reaches your application as possible.&nbsp; Shared validation routines are better than creating many spread throughout your code base, check for consolidation of routines to aid testing and reduce the chance of one-off bugs.&nbsp; If an input source does not have a validation routine associated with it, flag it for fixing.</P><H2>4. Ensure quality of validation routines</H2><P>Validation routines&nbsp;should check for length, range, format, and type. Validation should check first&nbsp;for known valid and safe data and then for malicious, dangerous data.&nbsp;Do not rely on filtering out all malicious data, it is too easy to miss something. Do not rely on client-side validation alone as it can be easily bypassed.</P><H1>How to Fix</H1><P>Start by constraining input and check for known good data by validating for type, length, format, and range. Sometimes you also need to sanitize input and make potentially malicious input safe. For example, if your application supports free-format input fields, such as comment fields, you might want to permit certain "safe" HTML elements, such as <B>&lt;b&gt;</B> and <B>&lt;i&gt;</B>, and strip out any other HTML elements. The following table summarizes the options that are available for constraining and sanitizing data:</P><P><B>Options for Constraining and Sanitizing Data</B></P><P><TABLE><TBODY><TR><TH>Requirement</TH><TH>Options</TH></TR><TR><TD>Type checks</TD><TD>.NET Framework type system. Parse string data, convert to a strong type, and then handle FormatExceptions. <P>Regular expressions. Use ASP.NET <B>RegularExpressionValidator</B> control or <B>Regex</B> class.</P></TD></TR><TR><TD>Length checks</TD><TD>Regular expressions <P><B>String.Length</B> property</P></TD></TR><TR><TD>Format checks</TD><TD>Regular expressions for pattern matching <P>.NET Framework type system</P></TD></TR><TR><TD>Range checks</TD><TD>ASP.NET <B>RangeValidator</B> control (supports currency, date, integer, double, and string data) <P>Typed data comparisons</P></TD></TR></TBODY></TABLE></P><P>For more information see, <A href="http://msdn.microsoft.com/library/en-us/dnnetsec/html/THCMCh10.asp?frame=true#c10618429_006">Building Secure ASP.NET Pages and Controls</A></P><H1>Problem Example</H1><P>An order form for a web store has several fields, specifically, a name, address, phone number, item number, and quantity.&nbsp; Each item is simply added to the database with no data validation and all typecasting handled by the database.&nbsp; Typecasting in the database does not prevent SQL injection and has little effect on out of range data.&nbsp; An attacker can perform numerous attacks, from something as benign as filling the database with garbage data to more actively destructive SQL injection and cross-site scripting attacks.</P><H1>Solution Example</H1><P>An ASP.NET application contains an order for for a web store.&nbsp; Each of the forms fields are validated, giving stronger guarantees about the data gathered.&nbsp; The phone number&nbsp;is validated as a string of ten digits (after stripping all non-numeric characters), or a variable number of digits beginning with the character '&#43;' if international numbers are allowed.&nbsp; </P><P>Validating a name, address, and item number can all be a bit more complicated.&nbsp; The first order of business is determining the legal character set for each case.&nbsp; For names, spaces, upper and lower case letters (including the accented forms for your current codepage), and possible numbrs and periods are enough.&nbsp; Addresses need to add commas, hyphens, and number signs, at a minimum.&nbsp; Validating item numbers may be as simple as casting to an integer and checking that the result is in the right range, or it may mean a more complicated regular expression that checks for internal formatting in a string. </P><P>The last, optional step of data validation is to ensure that the data refers to a valid things.&nbsp; The data should be validated for format first, especially as further checks may require database queries.&nbsp; Item numbers are an obvious thing to check for existence in the DB, and this would normally happen as part of the stored procedure which creates a new order, but names, addresses, and phone numbers can be similarly checked, some times.&nbsp; For example, if the address field is broken up into components, state or province information, zip/post codes, and city names, at a minimum, can all be validated against existing lists.</P><H1>Additional Resources</H1><LI><A href="http://msdn.microsoft.com/library/en-us/dnnetsec/html/THCMCh10.asp?frame=true#c10618429_006">Building Secure ASP.NET Pages and Controls</A> <LI><A href="http://msdn.microsoft.com/library/en-us/dnpag2/html/PAGHT000001.asp">How To: Use Regular Expressions to Constrain Input in ASP.NET</A>&nbsp; <LI><A href="http://msdn.microsoft.com/library/default.asp?url=/library/en-us/dnaspp/html/pdc_userinput.asp">User Input Validation in ASP.NET&nbsp;</A> <LI><A href="http://msdn2.microsoft.com/en-us/library/e5a8xz39.aspx">Validation Server Control Syntax </A><LI><A href="http://en.wikipedia.org/wiki/Code_injection">General Purpose Code Injection article </A><H1>Related Items</H1><UL><LI><DIV>Guideline: Validate All User Inputs for Type, Length, Format and Range</DIV></LI></UL></LI>]]></content></guidanceItem>