﻿<?xml version="1.0" encoding="utf-8"?><guidanceItem id="1eb9e802-64a9-46d1-b53a-9d353481055b" type="checklist" title="Do not store single-threaded apartment (STA) COM objects in application state." cssFile="guidance.css" Date="2007-12-14T00:13:50.413Z" Author="J.D. Meier, Alex Mackman, Blaine Wastell, Prashant Bansode, Andy Wigley, Kishore Gopalan" Category="Application State" filePath="..\Libraries\patterns &amp; practices Library\Checklist Item\1eb9e802-64a9-46d1-b53a-9d353481055b.xml" Priority="2" Rule_Type="Implementation" Source="patterns &amp; practices Library" Status="Beta" Technology="ASP.NET 2.0" Topic="Performance" Type="Checklist Item" xmlns="urn:microsoft:guidanceexplorer:guidanceItem"><content><![CDATA[<H1>Applies to</H1><UL><LI><DIV>ASP.NET 2.0</DIV></LI></UL><H1>What to Check For</H1><P>Check to ensure that your application does not stores single-threaded apartment (STA) COM objects in its application state.</P><H1>How to Check</H1><P>Storing STA COM objects in application state bottlenecks your application because the application uses a single thread of execution when it accesses the component. Avoid storing STA COM objects in application state.</P><H1>Additional Resources</H1><UL><LI><DIV>For more information about application state, see Knowledge Base article, 312607, "INFO: Application Instances, Application Events, and Application State in ASP.NET," at <A href="http://support.microsoft.com/default.aspx?scid=kb;en-us;312607">http://support.microsoft.com/default.aspx?scid=kb;en-us;312607</A>.</DIV></LI></UL>]]></content></guidanceItem>