﻿<?xml version="1.0" encoding="utf-8"?><guidanceItem id="1eebc17b-5391-448f-9c39-6ced2e0b3eca" type="checklist" title="Consider precompiling pages." cssFile="guidance.css" Date="2007-12-14T00:24:37.653Z" Author="J.D. Meier, Alex Mackman, Blaine Wastell, Prashant Bansode, Andy Wigley, Kishore Gopalan" Category="Deployment Considerations" filePath="..\Libraries\patterns &amp; practices Library\Checklist Item\1eebc17b-5391-448f-9c39-6ced2e0b3eca.xml" Priority="2" Rule_Type="Implementation" Source="patterns &amp; practices Library" Status="Beta" Technology="ASP.NET 2.0" Topic="Performance" Type="Checklist Item" xmlns="urn:microsoft:guidanceexplorer:guidanceItem"><content><![CDATA[<H1>Applies to</H1><UL><LI><DIV>ASP.NET 2.0</DIV></LI></UL><H1>What to Check For</H1><P>Check to ensure that your application considers precompiling pages.</P><H1>How to Check</H1><P>Consider precompiling pages so that your users do not have to experience the batch compile of your ASP.NET files, you can initiate batch compiles by issuing one request to a page per directory and then waiting until the processor idles again before putting the Web server back into rotation. This increases the performance that your users experience, and it decreases the burden of batch compiling directories while handling requests at the same time.</P>]]></content></guidanceItem>