﻿<?xml version="1.0" encoding="utf-8"?><guidanceItem id="1eee0562-ff05-4c7c-aaad-f204b23772e2" type="checklist" title="Use IIS to host your service unless you need to use a transport that IIS does not support" cssFile="guidance.css" Date="2008-06-27T15:27:54.577Z" Author="J.D. Meier, Jason Taylor, Prashant Bansode, Carlos Farre, Madhu Sundararajan, Rob Boucher, Steve Gregersen" Category="Hosting" filePath="..\Libraries\patterns &amp; practices Library\Checklist Item\1eee0562-ff05-4c7c-aaad-f204b23772e2.xml" Priority="2" Rule_Type="Implementation" Source="patterns &amp; practices Library" Status="Release" Technology="WCF 3.5" Topic="Security" Type="Checklist Item" xmlns="urn:microsoft:guidanceexplorer:guidanceItem"><content><![CDATA[<H1>Applies to</H1><UL><LI>Microsoft&#174; Windows Communication Foundation (WCF) 3.5 <LI>Microsoft Visual Studio&#174; 2008</LI></UL><H1>What to Check For</H1><P>Check to ensure that you use IIS to host your service unless you need to use a transport that IIS does not support.</P>

]]></content></guidanceItem>