﻿<?xml version="1.0" encoding="utf-8"?><guidanceItem id="1eee813e-5bbc-4c12-8c26-ed356a7cabcd" type="checklist" title="Use the common language runtime (CLR) thread pool instead of creating threads on a per-request basis" cssFile="guidance.css" Date="2007-12-14T22:34:29.543Z" Author="J.D. Meier, Srinath Vasireddy, Ashish Babbar, Rico Mariani, and Alex Mackman" Category="Concurrency" filePath="..\Libraries\patterns &amp; practices Library\Checklist Item\1eee813e-5bbc-4c12-8c26-ed356a7cabcd.xml" Priority="2" Rule_Type="Implementation" Source="patterns &amp; practices Library" Status="Beta" Technology=".NET 2.0" Topic="Performance" Type="Checklist Item" xmlns="urn:microsoft:guidanceexplorer:guidanceItem"><content><![CDATA[<H1>Applies to</H1><UL><LI><DIV>.NET 2.0</DIV></LI></UL><H1>What to Check For</H1><P>Check to ensure that your application&nbsp;does not create threads on a per-request basis, and it uses the common language runtime (CLR) thread pool instead.</P><H1>How to Check</H1><P>Review your design and ensure that you use the thread pool. Using the thread pool increases the probability for the processor to find a thread in a ready to run state (for processing), which results in increased parallelism among the threads.</P><P>Threads are shared resources and are expensive to initialize and manage. If you create threads on a per-request basis in a server-side application, this affects scalability by increasing the likelihood of thread starvation and affects performance, due to the increased overhead of thread creation, processor context switching, and garbage collection.</P><H1>Additional Resources</H1><UL><LI><DIV><DIV><P>For more information about the questions and issues raised in this section, see "Concurrency" in Chapter 3, "<A href="http://msdn2.microsoft.com/en-us/library/ms998541.aspx">Design Guidelines for Application Performance</A>"</P></DIV></DIV></LI></UL>]]></content></guidanceItem>