﻿<?xml version="1.0" encoding="utf-8"?><guidanceItem id="1f939c3c-bd80-41fc-a79f-faeb1c8c9d79" type="checklist" title="Use READTEXT to read from SQL Server 2000." cssFile="guidance.css" Date="2007-12-17T07:08:02.19Z" Author="J.D. Meier, Srinath Vasireddy, Ashish Babbar, and Alex Mackman" Category="Binary Large Objects" filePath="..\Libraries\patterns &amp; practices Library\Checklist Item\1f939c3c-bd80-41fc-a79f-faeb1c8c9d79.xml" Priority="2" Rule_Type="Implementation" Source="patterns &amp; practices Library" Status="Beta" Technology="ADO.NET 1.1" Topic="Performance" Type="Checklist Item" xmlns="urn:microsoft:guidanceexplorer:guidanceItem"><content><![CDATA[<H1>Applies to</H1><UL><LI><DIV>ADO.NET 1.1</DIV></LI></UL><H1>What to Check For</H1><P>Check to ensure that your application uses READTEXT command to read<STRONG> </STRONG>text, ntext, or image values from SQL Server 2000.</P><H1>How to Check</H1><P>The READTEXT command reads <B>text</B>, <B>ntext</B>, or <B>image</B> values from a <B>text</B>,<B> ntext</B>, or <B>image</B> column. The READTEXT command starts reading from a specified offset and reads the specified number of bytes. This command is available in SQL Server 2000 and later. This command enables you to read data in chunks by sending a fixed set of bytes over the network for each iteration. The following are the steps you must follow to use the READTEXT command: </P><OL><LI>Obtain a pointer to the BLOB by using the TEXTPTR command. <LI>Read the BLOB, by using the READTEXT command, in the required chunk size, with the help of the pointer that you obtained in step 1. <LI>Send the data to the client. <LI>Read the data on the client, and then store it in a buffer or a stream. </LI></OL><H1>How to Fix</H1><P>The following code fragment shows how to use the READTEXT command.</P><DIV><PRE>int BUFFER_LENGTH  = 32768;<BR> // chunk size<BR>// Obtain a pointer to the BLOB using TEXTPTR.<BR>SqlCommand cmdGetPointer = new SqlCommand(<BR>    "SELECT &#64;Pointer=TEXTPTR(Picture), &#64;Length=DataLength(Picture)" &#43;<BR>    "FROM Categories WHERE CategoryName='Test'", conn);<BR>// Set up the parameters.<BR>SqlParameter PointerOutParam = cmdGetPointer.Parameters.Add("&#64;Pointer", SqlDbType.VarBinary, 100);<BR>// Run the query.<BR>// Set up the READTEXT command to read the BLOB by passing the following<BR>// parameters: &#64;Pointer - pointer to blob, &#64;Offset - number of bytes to<BR>// skip before starting the read, &#64;Size - number of bytes to read.<BR>SqlCommand cmdReadBinary = new SqlCommand(<BR>     "READTEXT Categories.Picture &#64;Pointer &#64;Offset &#64;Size HOLDLOCK", conn);<BR>// Set up the parameters for the command.<BR>SqlParameter SizeParam  = cmdReadBinary.Parameters.Add("&#64;Size", SqlDbType.Int);<BR>SqlDataReader dr;int Offset= 0;Byte &#91;&#93;Buffer = new Byte&#91;BUFFER_LENGTH &#93;;<BR>// Read buffer full of data.do &#123;<BR>  // Add code for calculating the buffer size - may be less than<BR>  // BUFFER  LENGTH  for the last block.<BR>  dr = cmdReadBinary.ExecuteReader(CommandBehavior.SingleResult);<BR>  dr.Read();<BR>  dr.GetBytes(PictureCol, 0, Buffer, 0,  System.Convert.ToInt32(SizeParam.Value));<BR>  Offset &#43;= System.Convert.ToInt32(SizeParam.Value);<BR>  OffsetParam.Value = Offset;<BR>&#125;<BR> while( //Check for the offset until it reaches the maximum size.);</PRE></DIV><H1>Additional Resources</H1><UL><LI><P>For more information about the READTEXT command, see Knowledge Base article 317043, "HOW TO: Read and Write a File to and from a BLOB Column by Using Chunking in ADO.NET and Visual C# .NET," at <A href="http://support.microsoft.com/default.aspx?scid=kb;en-us;317043">http://support.microsoft.com/default.aspx?scid=kb;en-us;317043</A>.</P></LI></UL>]]></content></guidanceItem>