﻿<?xml version="1.0" encoding="utf-8"?><guidanceItem id="1faff0ef-a817-4194-8d20-520b16323c4c" type="checklist" title="Marshal data efficiently and prefer primitive types." cssFile="guidance.css" Date="2007-12-18T20:44:11.6Z" Author="J.D. Meier, Srinath Vasireddy, Ashish Babbar, and Alex Mackman" Category="Serialization" filePath="..\Libraries\patterns &amp; practices Library\Checklist Item\1faff0ef-a817-4194-8d20-520b16323c4c.xml" Priority="2" Rule_Type="Implementation" Source="patterns &amp; practices Library" Status="Beta" Technology="Remoting (.NET 1.1)" Topic="Performance" Type="Checklist Item" xmlns="urn:microsoft:guidanceexplorer:guidanceItem"><content><![CDATA[<H1>Applies to</H1><UL><LI><DIV>Remoting (.NET 1.1)</DIV></LI></UL><H1>What to Check For</H1><P>Check that your application marshals data efficiently and prefers primitive types.&nbsp;Ensure that you pass only the data that you need&nbsp;and avoid passing data that can be simply recalculated.</P><H1>How to Check</H1><P>A method call across a remoting boundary is expensive and slow, in comparison to in-process method calls. .NET serialization support makes serializing an object graph very easy by using the <B>Serializable</B> attribute. However, if you overuse this attribute, you ensure that a large amount of extra data is passed when simpler data types would frequently suffice. Try to return value types, such as simple primitive types or structures, first. You should consider using more complex types only if these simple types are not sufficient. A classic example of extreme inefficiency is to return a <B>DataSet</B> that has been populated with a single row, single column value when an integer would do.</P><H1>Additional Resources</H1><UL><LI>For more information about improving the serialization performance, see "<A href="http://msdn2.microsoft.com/en-us/library/ms979193.aspx">How To: Improve Serialization Performance</A>".</LI></UL>]]></content></guidanceItem>