﻿<?xml version="1.0" encoding="utf-8"?><guidanceItem id="1fb61429-a896-445e-9be5-12697b37c215" type="checklist" title="Consider caching data." cssFile="guidance.css" Date="2007-12-14T00:19:34.127Z" Author="J.D. Meier, Alex Mackman, Blaine Wastell, Prashant Bansode, Andy Wigley, Kishore Gopalan" Category="Data Access" filePath="..\Libraries\patterns &amp; practices Library\Checklist Item\1fb61429-a896-445e-9be5-12697b37c215.xml" Priority="2" Rule_Type="Implementation" Source="patterns &amp; practices Library" Status="Beta" Technology="ASP.NET 2.0" Topic="Performance" Type="Checklist Item" xmlns="urn:microsoft:guidanceexplorer:guidanceItem"><content><![CDATA[<H1>Applies to</H1><UL><LI><DIV>ASP.NET 2.0</DIV></LI></UL><H1>What to Check For</H1><P>Check to ensure that your application considers caching its data.</P><H1>How to Check</H1><P>If you have application-wide data that is fairly static and expensive to retrieve, consider caching the data in the ASP.NET cache.</P><H1>Additional Resources</H1><UL><LI>For more information about data access, see Chapter 12, "<A href="http://msdn2.microsoft.com/en-us/library/ms998569.aspx">Improving ADO.NET Performance</A>"</LI></UL>]]></content></guidanceItem>