﻿<?xml version="1.0" encoding="utf-8"?><guidanceItem id="1fc104d3-6c61-4241-b9a8-dd37dbe2de74" type="checklist" title="Page Size Is Trimmed" cssFile="guidance.css" Date="2007-12-14T00:17:10.04Z" Author="J.D. Meier, Alex Mackman, Blaine Wastell, Prashant Bansode, Andy Wigley, Kishore Gopalan" Category="Pages" filePath="..\Libraries\patterns &amp; practices Library\Checklist Item\1fc104d3-6c61-4241-b9a8-dd37dbe2de74.xml" Priority="2" Rule_Type="Implementation" Source="patterns &amp; practices Library" Status="Beta" Technology="ASP.NET 2.0" Topic="Performance" Type="Checklist Item" xmlns="urn:microsoft:guidanceexplorer:guidanceItem"><content><![CDATA[<H1>Applies to</H1><UL><LI>ASP.NET&nbsp;2.0&nbsp;</LI></UL><H1>What to Check For</H1>Check that you web site does not contain&nbsp;large pages that accomplish multiple tasks. Instead the pages&nbsp;have only a few tasks that executed with each request. Also check that where possible pages are logically partitioned. <H1>Why</H1>Processing large page sizes increases the load on the CPU, increases the consumption of network bandwidth, and increases the response times for clients. <H1>How to Check</H1><P>Here are the steps fro checking if page size is trimmed or not.</P><OL><LI>Check that characters such as tabs and spaces that create white space are removed before you send a response to the client. <LI>Check that HTTP compression is used. <LI>Check that view state is disabled if&nbsp;you do not need it. <LI>Check that&nbsp;use of graphics are limited and where possible&nbsp;compressed graphics are used. <LI>Check that long control names are not used.</LI></OL><H1>How to Fix</H1><P>To trim your page size, you can do one or all of the following:</P><UL><LI>Use script includes for any static scripts in your page to enable the client to cache these scripts for subsequent requests. The following script element shows how to do this.&nbsp;&nbsp;&nbsp;&nbsp; </LI></UL><PRE>&lt;script language=jscript src="scripts\myscript.js"&gt;</PRE><UL><LI>Remove characters such as tabs and spaces that create white space before you send a response to the client. Removing white spaces can dramatically reduce the size of your pages. The following sample table contains white spaces.&nbsp;&nbsp;&nbsp;&nbsp; <PRE>     // with white space<BR>&nbsp;&nbsp;&nbsp;&nbsp;&nbsp; &lt;table&gt;<BR>&nbsp;&nbsp;&nbsp;&nbsp;&nbsp;&nbsp;&nbsp; &lt;tr&gt;<BR>&nbsp;&nbsp;&nbsp;&nbsp;&nbsp;&nbsp;&nbsp;&nbsp;&nbsp; &lt;td&gt;hello&lt;/td&gt;<BR>&nbsp;&nbsp;&nbsp;&nbsp;&nbsp;&nbsp;&nbsp;&nbsp;&nbsp; &lt;td&gt;world&lt;/td&gt;<BR>&nbsp;&nbsp;&nbsp;&nbsp;&nbsp;&nbsp;&nbsp;&nbsp; &lt;/tr&gt;<BR>&nbsp;&nbsp;&nbsp;&nbsp;&nbsp; &lt;/table&gt;</PRE>The following sample table does not contain white spaces.&nbsp;&nbsp;&nbsp;&nbsp;&nbsp; <PRE>      // without white space<BR>&nbsp;&nbsp;&nbsp;&nbsp;&nbsp; &lt;table&gt;<BR>&nbsp;&nbsp;&nbsp;&nbsp;&nbsp; &lt;tr&gt;&lt;td&gt;hello&lt;/td&gt;&lt;td&gt;world&lt;/td&gt;&lt;/tr&gt;<BR>&nbsp;&nbsp;&nbsp;&nbsp;&nbsp; &lt;/table&gt;</PRE><LI>Consider using HTTP compression. Keep in mind that&nbsp;HTTP compression affects CPU utilization. HTTP compression provides faster transmission time between compression-enabled browsers (Microsoft Internet Explorer 5.0 or later) and IIS. You can either compress static files alone, or both static files and applications. If your network bandwidth is restricted, consider HTTP compression, at least for static files, unless your processor utilization is already extremely high. For more information see "HOW TO: Enable ASPX Compression in IIS" at <A href="http://support.microsoft.com/default.aspx?scid=kb;en-us;322603">http://support.microsoft.com/default.aspx?scid=kb;en-us;322603</A>.</LI></UL><P>Additionally, you can trim page size in the following ways:</P><UL><LI>Disable view state when you do not need it. <LI>Limit the use of graphics, and consider using compressed graphics. <LI>Consider using cascading style sheets to avoid sending the same formatting directives to the client repeatedly. <LI>Avoid long control names; especially ones that are repeated in a DataGrid or Repeater control. Control names are used to generate unique HTML ID names. A 10-character control name can easily turn into 30 to 40 characters when it is used inside nested controls that are repeated.</LI></UL><P><STRONG>Note</STRONG>&nbsp;&nbsp; When using the ASP.NET process model, the ASP.NET worker process sends responses back to the client, it first sends them through IIS in 31-kilobyte (KB) chunks. This applies to .NET Framework 1.1, but it could change in future versions. The more 31-KB chunks that ASP.NET has to send through IIS, the slower your page runs. You can determine how many chunks ASP.NET requires for your page by browsing the page, viewing the source, and then saving the file to disk. To determine the number of chunks, divide the page size by 31.&nbsp; </P><H1>Additional Resources</H1><UL><LI>For more information about IIS compression, see Knowledge Base article, 322603, "HOW TO: Enable ASPX Compression in IIS," at <A href="http://support.microsoft.com/default.aspx?scid=kb;en-us;322603">http://support.microsoft.com/default.aspx?scid=kb;en-us;322603</A>.&nbsp; <LI>For information on ASP.NEt performance see, "Chapter 6 - Improving ASP.NET Performance" at <A href="http://msdn.microsoft.com/library/default.asp?url=/library/en-us/dnpag/html/scalenetchapt06.asp">http://msdn.microsoft.com/library/default.asp?url=/library/en-us/dnpag/html/scalenetchapt06.asp</A> <LI>&nbsp;For more information see "Checklist: ASP.NET Performance" at <A href="http://msdn.microsoft.com/library/default.asp?url=/library/en-us/dnpag/html/ScaleNetCheck03.asp">http://msdn.microsoft.com/library/default.asp?url=/library/en-us/dnpag/html/ScaleNetCheck03.asp</A>&nbsp; </LI></UL><H1>&nbsp;</H1>]]></content></guidanceItem>