﻿<?xml version="1.0" encoding="utf-8"?><guidanceItem id="1ffc8494-352b-4a94-9f31-3eeb60b8c6b6" type="checklist" title="The chosen trust level does not exceed your application's requirement. " cssFile="guidance.css" Date="2007-12-13T23:55:57.05Z" Author="J.D. Meier, Alex Mackman, Blaine Wastell, Prashant Bansode, Andy Wigley, Kishore Gopalan" Category="Code Access Security" filePath="..\Libraries\patterns &amp; practices Library\Checklist Item\1ffc8494-352b-4a94-9f31-3eeb60b8c6b6.xml" Priority="2" Rule_Type="Implementation" Source="patterns &amp; practices Library" Status="Beta" Technology="ASP.NET 2.0" Topic="Security" Type="Checklist Item" xmlns="urn:microsoft:guidanceexplorer:guidanceItem"><content><![CDATA[<H1>Applies to</H1><UL><LI><DIV>ASP.NET 2.0</DIV></LI></UL><H1>What to Check For</H1><P>Check to ensure that the&nbsp;chosen trust level does not provide additional permissions beyond what your application requires.</P><P></P><H1>How to Fix</H1><P>Choose a trust level that does not provide additional permissions beyond what your application requires. By doing this, you follow the principle of least privilege and constrain your application as much as possible. To select the most appropriate trust level, identify the precise set of code access security permissions that your application requires. You can do this by manually reviewing your code or by using the Permissions Calculator tool (Permcalc.exe). Evaluate whether the permissions required for your application match those provided by any of the standard trust levels. To see the permissions each trust level provides, examine each trust level policy file in the &#37;windir&#37;\Microsoft.NET\Framework\&#123;version&#125;\CONFIG directory, beginning with the High trust policy file web_hightrust.config. </P><P>If your application requires fewer code access security permissions than those provided by the High trust level, move on to consider Medium trust. Repeat the process, moving from Medium to Low to Minimal, and keep evaluating the partial trust levels until you reach an exact match to your application's requirements or until your application's required permissions slightly exceed a partial trust level. If your application needs more permissions than are granted by one level but requires fewer that are provided by the next level, consider creating a custom trust policy.</P><H1>Additional Resources</H1><UL><LI>For more information, see <A href="http://msdn2.microsoft.com/en-us/library/ms998326.aspx">How To: Use Code Access Security in ASP.NET 2.0</A>.</LI></UL>]]></content></guidanceItem>