﻿<?xml version="1.0" encoding="utf-8"?><guidanceItem id="202dfd03-05fd-4153-b3ee-9da9bbea1edb" type="checklist" title="Initialize collections to the right size when you can." cssFile="guidance.css" Date="2007-12-15T01:00:53.703Z" Author="J.D. Meier, Srinath Vasireddy, Ashish Babbar, Rico Mariani, and Alex Mackman" Category="Collections " filePath="..\Libraries\patterns &amp; practices Library\Checklist Item\202dfd03-05fd-4153-b3ee-9da9bbea1edb.xml" Priority="2" Rule_Type="Implementation" Source="patterns &amp; practices Library" Status="Beta" Technology=".NET 1.1" Topic="Performance" Type="Checklist Item" xmlns="urn:microsoft:guidanceexplorer:guidanceItem"><content><![CDATA[<H1>Applies to</H1><UL><LI><DIV>.NET 1.1</DIV></LI></UL><H1>What to Check For</H1><P>Check to ensure that collections used in your application are initialized to the right size, when it can.</P><H1>How to Check</H1><P>Initialize collections to the right size if you know exactly, or even approximately, how many items you want to store in your collection; most collection types let you specify the size with the constructor, as shown in the following example.</P><DIV><PRE>ArrayList ar = new ArrayList (43);</PRE></DIV><P>Even if the collection is able to be dynamically resized, it is more efficient to allocate the collection with the correct or approximate initial capacity (based on your tests).&nbsp;</P><H1>Additional Resources</H1><UL><LI>For more information about performance testing, see Chapter 5, "<A href="http://msdn2.microsoft.com/en-us/library/ms998547.aspx">Improving Managed Code Performance</A>".</LI></UL>]]></content></guidanceItem>