﻿<?xml version="1.0" encoding="utf-8"?><guidanceItem id="207b1dab-0780-4a72-9fd6-6dcdd9a4e7d8" type="checklist" title="Code is developed based on .NET framework coding guidelines and secure coding guidelines" cssFile="guidance.css" Date="2007-12-15T00:12:52.32Z" Author="J.D. Meier, Srinath Vasireddy, Ashish Babbar, Rico Mariani, and Alex Mackman" Category="Code Analysis" filePath="..\Libraries\patterns &amp; practices Library\Checklist Item\207b1dab-0780-4a72-9fd6-6dcdd9a4e7d8.xml" Priority="2" Rule_Type="Implementation" Source="patterns &amp; practices Library" Status="Beta" Technology=".NET 1.1" Topic="Security" Type="Checklist Item" xmlns="urn:microsoft:guidanceexplorer:guidanceItem"><content><![CDATA[<H1>Applies to</H1><UL><LI><DIV>.NET 1.1</DIV></LI></UL><H1>What to Check For</H1><P>Check to ensure that your application code is developed based on .NET framework coding guidelines and security coding guidelines.</P><H1>How to Check</H1><P>Check whether your application source&nbsp;code conforms to the suggested&nbsp;guidelines at <A href="http://msdn.microsoft.com/library/en-us/cpgenref/html/cpconnetframeworkdesignguidelines.asp">http://msdn.microsoft.com/library/en-us/cpgenref/html/cpconnetframeworkdesignguidelines.asp</A>.</P>]]></content></guidanceItem>