﻿<?xml version="1.0" encoding="utf-8"?><guidanceItem id="20a9f6fb-d184-44de-918b-3f69b5177696" type="checklist" title="The impersonation credentials (if using a fixed identity) are encrypted in the configuration file by using Aspnet_setreg.exe" cssFile="guidance.css" Date="2007-12-14T01:43:28.577Z" Author="J.D. Meier, Srinath Vasireddy, Ashish Babbar, John Allen and Alex Mackman" Category="Authentication" filePath="..\Libraries\patterns &amp; practices Library\Checklist Item\20a9f6fb-d184-44de-918b-3f69b5177696.xml" Priority="2" Rule_Type="Implementation" Source="patterns &amp; practices Library" Status="Beta" Technology="ASP.NET 1.1" Topic="Security" Type="Checklist Item" xmlns="urn:microsoft:guidanceexplorer:guidanceItem"><content><![CDATA[<H1>Applies to</H1><UL><LI><DIV>ASP.NET 1.1</DIV></LI></UL><H1>What to Check For</H1><P>Check to ensure that the impersonation credentials are encrypted in the configuration file by using Aspnet_setreg.exe.</P>]]></content></guidanceItem>