﻿<?xml version="1.0" encoding="utf-8"?><guidanceItem id="20aa4021-68bd-4d2e-b14e-722cda57d295" type="checklist" title="Ensure that your transactions logs do not fill up." cssFile="guidance.css" Date="2007-12-18T18:45:39.043Z" Author="J.D. Meier, Srinath Vasireddy, Ashish Babbar, Sharon Bjeletich and Alex Mackman" Category="Performance Testing" filePath="..\Libraries\patterns &amp; practices Library\Checklist Item\20aa4021-68bd-4d2e-b14e-722cda57d295.xml" Priority="2" Rule_Type="Implementation" Source="patterns &amp; practices Library" Status="Beta" Technology="SQL Server 2000" Topic="Performance" Type="Checklist Item" xmlns="urn:microsoft:guidanceexplorer:guidanceItem"><content><![CDATA[<H1>Applies to</H1><UL><LI><DIV>SQL Server 2000</DIV></LI></UL><H1>What to Check For</H1><P>Check to ensure that transaction logs in your application&nbsp;do not fill up.</P><H1>How to Check</H1><P>Using a simple loop mechanism can fill your transaction log for every single insert. Clear the application and database logs after each performance test run. Excessively large log files may artificially skew the performance results. </P><H1>Additional Resources</H1><UL><LI>For more information about performance testing, see Chapter 16, "<A href="http://msdn2.microsoft.com/en-us/library/ms998581.aspx">Testing .NET Application Performance</A>".</LI></UL>]]></content></guidanceItem>