﻿<?xml version="1.0" encoding="utf-8"?><guidanceItem id="20b3f2a8-fe0a-4a8d-a8d3-26a08560d637" type="checklist" title="Potentially dangerous virtual directories, including IISSamples, IISAdmin, IISHelp, and Scripts virtual directories, are removed." cssFile="guidance.css" Date="2007-12-18T19:42:25.24Z" Author="J.D. Meier, Alex Mackman, Michael Dunner, Srinath Vasireddy, Ray Escamilla and Anandha Murukan" Category="IIS Configuration" filePath="..\Libraries\patterns &amp; practices Library\Checklist Item\20b3f2a8-fe0a-4a8d-a8d3-26a08560d637.xml" Priority="2" Rule_Type="Deployment" Source="patterns &amp; practices Library" Status="Beta" Technology="Web Application" Topic="Security" Type="Checklist Item" xmlns="urn:microsoft:guidanceexplorer:guidanceItem"><content><![CDATA[<H1>Applies to</H1><UL><LI><DIV>Web Application</DIV></LI></UL><H1>What to Check For</H1><P>Check to ensure that sample applications are not installed by default on production Web servers. Applications&nbsp;include potentially dangerous virtual directories, IISSamples, IISAdmin, IISHelp, and Scripts virtual directories.</P><P></P><H1>How to Fix</H1><P>Sample applications are not installed by default and should not be installed on production Web servers. Remove all sample applications, including the ones that can be accessed only from the local computer with http://localhost, or http://127.0.0.1.</P><P>Remove the following virtual directories from production servers: IISSamples, IISAdmin, IISHelp, and Scripts.</P><BLOCKQUOTE><B>Note</B>&nbsp;&nbsp;&nbsp;IISLockdown provides an option to remove the Scripts, IISSamples, IISAdmin, and IISHelp virtual directories</BLOCKQUOTE>]]></content></guidanceItem>