﻿<?xml version="1.0" encoding="utf-8"?><guidanceItem id="20f5c994-7a2b-4379-9e06-29f6550da7e0" type="checklist" title="Use TcpChannel for optimum performance." cssFile="guidance.css" Date="2007-12-18T20:43:42.83Z" Author="J.D. Meier, Srinath Vasireddy, Ashish Babbar, and Alex Mackman" Category="Channels" filePath="..\Libraries\patterns &amp; practices Library\Checklist Item\20f5c994-7a2b-4379-9e06-29f6550da7e0.xml" Priority="2" Rule_Type="Implementation" Source="patterns &amp; practices Library" Status="Beta" Technology="Remoting (.NET 1.1)" Topic="Performance" Type="Checklist Item" xmlns="urn:microsoft:guidanceexplorer:guidanceItem"><content><![CDATA[<H1>Applies to</H1><UL><LI><DIV>Remoting (.NET 1.1)</DIV></LI></UL><H1>What to Check For</H1><P>Check to ensure that your application uses TcpChannel for optimum performance.</P><H1>How to Check</H1><P>The <B>TcpChannel</B> in combination with the <B>BinaryFormatter</B> for serializing data provides the best performance remoting solution. </P>]]></content></guidanceItem>