﻿<?xml version="1.0" encoding="utf-8"?><guidanceItem id="21402fc4-745e-4bf3-8de6-debd307c36ad" type="checklist" title="Input validation is applied whenever input is received from outside the current trust boundary." cssFile="guidance.css" Date="2007-12-18T21:53:44.13Z" Author="J.D. Meier, Srinath Vasireddy, Ashish Babbar, John Allen and Alex Mackman" Category="Input and Data Validation" filePath="..\Libraries\patterns &amp; practices Library\Checklist Item\21402fc4-745e-4bf3-8de6-debd307c36ad.xml" Priority="2" Rule_Type="Design" Source="patterns &amp; practices Library" Status="Beta" Technology="ASP.NET 1.1" Topic="Security" Type="Checklist Item" xmlns="urn:microsoft:guidanceexplorer:guidanceItem"><content><![CDATA[<H1>Applies to</H1><UL><LI><DIV>ASP.NET 1.1</DIV></LI></UL><H1>What to Check For</H1><P>Check to ensure that your application validates the input whenever it is received from outside the current trust boundary.&nbsp;</P>]]></content></guidanceItem>