﻿<?xml version="1.0" encoding="utf-8"?><guidanceItem id="215eeac7-2283-47e8-9d15-06848175c0c6" type="checklist" title="Use primary keys and Rows.Find for indexed searching." cssFile="guidance.css" Date="2007-12-17T07:56:57.53Z" Author="J.D. Meier, Srinath Vasireddy, Ashish Babbar, and Alex Mackman" Category="DataSet" filePath="..\Libraries\patterns &amp; practices Library\Checklist Item\215eeac7-2283-47e8-9d15-06848175c0c6.xml" Priority="2" Rule_Type="Implementation" Source="patterns &amp; practices Library" Status="Beta" Technology="ADO.NET 1.1" Topic="Performance" Type="Checklist Item" xmlns="urn:microsoft:guidanceexplorer:guidanceItem"><content><![CDATA[<H1>Applies to</H1><UL><LI><DIV>ADO.NET 1.1</DIV></LI></UL><H1>What to Check For</H1><P>Check to ensure that your application uses primary keys and Rows.Find method for indexed searching.</P><H1>How to Check</H1><P>If you need to search a <B>DataSet</B> by using a primary key, create the primary key on the <B>DataTable</B>. This creates an index that the <B>Rows.Find</B> method can use to quickly find the records that you want. Do not use <B>DataTable.Select </B>because <B>DataTable.Select</B> does not use indices.</P>]]></content></guidanceItem>