﻿<?xml version="1.0" encoding="utf-8"?><guidanceItem id="21a511bd-1073-4a4d-bd4c-8b896e06174c" type="checklist" title="Consider Using S4U Feature for Impersonation and Delegation, When You Cannot do a Windows Mapping" cssFile="guidance.css" Date="2008-06-27T15:28:37.637Z" Author="J.D. Meier, Jason Taylor, Prashant Bansode, Carlos Farre, Madhu Sundararajan, Rob Boucher, Steve Gregersen" Category="Impersonation and Delegation" filePath="..\Libraries\patterns &amp; practices Library\Checklist Item\21a511bd-1073-4a4d-bd4c-8b896e06174c.xml" Priority="2" Rule_Type="Implementation" Source="patterns &amp; practices Library" Status="Release" Technology="WCF 3.5" Topic="Security" Type="Checklist Item" xmlns="urn:microsoft:guidanceexplorer:guidanceItem"><content><![CDATA[<H1>Applies to</H1><UL><LI>Microsoft&#174; Windows Communication Foundation (WCF) 3.5 <LI>Microsoft Visual Studio&#174; 2008</LI></UL><H1>What to Check For</H1><P>Check to ensure that your service consider uses <STRONG>S4U</STRONG> feature for Impersonation and Delegation, when a Windows Mapping could not be done.</P>

]]></content></guidanceItem>