﻿<?xml version="1.0" encoding="utf-8"?><guidanceItem id="21f85ed6-fe29-496a-8da1-4d60f58d5f9f" type="checklist" title="Consider using link demands rather than full demands for performance - critical, trusted scenarios." cssFile="guidance.css" Date="2007-12-15T01:10:22.93Z" Author="J.D. Meier, Srinath Vasireddy, Ashish Babbar, Rico Mariani, and Alex Mackman" Category="Code Access Security" filePath="..\Libraries\patterns &amp; practices Library\Checklist Item\21f85ed6-fe29-496a-8da1-4d60f58d5f9f.xml" Priority="2" Rule_Type="Implementation" Source="patterns &amp; practices Library" Status="Beta" Technology=".NET 1.1" Topic="Performance" Type="Checklist Item" xmlns="urn:microsoft:guidanceexplorer:guidanceItem"><content><![CDATA[<H1>Applies to</H1><UL><LI><DIV>.NET 1.1</DIV></LI></UL><H1>What to Check For</H1><P>Check to ensure that your application&nbsp;considers using link demands rather than full demands for performance - critical, trusted scenarios.</P><H1>How to Check</H1><P>When code accesses a protected resource or performs a privileged operation, code access security demands are used to ensure that the code has the required permissions. Full demands require the runtime to perform a stack walk to ensure that the calling code has the required permissions.</P><P>The full stack walk can be avoided by using a link demand instead of a full demand. While performance is improved because the link demand checks only the immediate caller during JIT compilation, you need to balance this performance gain with your security requirements. The link demand significantly increases the chances of your code being subjected to a luring attack, where malicious code calls your code to access a protected resource or perform a privileged operation.</P><P>You should consider using link demands only in trusted scenarios where performance is critical, and you should consider it only after you have fully evaluated the security implications.</P><H1>Additional Resources</H1><UL><LI>For more information about link demands and how to use them appropriately, see "Link Demands" in Chapter 8, "Code Access Security in Practice," in <I>Improving Web Application Security: Threats and Countermeasures</I> on MSDN at <A href="http://msdn2.microsoft.com/en-us/library/aa302424.aspx">http://msdn2.microsoft.com/en-us/library/aa302424.aspx</A><A href="http://msdn.microsoft.com/library/en-us/dnnetsec/html/threatcounter.asp"></A>.</LI></UL>]]></content></guidanceItem>