﻿<?xml version="1.0" encoding="utf-8"?><guidanceItem id="22354033-5d4f-44c5-a6be-ef20b93b89ee" type="checklist" title="Use appropriate state management to scale the solution." cssFile="guidance.css" Date="2007-12-18T20:43:10.873Z" Author="J.D. Meier, Srinath Vasireddy, Ashish Babbar, and Alex Mackman" Category="Design Considerations" filePath="..\Libraries\patterns &amp; practices Library\Checklist Item\22354033-5d4f-44c5-a6be-ef20b93b89ee.xml" Priority="2" Rule_Type="Implementation" Source="patterns &amp; practices Library" Status="Beta" Technology="Remoting (.NET 1.1)" Topic="Performance" Type="Checklist Item" xmlns="urn:microsoft:guidanceexplorer:guidanceItem"><content><![CDATA[<H1>Applies to</H1><UL><LI><DIV>Remoting (.NET 1.1)</DIV></LI></UL><H1>What to Check For</H1><P>Check to ensure that your application uses appropriate state management to scale the solution.</P><H1>How to Check</H1><P>The difference between the CAOs and singletons is that of affinity. Singletons can be scaled if they are stateless. Singletons can be used for serving calls from multiple clients, whereas CAOs can be used only for serving calls from the same client for a particular reference. The CLR provides a thread pool to service incoming client calls. As a result, singleton SAOs that maintain shared state require synchronization code to ensure valid state management. </P>]]></content></guidanceItem>