﻿<?xml version="1.0" encoding="utf-8"?><guidanceItem id="2262a55c-fdf5-4ea0-92e3-9cdc877f2b95" type="checklist" title="Avoid calling GC.Collect." cssFile="guidance.css" Date="2007-12-15T01:15:30.093Z" Author="J.D. Meier, Srinath Vasireddy, Ashish Babbar, Rico Mariani, and Alex Mackman" Category="Garbage Collection" filePath="..\Libraries\patterns &amp; practices Library\Checklist Item\2262a55c-fdf5-4ea0-92e3-9cdc877f2b95.xml" Priority="2" Rule_Type="Implementation" Source="patterns &amp; practices Library" Status="Beta" Technology=".NET 1.1" Topic="Performance" Type="Checklist Item" xmlns="urn:microsoft:guidanceexplorer:guidanceItem"><content><![CDATA[<H1>Applies to</H1><UL><LI><DIV>.NET 1.1</DIV></LI></UL><H1>What to Check For</H1><P>Check to ensure that your application&nbsp;avoids calling GC.Collect.</P><H1>How to Check</H1><P>The default <B>GC.Collect</B> method causes a full collection of all generations. Full collections are expensive because literally every live object in the system must be visited to ensure complete collection. Needless to say, exhaustively visiting all live objects could, and usually does, take a significant amount of time. The garbage collector's algorithm is tuned so that it does full collections only when it is likely to be worth the expense of doing so. As a result, do not call <B>GC.Collect</B> directly &#8212; let the garbage collector determine when it needs to run.</P><P>The garbage collector is designed to be self-tuning and it adjusts its operation to meet the needs of your application based on memory pressure. Programmatically forcing collection can hinder tuning and operation of the garbage collector. </P><P>If you have a particular niche scenario where you have to call <B>GC.Collect</B>, consider the following: </P><UL><LI>Call <B>GC.WaitForPendingFinalizers</B> after you call <B>GC.Collect</B>. This ensures that the current thread waits until finalizers for all objects are called. <LI>After the finalizers run, there are more dead objects (those that were just finalized) that need to be collected. One more call to <B>GC.Collect</B> collects the remaining dead objects. <DIV><PRE>   System.GC.Collect(); // This gets rid of the dead objects<BR>   System.GC.WaitForPendingFinalizers(); // This waits for any finalizers to finish.<BR>   System.GC.Collect(); // This releases the memory associated with the objects that were just finalized.</PRE></DIV></LI></UL><H1>Additional Resources</H1><UL><LI>For more information about garbage collection, see the following resources: <UL><LI>"Garbage Collector Basics and Performance Hints" on MSDN at <A href="http://msdn2.microsoft.com/en-us/library/ms973837.aspx">http://msdn2.microsoft.com/en-us/library/ms973837.aspx</A>. <LI><I>MSDN Magazine</I> article, "Garbage Collection: Automatic Memory Management in the Microsoft .NET Framework," by Jeffrey Richter, at <A href="http://msdn.microsoft.com/msdnmag/issues/1100/gci/toc.asp?frame=true">http://msdn.microsoft.com/msdnmag/issues/1100/GCI/TOC.ASP?frame=true</A>. <LI><I>MSDN Magazine</I> article, "Garbage Collection&#8212;Part 2: Automatic Memory Management in the Microsoft .NET Framework," by Jeffrey Richter, at <A href="http://msdn.microsoft.com/msdnmag/issues/1200/gci2/toc.asp?frame=true">http://msdn.microsoft.com/msdnmag/issues/1200/GCI2/TOC.ASP?frame=true</A>. </LI></UL></LI></UL>]]></content></guidanceItem>