﻿<?xml version="1.0" encoding="utf-8"?><guidanceItem id="226f2374-e9bc-4147-89e2-952e2746c042" type="checklist" title="Consider using perimeter caching." cssFile="guidance.css" Date="2007-12-14T00:24:06.83Z" Author="J.D. Meier, Alex Mackman, Blaine Wastell, Prashant Bansode, Andy Wigley, Kishore Gopalan" Category="Deployment Considerations" filePath="..\Libraries\patterns &amp; practices Library\Checklist Item\226f2374-e9bc-4147-89e2-952e2746c042.xml" Priority="2" Rule_Type="Implementation" Source="patterns &amp; practices Library" Status="Beta" Technology="ASP.NET 2.0" Topic="Performance" Type="Checklist Item" xmlns="urn:microsoft:guidanceexplorer:guidanceItem"><content><![CDATA[<H1>Applies to</H1><UL><LI><DIV>ASP.NET 2.0</DIV></LI></UL><H1>What to Check For</H1><P>Check that your application considers using caching in its perimeter&nbsp;network.</P><H1>How to Check</H1><P>A perimeter network protects your intranet from intrusion by controlling access from the Internet or from other large networks. It consists of a combination of systems such as proxy servers, packet filtering, gateways, and other systems that enforce a boundary between two or more networks.</P><P>If your perimeter network includes a proxy server, consider enabling caching on your proxy server to improve performance.</P>]]></content></guidanceItem>