﻿<?xml version="1.0" encoding="utf-8"?><guidanceItem id="22cb473f-dab8-465a-864d-287fc81db3fc" type="checklist" title="Security Decisions are Not Made Based on Client Parameters" cssFile="guidance.css" Date="2007-12-20T04:31:24.617Z" Author="J.D. Meier, Alex Mackman, Blaine Wastell, Prashant Bansode, Andy Wigley, Kishore Gopalan" Category="Parameter Manipulation" filePath="..\Libraries\patterns &amp; practices Library\Checklist Item\22cb473f-dab8-465a-864d-287fc81db3fc.xml" Priority="2" Rule_Type="Implementation" Source="patterns &amp; practices Library" Status="Release" Technology="ASP.NET 2.0" Topic="Security" Type="Checklist Item" xmlns="urn:microsoft:guidanceexplorer:guidanceItem"><content><![CDATA[<H1>Applies to</H1><UL><LI>ASP.NET 2.0</LI></UL><H1>What to Check For</H1><P>Check to ensure security decisions are not made based upon any data that is under the control of the client. This includes making security decisions based on things like <B>Request.ServerName</B>, which is under client control, the contents of non-tamper-proofed cookies, hidden fields, query strings, etc.</P><P>The only exception to this rule is the use of passwords.&nbsp; While a password submitted by a client is technically client input, it is used only to make an authentication check, not to make further security decisions.</P><H1>Why</H1><P>Client input comes in many forms, from direct input like form variables and query string parameters to less direct input like cookies and connection information.&nbsp; None of it can be trusted and&nbsp;any information coming from the client can be completely controlled by an attacker, even&nbsp;with thick clients.</P><P>If security decisions are based directly on this information, an attacker can alter the outcome of those decisions.&nbsp; For example, if your thick client sends a list of roles held by the user, the user can alter that list.&nbsp; Role caching cookies are another example of this; unless the cookie is tamper-proofed via signing and encryption, the user can alter their role in the system at will. </P><H1>How to Check</H1><P>Use the following steps to check for this problem:</P><OL><LI>Identify all of your security decision points&#8212;everywhere you place someone into a role or decide if an action should proceed.&nbsp; Be thorough here, because understanding this element is critical to the security of your application.&nbsp; A design review specifically aimed at this aspect, possibly including a threat model to ensure completeness, is a good way to start, but you'll need to review the actual implementation as well to make sure the design was executed properly. <LI>Trace the data used to make those decisions back until you can prove that none of it is based on client input. <LI>If data is round-tripped through the client, prove that it cannot be modified by the client (i.e. the data&nbsp;is cryptographically signed). <LI>If there are any places where you do make security decisions based on client input, like a role editing component, document those exceptions and spend extra care auditing those code paths.&nbsp; Ensure that any exceptions function according to the business rules they are intended implement.&nbsp; Make sure that all input with security implications is handled carefully&#8212;only ask for it immediately before its use, don't cache it, and validate it before use. Also, use ViewStateUserKeys to protect forms, don't put the data in the query string, and generally treat the data like you would any other sensitive information.</LI></OL><H1>How to Fix</H1><P>Do not trust input parameters, especially when they are used to make security decisions at the server. Also, do not use clear text parameters for any form of sensitive data. Instead, store sensitive data on the server in a session store and use a session token to reference the items in the store. </P><P><STRONG>Note: </STRONG>If you must rely on some form of client-side state management then tamper-proof it using the steps in the following article - <A href="http://pluralsight.com/blogs/keith/archive/2005/12/21/17595.aspx">http://pluralsight.com/blogs/keith/archive/2005/12/21/17595.aspx</A>.</P><H1>Related Items</H1><UL><LI>Guideline: Do Not Make Security Decisions Based on Client Input <LI>Checklist Item: View State is Encrypted if it Does Contain Sensitive Data</LI></UL>]]></content></guidanceItem>