﻿<?xml version="1.0" encoding="utf-8"?><guidanceItem id="22ea00d4-4651-48bc-8194-34dc2638f0f6" type="checklist" title="The design addresses potential cross-site scripting issues." cssFile="guidance.css" Date="2007-12-18T21:53:58.73Z" Author="J.D. Meier, Srinath Vasireddy, Ashish Babbar, John Allen and Alex Mackman" Category="Input and Data Validation" filePath="..\Libraries\patterns &amp; practices Library\Checklist Item\22ea00d4-4651-48bc-8194-34dc2638f0f6.xml" Priority="2" Rule_Type="Design" Source="patterns &amp; practices Library" Status="Beta" Technology="ASP.NET 1.1" Topic="Security" Type="Checklist Item" xmlns="urn:microsoft:guidanceexplorer:guidanceItem"><content><![CDATA[<H1>Applies to</H1><UL><LI><DIV>ASP.NET 1.1</DIV></LI></UL><H1>What to Check For</H1><P>Check to ensure that your application&nbsp;design addresses potential cross-site scripting issues.</P><H1>How to Check</H1><P>If you include input fields in the HTML output stream, you might be vulnerable to XSS. Check that input is validated and that output is encoded. Pay close attention to how input fields that accept a range of HTML characters are processed.</P>]]></content></guidanceItem>