﻿<?xml version="1.0" encoding="utf-8"?><guidanceItem id="22f9843c-9e4c-4b34-a608-29971a1740f8" type="checklist" title="Principal permission demands are used to secure access to classes and members" cssFile="guidance.css" Date="2008-01-19T00:10:03.687Z" Author="J.D. Meier, Srinath Vasireddy, Ashish Babbar, John Allen and Alex Mackman" Category="Authorization" filePath="..\Libraries\patterns &amp; practices Library\Checklist Item\22f9843c-9e4c-4b34-a608-29971a1740f8.xml" Priority="2" Rule_Type="Implementation" Source="patterns &amp; practices Library" Status="Beta" Technology="ASP.NET 1.1" Topic="Security" Type="Checklist Item" xmlns="urn:microsoft:guidanceexplorer:guidanceItem"><content><![CDATA[<H1>Applies to</H1><UL><LI><DIV>ASP.NET 1.1</DIV></LI></UL><H1>What to Check For</H1><P>Check to ensure that your site uses Principal permission demands to secure access to classes and members.</P><H1>How to Check</H1><P>Principal permission demands allow you to make authorization decisions based on the identity and role membership of the caller. The caller's identity and role membership is maintained by the principal object that is associated with the current Web request (accessed through <B>HttpContext.User</B>). Use declarative security attributes to provide access controls on classes and methods, as follows:</P><DIV><PRE>// Declarative syntax&#91;PrincipalPermission(SecurityAction.Demand,<BR>           Role=&#64;"DomainName\WindowsGroup")&#93;<BR>public void SomeRestrictedMethod()&#123;&#125;</PRE></DIV>]]></content></guidanceItem>