﻿<?xml version="1.0" encoding="utf-8"?><guidanceItem id="230e0f8a-3cca-47f2-a9d5-0856847fb182" type="checklist" title="Query strings with server secrets are hashed" cssFile="guidance.css" Date="2007-12-18T21:25:39.487Z" Author="J.D. Meier, Srinath Vasireddy, Ashish Babbar, John Allen and Alex Mackman" Category="Parameter Manipulation" filePath="..\Libraries\patterns &amp; practices Library\Checklist Item\230e0f8a-3cca-47f2-a9d5-0856847fb182.xml" Priority="2" Rule_Type="Implementation" Source="patterns &amp; practices Library" Status="Beta" Technology="ASP.NET 1.1" Topic="Security" Type="Checklist Item" xmlns="urn:microsoft:guidanceexplorer:guidanceItem"><content><![CDATA[<H1>Applies to</H1><UL><LI><DIV>ASP.NET 1.1</DIV></LI></UL><H1>What to Check For</H1><P>Check to ensure that your application uses hashing for Query strings with server secrets.</P>]]></content></guidanceItem>