﻿<?xml version="1.0" encoding="utf-8"?><guidanceItem id="233fa6cd-6c22-4240-9ee3-f2b8b1f54eb0" type="checklist" title="Consider using Command.Prepare." cssFile="guidance.css" Date="2007-12-17T06:17:09.7Z" Author="J.D. Meier, Alex Mackman, Blaine Wastell, Prashant Bansode, Chaitanya Bijwe" Category="Stored Procedures" filePath="..\Libraries\patterns &amp; practices Library\Checklist Item\233fa6cd-6c22-4240-9ee3-f2b8b1f54eb0.xml" Priority="2" Rule_Type="Implementation" Source="patterns &amp; practices Library" Status="Beta" Technology="ADO.NET 2.0" Topic="Performance" Type="Checklist Item" xmlns="urn:microsoft:guidanceexplorer:guidanceItem"><content><![CDATA[<H1>Applies to</H1><UL><LI><DIV>ADO.NET 2.0</DIV></LI></UL><H1>What to Check For</H1><P>Check to ensure that your application considers using Command.Prepare when running the same set of SQL queries multiple times.</P><H1>How to Check</H1><P>If your application runs the same set of SQL queries multiple times, preparing those queries by using the <B>Command.Prepare</B> method may give you better performance. In ADO.NET, the <B>SqlCommand.Prepare</B> method calls the <B>sp_prepare</B> stored procedure for SQL Server 7. The <B>SqlCommand.Prepare</B> method calls <B>sp_prepexec</B> for SQL Server 2000 and later. <B>SqlCommand.Prepare</B> makes these calls instead of running a regular batch remote procedure call (RPC). The following code fragment shows how to use <B>Command.Prepare</B>.</P><DIV><PRE>cmd.CommandText =   "insert into Region (RegionID, RegionDescription) values (&#64;id, &#64;desc)";<BR>cmd.Parameters.Add ( "&#64;id", SqlDbType.Int, 4, "RegionID") ;<BR>cmd.Parameters.Add ( "&#64;desc", SqlDbType.NChar, 50, "RegionDescription") ;<BR>cmd.Parameters&#91;0&#93;.Value = 5;<BR>cmd.Parameters&#91;1&#93;.Value = "North West";<BR>cmd.Prepare();<BR>cmd.ExecuteNonQuery();<BR>cmd.Parameters&#91;0&#93;.Value = 6;cmd.Parameters&#91;1&#93;.Value = "North East";<BR>cmd.ExecuteNonQuery();<BR>cmd.Parameters&#91;0&#93;.Value = 7;<BR>cmd.Parameters&#91;1&#93;.Value = "South East";<BR>cmd.ExecuteNonQuery();<BR>cmd.Parameters&#91;0&#93;.Value = 8;<BR>cmd.Parameters&#91;1&#93;.Value = "South West";<BR>cmd.ExecuteNonQuery();</PRE></DIV><P>Using the <B>Prepare</B> method does not yield a benefit if you are only going to run the statement one or two times. The next version of SQL Server will better leverage how plans are cached, so using it would not make a difference. You should only use the <B>Prepare</B> method for those statements that you run multiple times.</P>]]></content></guidanceItem>