﻿<?xml version="1.0" encoding="utf-8"?><guidanceItem id="234df906-877d-4217-be4b-3a48b3a46dd2" type="checklist" title="Use the ReadOnly attribute when you can." cssFile="guidance.css" Date="2007-12-18T21:35:33.793Z" Author="J.D. Meier, Srinath Vasireddy, Ashish Babbar, John Allen and Alex Mackman" Category="Session Management" filePath="..\Libraries\patterns &amp; practices Library\Checklist Item\234df906-877d-4217-be4b-3a48b3a46dd2.xml" Priority="2" Rule_Type="Implementation" Source="patterns &amp; practices Library" Status="Beta" Technology="ASP.NET 1.1" Topic="Performance" Type="Checklist Item" xmlns="urn:microsoft:guidanceexplorer:guidanceItem"><content><![CDATA[<H1>Applies to</H1><UL><LI><DIV>ASP.NET 1.1</DIV></LI></UL><H1>What to Check For</H1><P>Check to ensure that your application sets&nbsp;EnableSessionState to ReadOnly for&nbsp;pages that only read session data.</P><H1>How to Check</H1><P>Page requests that use session state internally use a <B>ReaderWriterLock</B> object to manage session data. This allows multiple reads to occur at the same time when no lock is held. When the writer acquires the lock to update session state, all read requests are blocked. Normally two calls are made to the database for each request. The first call connects to the database, marks the session as locked, and executes the page. The second call writes any changes and unlocks the session. For pages that only read session data, consider setting <B>EnableSessionState</B> to <B>ReadOnly</B> as shown in the following sample.</P><DIV><PRE>&lt;&#37;&#64; Page EnableSessionState="ReadOnly" . . .&#37;&gt;</PRE></DIV><P>Setting <B>EnableSessionState</B> to <B>ReadOnly</B> is particularly useful when you use frames. In this event, the default setting serializes the execution of the page because a <B>ReaderWriterLock</B> is used. By setting <B>EnableSessionState</B> to <B>ReadOnly,</B> you avoid blocking, and you send fewer calls to the database. One option is to disable sessions in the configuration file as shown earlier, and to set the <B>ReadOnly</B> attribute on a page-by-page basis.</P><H1>Additional Resources</H1><UL><LI><P>For more information about session state, see "Underpinnings of the Session State Implementation in ASP.NET" on MSDN at <A onclick="javascript:Track('ctl00_LibFrame_ctl01&#124;ctl00_LibFrame_ctl77',this);" href="http://msdn.microsoft.com/library/en-us/dnaspp/html/aspnetsessionstate.asp">http://msdn.microsoft.com/library/en-us/dnaspp/html/ASPNetSessionState.asp</A>.</P></LI></UL>]]></content></guidanceItem>