﻿<?xml version="1.0" encoding="utf-8"?><guidanceItem id="234f2c7e-dc2d-4ab2-9f32-8d33de802b5d" type="checklist" title="Avoid code that can lead to deadlock." cssFile="guidance.css" Date="2007-12-17T05:30:25.637Z" Author="J.D. Meier, Alex Mackman, Blaine Wastell, Prashant Bansode, Chaitanya Bijwe" Category="Transactions" filePath="..\Libraries\patterns &amp; practices Library\Checklist Item\234f2c7e-dc2d-4ab2-9f32-8d33de802b5d.xml" Priority="2" Rule_Type="Implementation" Source="patterns &amp; practices Library" Status="Beta" Technology="ADO.NET 2.0" Topic="Performance" Type="Checklist Item" xmlns="urn:microsoft:guidanceexplorer:guidanceItem"><content><![CDATA[<H1>Applies to</H1><UL><LI><DIV>ADO.NET 2.0</DIV></LI></UL><H1>What to Check For</H1><P>Check to ensure that your application avoids code that can lead to deadlock when using transactions.</P><H1>How to Check</H1><P>Consider the following general guidelines when you use transactions so that you can avoid causing deadlocks: </P><UL><LI>Always access tables in the same order across transactions in your application. The likelihood of a deadlock increases when you access tables in a different order each time you access them. <LI>Keep transactions as short as possible. Do not make blocking or long-running calls from a transaction. Keep the duration of the transactions short. One approach is to run transactions close to the data source. For example, run a transaction from a stored procedure instead of running the transaction from a different computer. <LI>Choose a level of isolation that balances concurrency and data integrity. The highest isolation level, serializable, reduces concurrency and provides the highest level of data integrity. The lowest isolation level, read uncommitted, gives the opposite result. </LI></UL><H1>Additional Resources</H1><UL><LI>For more information about transaction options and how to analyze transaction performance, see the following resources on MSDN: <UL><LI>"Performance Comparison: Transaction Control" at <A href="http://msdn.microsoft.com/library/default.asp?url=/library/en-us/dnbda/html/bdadotnetarch13.asp">http://msdn.microsoft.com/library/default.asp?url=/library/en-us/dnbda/html/bdadotnetarch13.asp</A> <LI>"Implementing Database Transactions with Microsoft .NET" at <A href="http://msdn.microsoft.com/library/default.asp?url=/library/en-us/dnbda/html/psent.asp">http://msdn.microsoft.com/library/default.asp?url=/library/en-us/dnbda/html/psent.asp</A> </LI></UL><LI>For more information about enlisting a pooled object in a distributed transaction, see "Enlisting in a Distributed Transaction" in the <I>.NET Framework Developer's Guide</I> at <A href="http://msdn.microsoft.com/library/default.asp?url=/library/en-us/cpguide/html/cpconenlistingindistributedtransaction.asp">http://msdn.microsoft.com/library/default.asp?url=/library/en-us/cpguide/html/cpconenlistingindistributedtransaction.asp</A>.</LI></UL>]]></content></guidanceItem>