﻿<?xml version="1.0" encoding="utf-8"?><guidanceItem id="23614c34-5198-4539-9231-a8d4965ad285" type="checklist" title="Where appropriate, the data access library code is designed to restrict the access of calling code." cssFile="guidance.css" Date="2007-12-17T02:46:49.433Z" Author="J.D. Meier, Alex Mackman, Blaine Wastell, Prashant Bansode, Chaitanya Bijwe" Category="Authorization" filePath="..\Libraries\patterns &amp; practices Library\Checklist Item\23614c34-5198-4539-9231-a8d4965ad285.xml" Priority="2" Rule_Type="Implementation" Source="patterns &amp; practices Library" Status="Beta" Technology="ADO.NET 2.0" Topic="Security" Type="Checklist Item" xmlns="urn:microsoft:guidanceexplorer:guidanceItem"><content><![CDATA[<H1>Applies to</H1><UL><LI><DIV>ADO.NET 2.0</DIV></LI></UL><H1>What to Check For</H1><P>Check to ensure that only trusted code can access your data access classes and methods. </P><P></P><H1>How to Fix</H1><P>Ensuring that only trusted code can access your data access classes and methods decreases the risk that malicious code can exploit your application.</P><P>To restrict access to your code, do the following: </P><UL><LI><B>Design for restricted access</B>.<B> </B><LI><B>Place ASP.NET data access code in your application's Bin directory</B>. <LI><STRONG>Use strong names for data access library code</STRONG>. </LI></UL><H3>Design for Restricted Access</H3><P>Carefully design the public interfaces, classes, and methods exposed by your data access code. Make sure that code which is for internal use by the data access library is marked <B>private</B>. When designing for restricted access, consider the following guidelines: </P><UL><LI>Consider creational patterns, such as Abstract Factory or Singleton, to help make sure that the data access library retains control over how its objects are instantiated. Having the factory return an interface also ensures that the actual class remains hidden from the outside. <LI>If you expose extension points through a provider model to provide the use with the ability to implement an interface or extend a class, make sure that the extension class has restricted access to the underlying data access code. <LI>Mark classes and methods that need not be accessed outside the data access block as <B>internal</B>. <LI>Seal classes that need to be exposed but should not be inherited from. <LI>Mark methods that do not need to be exposed as <B>private</B> or <B>internal</B>. </LI></UL><H3>Place ASP.NET Data Access Code in Your Application's Bin Directory</H3><P>If you are developing data access code for exclusive use by a single ASP.NET application, place the data access assembly in your application's Bin directory. To restrict access to the assembly, configure an ACL for the Bin directory that provides only read access to your application's unique process identity.</P><H3>Use Strong Names for Data Access Library Code</H3><P>Data access library code that is to be used by more than one application should be strong name signed and added to the global assembly cache. The added benefit of strong naming your library code is that the common language runtime prevents partially trusted code from calling a strong named assembly by adding a link demand for the FullTrust permission set.</P>]]></content></guidanceItem>