﻿<?xml version="1.0" encoding="utf-8"?><guidanceItem id="237089f2-3786-4cc3-9ad4-891374f57400" type="checklist" title="Multithreaded code does not cache the results of security checks." cssFile="guidance.css" Date="2007-12-14T21:11:07.42Z" Author="J.D. Meier, Alex Mackman, Blaine Wastell, Prashant Bansode, Chaitanya Bijwe" Category="Threading" filePath="..\Libraries\patterns &amp; practices Library\Checklist Item\237089f2-3786-4cc3-9ad4-891374f57400.xml" Priority="2" Rule_Type="Implementation" Source="patterns &amp; practices Library" Status="Beta" Technology=".NET 2.0" Topic="Security" Type="Checklist Item" xmlns="urn:microsoft:guidanceexplorer:guidanceItem"><content><![CDATA[<H1>Applies to</H1><UL><LI><DIV>.NET 2.0</DIV><DIV></DIV></LI></UL><H1>What to Check For</H1><P>Check to ensure that multithreaded code does not cache the results of security checks as it is vulnerable.</P><P></P><H1>How to Fix</H1><P>If your multithreaded code caches the results of a security check, perhaps in a static variable, the code is potentially vulnerable, as shown in the following example.</P><DIV><PRE>public void AccessSecureResource()&#123;<BR>  callerOK = PerformSecurityDemand();<BR>  OpenAndWorkWithResource();<BR>  callerOK = false;<BR>&#125;<BR>private void OpenAndWorkWithResource()&#123;<BR>  if (callerOK)<BR>    PerformTrustedOperation();<BR>  else<BR>  &#123;<BR>    PerformSecurityDemand();<BR>    PerformTrustedOperation();<BR>  &#125;<BR>&#125;</PRE></DIV><P>If your code has other paths to <B>OpenAndWorkWithResource</B>, and a separate thread calls the method on the same object, it is possible for the second thread to omit the security demand because it encounters <B>callerOK=true</B>, set by another thread.</P>]]></content></guidanceItem>