﻿<?xml version="1.0" encoding="utf-8"?><guidanceItem id="237160a7-77ba-4960-84b3-65f222c46ea5" type="checklist" title="Code demands permission for user authorization where assemblies are loaded dynamically." cssFile="guidance.css" Date="2007-12-14T23:52:48.027Z" Author="J.D. Meier, Srinath Vasireddy, Ashish Babbar, Rico Mariani, and Alex Mackman" Category="Reflection" filePath="..\Libraries\patterns &amp; practices Library\Checklist Item\237160a7-77ba-4960-84b3-65f222c46ea5.xml" Priority="2" Rule_Type="Implementation" Source="patterns &amp; practices Library" Status="Beta" Technology=".NET 1.1" Topic="Security" Type="Checklist Item" xmlns="urn:microsoft:guidanceexplorer:guidanceItem"><content><![CDATA[<H1>Applies to</H1><UL><LI><DIV>.NET 1.1</DIV></LI></UL><H1>What to Check For</H1><P>Check to ensure that your application code demands permission for user authorization where assemblies are loaded dynamically.</P>]]></content></guidanceItem>