﻿<?xml version="1.0" encoding="utf-8"?><guidanceItem id="23920780-9304-46ee-a1a4-6afeb8b4384a" type="checklist" title="Use of LogonUser is avoided where possible." cssFile="guidance.css" Date="2008-01-18T23:50:43.81Z" Author="J.D. Meier, Alex Mackman, Blaine Wastell, Prashant Bansode, Andy Wigley, Kishore Gopalan" Category="Impersonation and Delegation" filePath="..\Libraries\patterns &amp; practices Library\Checklist Item\23920780-9304-46ee-a1a4-6afeb8b4384a.xml" Priority="2" Rule_Type="Implementation" Source="patterns &amp; practices Library" Status="Beta" Technology="ASP.NET 2.0" Topic="Security" Type="Checklist Item" xmlns="urn:microsoft:guidanceexplorer:guidanceItem"><content><![CDATA[<H1>Applies to</H1><UL><LI><DIV>ASP.NET 2.0</DIV></LI></UL><H1>What to Check For</H1><P>Check to ensure that your application avoids using&nbsp;<STRONG>LogonUser</STRONG> API to create impersonation tokens because this forces to store user names and passwords on your Web server.</P><P></P><H1>How to Fix</H1><P>Avoid writing code that calls the <B>LogonUser</B> API to create impersonation tokens because this forces you to store user names and passwords on your Web server. </P><P>Instead, use a unique application pool with a specific process identity if you need a specific identity to access downstream resources. If you need multiple identities to access a range of downstream resources and services, use Windows Server 2003 protocol transition and the new <B>WindowsIdentity</B> constructor; this allows you to create a Windows token that is given only an account's user principal name (UPN). To access a network resource, you need to delegate-level token. To get this token type, your server needs to be configured as trusted for delegation in Active Directory.</P><P>The following code shows how to use this constructor to obtain a Windows token for a given user.</P><DIV><PRE>using System;<BR>using System.Security.Principal;<BR>public void ConstructToken(string upn, out WindowsPrincipal p)&#123;<BR>  WindowsIdentity id = new WindowsIdentity(upn);<BR>  p = new WindowsPrincipal(id);<BR>&#125;  </PRE></DIV><BLOCKQUOTE><B>Note</B>&nbsp;&nbsp;&nbsp;An account's UPN is guaranteed to be unique within a forest. Frequently, the UPN is the user's e-mail address, but it does not have to be. A user always has a UPN and by default, it is <I>userlogonname</I>&#64;<I>fullyqualifieddomainname</I>. If you are logged into a domain, you can find your UPN name by running <B>whoami /upn</B> from a command window.</BLOCKQUOTE><H1>Additional Resources</H1><UL><LI>For more information, see <A href="http://msdn2.microsoft.com/en-us/library/ms998355.aspx">How To: Use Protocol Transition and Constrained Delegation with ASP.NET 2.0</A>.</LI></UL>]]></content></guidanceItem>