﻿<?xml version="1.0" encoding="utf-8"?><guidanceItem id="23cbee52-780a-4989-b068-deed9a66bb7f" type="checklist" title="Choose the right cache location." cssFile="guidance.css" Date="2007-12-14T00:14:55.857Z" Author="J.D. Meier, Alex Mackman, Blaine Wastell, Prashant Bansode, Andy Wigley, Kishore Gopalan" Category="Caching" filePath="..\Libraries\patterns &amp; practices Library\Checklist Item\23cbee52-780a-4989-b068-deed9a66bb7f.xml" Priority="2" Rule_Type="Implementation" Source="patterns &amp; practices Library" Status="Beta" Technology="ASP.NET 2.0" Topic="Performance" Type="Checklist Item" xmlns="urn:microsoft:guidanceexplorer:guidanceItem"><content><![CDATA[<H1>Applies to</H1><UL><LI><DIV>ASP.NET 2.0</DIV></LI></UL><H1>What to Check For</H1><P>Check to ensure that your application chooses right location when output caching.</P><H1>How to Check</H1><P>The <B>&#64;OutputCache</B> directive allows you to determine the cache location of the page by using the <B>Location</B> attribute. The<B> Location </B>attribute<B> </B>provides the following values: </P><UL><LI><B>Any</B>. This is the default value. The output cache can be located on the browser client where the request originated, on a proxy server, or any other server that is participating in the request or on the server where the request is processed. <LI><B>Client</B>. The output cache is located on the browser client where the request originated. <LI><B>DownStream</B>. The output cache can be stored in any HTTP 1.1 cache-capable device except for the origin server. This includes proxy servers and the client that made the request. <LI><B>None</B>. The output cache is disabled for the requested page. <LI><B>Server</B>. The output cache is located on the Web server where the request was processed. <LI><B>ServerAndClient</B>. The output cache can be stored only at the origin server or at the requesting client. Proxy servers cannot cache the response. </LI></UL><P>Unless you know for certain that your clients or your proxy server will cache responses, it is best to keep the <B>Location</B> attribute set to <B>Any</B>, <B>Server</B>, or <B>ServerAndClient</B>. Otherwise, if there is not a downstream cache available, the attribute effectively negates the benefits of output caching.</P><BLOCKQUOTE><P><B>Note&nbsp;&nbsp;&nbsp;</B>The <B>Location</B> attribute does not apply to user controls.</P></BLOCKQUOTE><H1>Additional Resources</H1><P><UL><LI>For more information about programmatic caching, see "Using Programmatic Caching" in "Understanding Caching Technologies" of the <I>Caching Architecture Guide for .NET Framework Applications</I> at <A href="http://msdn.microsoft.com/library/en-us/dnbda/html/cachingarchch2.asp">http://msdn.microsoft.com/library/en-us/dnbda/html/CachingArchch2.asp</A>.</LI></UL><P></P>]]></content></guidanceItem>