﻿<?xml version="1.0" encoding="utf-8"?><guidanceItem id="23d5bc82-5f71-49b0-8c49-f80738b2112b" type="checklist" title="Consider security and performance." cssFile="guidance.css" Date="2007-12-14T01:39:30.663Z" Author="J.D. Meier, Srinath Vasireddy, Ashish Babbar, John Allen and Alex Mackman" Category="Design Considerations" filePath="..\Libraries\patterns &amp; practices Library\Checklist Item\23d5bc82-5f71-49b0-8c49-f80738b2112b.xml" Priority="2" Rule_Type="Implementation" Source="patterns &amp; practices Library" Status="Beta" Technology="ASP.NET 1.1" Topic="Performance" Type="Checklist Item" xmlns="urn:microsoft:guidanceexplorer:guidanceItem"><content><![CDATA[<H1>Applies to</H1><UL><LI><DIV>ASP.NET 1.1</DIV></LI></UL><H1>What to Check For</H1><P>Check to ensure that security and performance guidelines are considered when designing your application.</P><H1>How to Fix</H1><P>Your choice of authentication scheme can affect the performance and scalability of your application. You need to consider the following issues: </P><UL><LI><B>Identities</B>. Consider the identities you are using and the way that you flow identity through your application. To access downstream resources, you can use the ASP.NET process identity or another specific service identity. Or, you can enable impersonation and flow the identity of the original caller. If you connect to Microsoft SQL Server&#8482;, you can also use SQL authentication. However, SQL authentication requires you to store credentials in the database connection string. Storing credentials in the database connection string is not recommended from a security perspective. When you connect to a shared resource, such as a database, by using a single identity, you benefit from connection pooling. Connection pooling significantly increases scalability. If you flow the identity of the original caller by using impersonation, you cannot benefit from efficient connection pooling, and you have to configure access control for multiple individual user accounts. For these reasons, it is best to use a single trusted identity to connect to downstream databases. <LI><B>Managing credentials</B>. Consider the way that you manage credentials. You have to decide if your application stores and verifies credentials in a database, or if you want to use an authentication mechanism provided by the operating system where credentials are stored for you in the Active Directory&#174; directory service. <P>You should also determine the number of concurrent users that your application can support and determine the number of users that your credential store (database or Active Directory) can handle. You should perform capacity planning for your application to determine if the system can handle the anticipated load. </P><LI><B>Protecting credentials</B>. Your decision to encrypt and decrypt credentials when they are sent over the network costs additional processing cycles. If you use authentication schemes such as Windows&#174; Forms authentication or SQL authentication, credentials flow in clear text and can be accessed by network eavesdroppers. In these cases, how important is it for you to protect them as they are passed across the network? Decide if you can choose authentication schemes that are provided by the operating system, such as NTLM or the Kerberos protocol, where credentials are not sent over the network to avoid encryption overhead. <LI><B>Cryptography</B>. If your application only needs to ensure that information is not tampered with during transit, you can use keyed hashing. Encryption is not required in this case, and it is relatively expensive compared to hashing. If you need to hide the data that you send over the network, you require encryption and probably keyed hashing to ensure data validity. When both parties can share the keys, using symmetric encryption provides improved performance in comparison to asymmetric encryption. Although larger key sizes provide greater encryption strength, performance is slower relative to smaller key sizes. You must consider this type of performance and balance the larger key sizes against security tradeoffs at design time. </LI></UL><H1>Additional Resources</H1><UL><LI>For more information, see "Performance Comparison: Security Design Choices" on MSDN at <A href="http://msdn.microsoft.com/library/en-us/dnbda/html/bdadotnetarch15.asp">http://msdn.microsoft.com/library/en-us/dnbda/html/bdadotnetarch15.asp</A>.</LI></UL>]]></content></guidanceItem>