﻿<?xml version="1.0" encoding="utf-8"?><guidanceItem id="23db02d9-5dd0-49d6-9b44-7c2c8c1b74d9" type="checklist" title="Role-based security is enabled. " cssFile="guidance.css" Date="2007-12-18T06:37:09.23Z" Author="J.D. Meier, Alex Mackman, Michael Dunner, Srinath Vasireddy, Ray Escamilla and Anandha Murukan" Category="Authorization" filePath="..\Libraries\patterns &amp; practices Library\Checklist Item\23db02d9-5dd0-49d6-9b44-7c2c8c1b74d9.xml" Priority="2" Rule_Type="Implementation" Source="patterns &amp; practices Library" Status="Beta" Technology="Enterprise Services (.NET 1.1)" Topic="Security" Type="Checklist Item" xmlns="urn:microsoft:guidanceexplorer:guidanceItem"><content><![CDATA[<H1>Applies to</H1><UL><LI><DIV>Enterprise Services (.NET 1.1)</DIV></LI></UL><H1>What to Check For</H1><P>Check to ensure that Role-based security is enabled to&nbsp;prevent users from performing restricted operations.&nbsp;&nbsp;</P><H1>How to Check</H1><P>Role-based security is disabled by default on Windows 2000. The reverse is true on Windows Server 2003. To ensure that role based security is automatically enabled when your component is registered (usually by using Regsvcs.exe), add the following attribute to your serviced component assembly.</P><PRE>&#91;assembly: ApplicationAccessControl(true)&#93;</PRE><BLOCKQUOTE><B>Note</B>&nbsp;&nbsp;&nbsp;Using this attribute is equivalent to selecting <B>Enforce access checks for this application</B> on the <B>Security</B> tab of the application's <B>Properties</B> dialog box in Component Services</BLOCKQUOTE>]]></content></guidanceItem>