﻿<?xml version="1.0" encoding="utf-8"?><guidanceItem id="23e642f9-706c-424d-9a21-aa5b6c5f20fe" type="checklist" title="Sensitive data is not transmitted with the GET protocol" cssFile="guidance.css" Date="2007-12-18T22:04:49.847Z" Author="J.D. Meier, Srinath Vasireddy, Ashish Babbar, John Allen and Alex Mackman" Category="Sensitive Data" filePath="..\Libraries\patterns &amp; practices Library\Checklist Item\23e642f9-706c-424d-9a21-aa5b6c5f20fe.xml" Priority="2" Rule_Type="Design" Source="patterns &amp; practices Library" Status="Beta" Technology="ASP.NET 1.1" Topic="Security" Type="Checklist Item" xmlns="urn:microsoft:guidanceexplorer:guidanceItem"><content><![CDATA[<H1>Applies to</H1><UL><LI><DIV>ASP.NET 1.1</DIV></LI></UL><H1>What to Check For</H1><P>Check to ensure that your application&nbsp;does not transmit sensitive data with the GET protocol.</P>]]></content></guidanceItem>