﻿<?xml version="1.0" encoding="utf-8"?><guidanceItem id="23ecc44a-3c9f-4c88-85c9-a93681cb6103" type="checklist" title="Consider asynchronous events." cssFile="guidance.css" Date="2007-12-14T00:15:14.363Z" Author="J.D. Meier, Alex Mackman, Blaine Wastell, Prashant Bansode, Andy Wigley, Kishore Gopalan" Category="Http Module" filePath="..\Libraries\patterns &amp; practices Library\Checklist Item\23ecc44a-3c9f-4c88-85c9-a93681cb6103.xml" Priority="2" Rule_Type="Implementation" Source="patterns &amp; practices Library" Status="Beta" Technology="ASP.NET 2.0" Topic="Performance" Type="Checklist Item" xmlns="urn:microsoft:guidanceexplorer:guidanceItem"><content><![CDATA[<H1>Applies to</H1><UL><LI><DIV>ASP.NET 2.0</DIV></LI></UL><H1>What to Check For</H1><P>Check to ensure that your application considers asynchronous events for every synchronous&nbsp;events.</P><H1>How to Check</H1><P>For every synchronous event, there is also an asynchronous version of that event. Although asynchronous events still logically block the request for the duration of the asynchronous work, they do not block the ASP.NET thread.</P><H1>Additional Resources</H1><UL><LI>For more information on HTTP modules, see the MSDN Magazine article, "ASP.NET Pipeline: Use Threads and Build Asynchronous Handlers in Your Server-Side Web Code," at <A href="http://msdn.microsoft.com/msdnmag/issues/03/06/threading/default.aspx">http://msdn.microsoft.com/msdnmag/issues/03/06/threading/default.aspx</A>. <LI>In addition, see Knowledge Base article 307985, "INFO: ASP.NET HTTP Modules and HTTP Handlers Overview," at <A href="http://support.microsoft.com/default.aspx?scid=kb;en-us;307985">http://support.microsoft.com/default.aspx?scid=kb;en-us;307985</A>.<BR></LI></UL>]]></content></guidanceItem>