﻿<?xml version="1.0" encoding="utf-8"?><guidanceItem id="240c0dca-70b2-4228-aef3-9b54c9571ec8" type="checklist" title="Where appropriate, an exception management system is used. " cssFile="guidance.css" Date="2007-12-14T21:15:41.553Z" Author="J.D. Meier, Alex Mackman, Blaine Wastell, Prashant Bansode, Chaitanya Bijwe" Category="Exception Management" filePath="..\Libraries\patterns &amp; practices Library\Checklist Item\240c0dca-70b2-4228-aef3-9b54c9571ec8.xml" Priority="2" Rule_Type="Implementation" Source="patterns &amp; practices Library" Status="Beta" Technology=".NET 2.0" Topic="Security" Type="Checklist Item" xmlns="urn:microsoft:guidanceexplorer:guidanceItem"><content><![CDATA[<H1>Applies to</H1><UL><LI><DIV>.NET 2.0</DIV><DIV></DIV></LI></UL><H1>What to Check For</H1><P>Check to ensure that your application uses a formal exception management system.</P><P></P><H1>How to Fix</H1><P>Consider using a formal exception management system for your application because this can help improve system supportability and maintainability and ensure that you detect, log, and process exceptions in a consistent manner.</P><P>For information about how to create an exception management framework and about best practices for exception management in .NET applications, see: </P><UL><LI>"Exception Management Architecture Guide" in the MSDN Library at <A href="http://msdn2.microsoft.com/en-us/library/ms954599.aspx">http://msdn.microsoft.com/library/en-us/dnbda/html/exceptdotnet.asp</A>. <LI>"Exception Handling Application Block" at <A href="http://msdn2.microsoft.com/en-us/library/ms954830.aspx">http://msdn.microsoft.com/library/default.asp?url=/library/en-us/dnpag2/html/ehab.asp</A>.</LI></UL>]]></content></guidanceItem>