﻿<?xml version="1.0" encoding="utf-8"?><guidanceItem id="244b56b8-3db0-44ff-87a3-d1372ff09307" type="checklist" title="Use XPathDocument for faster XSLT transformations." cssFile="guidance.css" Date="2007-12-18T21:17:09.923Z" Author="J.D. Meier, Srinath Vasireddy, Ashish Babbar, and Alex Mackman " Category="XSLT" filePath="..\Libraries\patterns &amp; practices Library\Checklist Item\244b56b8-3db0-44ff-87a3-d1372ff09307.xml" Priority="2" Rule_Type="Implementation" Source="patterns &amp; practices Library" Status="Beta" Technology="XML (.NET 1.1)" Topic="Performance" Type="Checklist Item" xmlns="urn:microsoft:guidanceexplorer:guidanceItem"><content><![CDATA[<H1>Applies to</H1><UL><LI><DIV>XML (.NET 1.1)</DIV></LI></UL><H1>What to Check For</H1><P>Check to ensure that your application uses XPathDocument for faster XSLT transformations.</P><H1>How to Check</H1><P>The<B> XPathDocument</B> class provides a fast, read-only cache for XML document processing by using XSLT. Use this class for optimum performance. The following code fragment shows how to use this class.</P><DIV><PRE>XslTransform xslt = new XslTransform();<BR>xslt.Load(someStylesheet);<BR>XPathDocument doc = new XPathDocument("books.xml");<BR>StringWriter fs = new StringWriter();<BR>xslt.Transform(doc, null, fs, null);</PRE></DIV><H1>Additional Resources</H1><UL><LI><DIV>For more information about XSLT processing, see the following Microsoft Knowledge Base articles: </DIV><UL><LI>325689, "INFO: Performance of XSLT Transformations in the .NET Framework," at <A href="http://support.microsoft.com/default.aspx?scid=kb;en-us;325689">http://support.microsoft.com/default.aspx?scid=kb;en-us;325689</A>. <LI>313997, "INFO: Roadmap for Executing XSLT Transformations in .NET Applications," at <A href="http://support.microsoft.com/default.aspx?scid=kb;en-us;313997">http://support.microsoft.com/default.aspx?scid=kb;en-us;313997</A>. <LI>307322, "HOW TO: Apply an XSL Transformation to an XML Document by Using Visual C# .NET," at <A href="http://support.microsoft.com/default.aspx?scid=kb;en-us;307322">http://support.microsoft.com/default.aspx?scid=kb;en-us;307322</A>. <LI>300929, "HOW TO: Apply an XSL Transformation from an XML Document to an XML Document by Using Visual Basic .NET," at <A href="http://support.microsoft.com/default.aspx?scid=kb;en-us;300929">http://support.microsoft.com/default.aspx?scid=kb;en-us;300929</A>. <LI>320847, "HOW TO: Pipeline XSLT Transformations in .NET Applications," at <A href="http://support.microsoft.com/default.aspx?scid=kb;en-us;320847">http://support.microsoft.com/default.aspx?scid=kb;en-us;320847</A>. </LI></UL></LI></UL>]]></content></guidanceItem>