﻿<?xml version="1.0" encoding="utf-8"?><guidanceItem id="244e058f-b5e6-4503-8929-4dac5e54144c" type="checklist" title="Sensitive data is not logged in the event log." cssFile="guidance.css" Date="2007-12-14T21:16:06.2Z" Author="J.D. Meier, Alex Mackman, Blaine Wastell, Prashant Bansode, Chaitanya Bijwe" Category="Event Log" filePath="..\Libraries\patterns &amp; practices Library\Checklist Item\244e058f-b5e6-4503-8929-4dac5e54144c.xml" Priority="2" Rule_Type="Implementation" Source="patterns &amp; practices Library" Status="Beta" Technology=".NET 2.0" Topic="Security" Type="Checklist Item" xmlns="urn:microsoft:guidanceexplorer:guidanceItem"><content><![CDATA[<H1>Applies to</H1><UL><LI><DIV>.NET 2.0</DIV><DIV></DIV></LI></UL><H1>What to Check For</H1><P>Check to ensure that sensitive data such as passwords, credit card numbers, or user IDs are not logged in the event log.</P><H1>How to Check</H1><P>Do not log sensitive user information, such as credentials, credit card numbers, or user IDs. When the information has been sent to the log, it can be viewed by anyone with access to the event log. To prevent the disclosure of sensitive data, do not log it in the first place. The event log is a useful location to store application execution information and error information.</P>]]></content></guidanceItem>