﻿<?xml version="1.0" encoding="utf-8"?><guidanceItem id="247e1295-ff1e-4b94-9377-ff448846d0da" type="checklist" title="Do not cache or block on pooled resources." cssFile="guidance.css" Date="2007-12-14T00:18:56.453Z" Author="J.D. Meier, Alex Mackman, Blaine Wastell, Prashant Bansode, Andy Wigley, Kishore Gopalan" Category="Resource Management" filePath="..\Libraries\patterns &amp; practices Library\Checklist Item\247e1295-ff1e-4b94-9377-ff448846d0da.xml" Priority="2" Rule_Type="Implementation" Source="patterns &amp; practices Library" Status="Beta" Technology="ASP.NET 2.0" Topic="Performance" Type="Checklist Item" xmlns="urn:microsoft:guidanceexplorer:guidanceItem"><content><![CDATA[<H1>Applies to</H1><UL><LI><DIV>ASP.NET 2.0</DIV></LI></UL><H1>What to Check For</H1><P>Check to ensure that your application do not caches or blocks on pooled resources.</P><H1>How to Check</H1><P>If your application uses resources that are pooled, release the resource back to the pool. Caching the pooled resources or making blocking calls from a pooled resource reduces the availability of the pooled resource for other users. Pooled resources include database connections, network connections, and Enterprise Services pooled objects.</P>]]></content></guidanceItem>