﻿<?xml version="1.0" encoding="utf-8"?><guidanceItem id="24971f44-a3c8-4d06-8a65-813171b3889f" type="checklist" title="TCP/IP stack is hardened." cssFile="guidance.css" Date="2007-12-15T00:28:25.503Z" Author="J.D. Meier, Srinath Vasireddy, Ashish Babbar, Rico Mariani, and Alex Mackman" Category="IIS Configuration" filePath="..\Libraries\patterns &amp; practices Library\Checklist Item\24971f44-a3c8-4d06-8a65-813171b3889f.xml" Priority="2" Rule_Type="Deployment" Source="patterns &amp; practices Library" Status="Beta" Technology=".NET 1.1" Topic="Security" Type="Checklist Item" xmlns="urn:microsoft:guidanceexplorer:guidanceItem"><content><![CDATA[<H1>Applies to</H1><UL><LI><DIV>.NET 1.1</DIV></LI></UL><H1>What to Check For</H1><P>Check to ensure that TCP/IP stack is hardened.</P><H1>How to Check</H1><P>Windows&nbsp;2000 and Windows Server 2003 support the granular control of many parameters that configure its TCP/IP implementation. Some of the default settings are configured to provide server availability and other specific features. </P><P></P><H1>Additional Resources</H1><UL><LI>For information about how to harden the TCP/IP stack see "<A onclick="javascript:Track('ctl00_LibFrame_ctl03&#124;ctl00_LibFrame_ctl19',this);" href="http://msdn2.microsoft.com/en-us/library/aa302363.aspx">How To: Harden&nbsp;the&nbsp;TCP/IP&nbsp;Stack</A>". </LI></UL>]]></content></guidanceItem>