﻿<?xml version="1.0" encoding="utf-8"?><guidanceItem id="24abd9a2-4cf0-45b1-abb2-1ba2b0f24fa6" type="checklist" title="If you use Web services, you also use a message-based stateless programming model." cssFile="guidance.css" Date="2007-12-14T22:52:22.657Z" Author="J.D. Meier, Srinath Vasireddy, Ashish Babbar, Rico Mariani, and Alex Mackman" Category="State Management" filePath="..\Libraries\patterns &amp; practices Library\Checklist Item\24abd9a2-4cf0-45b1-abb2-1ba2b0f24fa6.xml" Priority="2" Rule_Type="Implementation" Source="patterns &amp; practices Library" Status="Beta" Technology=".NET 2.0" Topic="Performance" Type="Checklist Item" xmlns="urn:microsoft:guidanceexplorer:guidanceItem"><content><![CDATA[<H1>Applies to</H1><UL><LI><DIV>.NET 2.0</DIV></LI></UL><H1>What to Check For</H1><P>Check to ensure that your application uses a message-based stateless programming model when using web services.</P><H1>How to Check</H1><P>Stateful Web services signify a RPC or distributed object design. With RPC-style design, a single logical operation can span multiple calls. This type of design often increases round trips and usually requires that state is persisted across multiple calls.</P><P>A message-based approach is usually preferable for Web services. With this approach, the payload serves as a data contract between the client and the server. The client passes the payload to the server. This contains sufficient information to complete a single unit of work. This generally does not require any state to be persisted across calls, and, as a result, this design can be easily scaled out across multiple servers.</P><H1>Additional Resources</H1><UL><LI><DIV>For more information about improving view state efficiency, see "<A href="http://msdn2.microsoft.com/en-us/library/ms998544.aspx#scalenetchapt04&#37;20_topic11">State Management</A>".</DIV></LI><LI><DIV>For more information, see "State Management" in Chapter 10, "<A onclick="javascript:Track('ctl00_rs1_mainContentContainer_ctl00&#124;ctl00_rs1_mainContentContainer_ctl131',this);" href="http://msdn2.microsoft.com/en-us/library/ms998562.aspx">Improving Web Services Performance</A>." </DIV></LI></UL>]]></content></guidanceItem>