﻿<?xml version="1.0" encoding="utf-8"?><guidanceItem id="24bdb158-7624-4e7c-9666-98bb1941ebb8" type="checklist" title="Manage index fragmentation." cssFile="guidance.css" Date="2007-12-18T18:59:53.76Z" Author="J.D. Meier, Srinath Vasireddy, Ashish Babbar, Sharon Bjeletich and Alex Mackman" Category="Deployment Considerations" filePath="..\Libraries\patterns &amp; practices Library\Checklist Item\24bdb158-7624-4e7c-9666-98bb1941ebb8.xml" Priority="2" Rule_Type="Implementation" Source="patterns &amp; practices Library" Status="Beta" Technology="SQL Server 2000" Topic="Performance" Type="Checklist Item" xmlns="urn:microsoft:guidanceexplorer:guidanceItem"><content><![CDATA[<H1>Applies to</H1><UL><LI><DIV>SQL Server 2000</DIV></LI></UL><H1>What to Check For</H1><P>Check to ensure that your application manages index fragmentation.</P><H1>How to Check</H1><P>As data is modified in a system, pages can split, and data can become fragmented or physically scattered on the hard disk. Use the DBCC SHOWCONTIG command to see the density and the degree of fragmentation for an index for a table.</P><P>There are several ways to resolve index fragmentation. </P><UL><LI>Drop and recreate the index. <LI>Use the DBCC DBREINDEX command. <LI>Use the DBCC INDEXDEFRAG command. </LI></UL><P>The first two ways hold locks against the system. Therefore, you should only drop and then recreate an index or use the DBCC DBREINDEX command when there are no users on the system.</P><P>You can use DBCC INDEXDEFRAG when your system is online because it does not lock resources.</P><H1>Additional Resources</H1><UL><LI><P>For more information about the DBCC SHOWCONTIG, DBCC DBREINDEX, and DBCC INDEXDEFRAG commands, see the following "Transact-SQL Reference" topics: </P><UL><LI>"DBCC SHOWCONTIG" at <A href="http://msdn.microsoft.com/library/en-us/tsqlref/ts_dbcc_46cn.asp">http://msdn.microsoft.com/library/en-us/tsqlref/ts_dbcc_46cn.asp</A>. <LI>"DBCC DBREINDEX" at <A href="http://msdn.microsoft.com/library/en-us/tsqlref/ts_dbcc_94mw.asp">http://msdn.microsoft.com/library/en-us/tsqlref/ts_dbcc_94mw.asp</A>. <LI>"DBCC INDEXDEFRAG" at <A href="http://msdn.microsoft.com/library/en-us/tsqlref/ts_dbcc_30o9.asp">http://msdn.microsoft.com/library/en-us/tsqlref/ts_dbcc_30o9.asp</A>. </LI></UL></LI></UL>]]></content></guidanceItem>