﻿<?xml version="1.0" encoding="utf-8"?><guidanceItem id="24dfd33b-9d77-4c0c-bbfc-6281b5d91330" type="checklist" title="Use IIS to Host Your WCF Service Wherever Possible" cssFile="guidance.css" Date="2008-06-27T15:29:28.777Z" Author="J.D. Meier, Jason Taylor, Prashant Bansode, Carlos Farre, Madhu Sundararajan, Rob Boucher, Steve Gregersen" Category="Deployment Considerations" filePath="..\Libraries\patterns &amp; practices Library\Checklist Item\24dfd33b-9d77-4c0c-bbfc-6281b5d91330.xml" Priority="2" Rule_Type="Deployment" Source="patterns &amp; practices Library" Status="Release" Technology="WCF 3.5" Topic="Security" Type="Checklist Item" xmlns="urn:microsoft:guidanceexplorer:guidanceItem"><content><![CDATA[<H1>Applies to</H1><UL><LI>Microsoft&#174; Windows Communication Foundation (WCF) 3.5 <LI>Microsoft Visual Studio&#174; 2008</LI></UL><H1>What to Check For</H1><P>Check to ensure that you use IIS to host your WCF service wherever possible.</P>

]]></content></guidanceItem>