﻿<?xml version="1.0" encoding="utf-8"?><guidanceItem id="24f3e287-809c-4172-9cfc-45b09bb54fb0" type="checklist" title="Null sessions (anonymous logons) are restricted." cssFile="guidance.css" Date="2007-12-18T18:23:16.233Z" Author="J.D. Meier, Alex Mackman, Michael Dunner, Srinath Vasireddy, Ray Escamilla and Anandha Murukan" Category="Deployment Considerations" filePath="..\Libraries\patterns &amp; practices Library\Checklist Item\24f3e287-809c-4172-9cfc-45b09bb54fb0.xml" Priority="2" Rule_Type="Deployment" Source="patterns &amp; practices Library" Status="Beta" Technology="SQL Server 2000" Topic="Security" Type="Checklist Item" xmlns="urn:microsoft:guidanceexplorer:guidanceItem"><content><![CDATA[<H1>Applies to</H1><UL><LI><DIV>SQL Server 2000 </DIV><LI><DIV>Windows 2000 Server</DIV><DIV></DIV></LI></UL><H1>What to Check For</H1><P>Check to ensure that null sessions are restricted to prevent anonymous access.</P><P></P><H1>How to Fix</H1><P>To prevent anonymous access, disable null sessions. These are unauthenticated or anonymous sessions established between two computers. Unless null sessions are disabled, an attacker can connect to your server anonymously, that is, without requiring authentication.</P><P>As soon as an attacker establishes a null session, a variety of attacks can be performed, including enumeration used to obtain system-related information from the target computer. The type of information that can be returned over a null session includes domain and trust details, shares, user information including groups and user rights, registry keys, and more. Disable them because they represent a significant security threat.</P><P>Restrict null sessions by setting RestrictAnonymous=1 in the registry at the following location.</P><DIV><PRE>HKLM\System\CurrentControlSet\Control\LSA\RestrictAnonymous=1</PRE></DIV><H1>Additional Resources</H1><UL><LI>For more information, see Microsoft Knowledge Base article 246261, "How To: Use the RestrictAnonymous Registry Value in Windows&nbsp;2000." at <A href="http://support.microsoft.com/kb/246261">http://support.microsoft.com/kb/246261</A>&nbsp;</LI></UL>]]></content></guidanceItem>