﻿<?xml version="1.0" encoding="utf-8"?><guidanceItem id="24fe4a03-d01f-4e46-888d-ae4bac97d963" type="checklist" title="PasswordDeriveBytes is used for password-based encryption." cssFile="guidance.css" Date="2007-12-14T21:33:01.46Z" Author="J.D. Meier, Alex Mackman, Blaine Wastell, Prashant Bansode, Chaitanya Bijwe" Category="Cryptography" filePath="..\Libraries\patterns &amp; practices Library\Checklist Item\24fe4a03-d01f-4e46-888d-ae4bac97d963.xml" Priority="2" Rule_Type="Implementation" Source="patterns &amp; practices Library" Status="Beta" Technology=".NET 2.0" Topic="Security" Type="Checklist Item" xmlns="urn:microsoft:guidanceexplorer:guidanceItem"><content><![CDATA[<H1>Applies to</H1><UL><LI><DIV>.NET 2.0</DIV><DIV></DIV></LI></UL><H1>What to Check For</H1><P>Check to ensure that your application uses PasswordDeriveBytes for password-based encryption.</P><P></P><H1>How to Fix</H1><P>The <B>System.Security.Cryptography.DeriveBytes</B> namespace provides <B>PasswordDeriveBytes</B> for use when you encrypt data based on a password the user supplies. To decrypt the data, the user must supply the same password he or she used to encrypt it.</P><P>Note that you should not use this approach for password authentication. Store a password verifier in the form of a hash value with a salt value to authenticate a user's password. Use <B>PasswordDeriveBytes</B> to generate keys for password-based encryption.</P><P><B>PasswordDeriveBytes</B> accepts a password, salt, an encryption algorithm, a hashing algorithm, key size (in bits), and initialization vector data to create a symmetric key to be used for encryption. After the key is used to encrypt the data, clear it from memory but persist the salt and initialization vector. These values should be protected and are needed to regenerate the key for decryption.</P><P>The following code shows how to call <B>PasswordDeriveBytes</B>.</P><DIV><PRE>using System.Security.Cryptography;<BR>...<BR>// Get salt (random bytes)<BR> uisng RNGCryptoServiceProvider.<BR>byte&#91;&#93; salt = new byte&#91;8&#93;;<BR>new RNGCryptoServiceProvider().GetBytes(salt);<BR>// Get the  PasswordDeriveBytes using password and salt<BR>PasswordDeriveBytes passwordBytes = new PasswordDeriveBytes("P&#64;ssword&#33;", salt);<BR>// Create a TripleDESCryptoServiceProvider object.<BR>TripleDESCryptoServiceProvider tdes = new TripleDESCryptoServiceProvider();<BR>// Create the key and add it to the Key property.<BR>tdes.Key = passwordBytes.CryptDeriveKey("TripleDES", "SHA1", 192, tdes.IV);  </PRE></DIV><P>Use the <B>TripleDES</B> object to encrypt and decrypt data</P>]]></content></guidanceItem>