﻿<?xml version="1.0" encoding="utf-8"?><guidanceItem id="253312ec-6289-4f52-aa45-72ad8c1a5143" type="checklist" title="Consider private versus public member variables." cssFile="guidance.css" Date="2007-12-15T00:42:16.577Z" Author="J.D. Meier, Srinath Vasireddy, Ashish Babbar, Rico Mariani, and Alex Mackman" Category="Class Design Considerations" filePath="..\Libraries\patterns &amp; practices Library\Checklist Item\253312ec-6289-4f52-aa45-72ad8c1a5143.xml" Priority="2" Rule_Type="Implementation" Source="patterns &amp; practices Library" Status="Beta" Technology=".NET 1.1" Topic="Performance" Type="Checklist Item" xmlns="urn:microsoft:guidanceexplorer:guidanceItem"><content><![CDATA[<H1>Applies to</H1><UL><LI><DIV>.NET 1.1</DIV></LI></UL><H1>What to Check For</H1><P>Check that the class design in your application considers private versus public member variables.</P><H1>How to Check</H1><P>In addition to the usual visibility concerns, you should also avoid unnecessary public members to prevent any additional serialization overhead when you use the <B>XmlSerializer</B> class, which serializes all public members by default. </P><H1>Additional Resources</H1><UL><LI>For more information about performance testing, see Chapter 5, "<A href="http://msdn2.microsoft.com/en-us/library/ms998547.aspx">Improving Managed Code Performance</A>".</LI></UL>]]></content></guidanceItem>