﻿<?xml version="1.0" encoding="utf-8"?><guidanceItem id="25537176-3130-43d0-8539-a800c03c361f" type="checklist" title="IsPostBack Is Used To Minimize Redundant Processing" cssFile="guidance.css" Date="2007-12-14T01:16:52.36Z" Author="J.D. Meier, Srinath Vasireddy, Ashish Babbar, John Allen and Alex Mackman" Category="Pages" filePath="..\Libraries\patterns &amp; practices Library\Checklist Item\25537176-3130-43d0-8539-a800c03c361f.xml" Priority="2" Rule_Type="Implementation" Source="patterns &amp; practices Library" Status="Beta" Technology="ASP.NET 1.1" Topic="Performance" Type="Checklist Item" xmlns="urn:microsoft:guidanceexplorer:guidanceItem"><content><![CDATA[<H1>Applies to</H1><UL><LI>ASP.NET 1.1&nbsp;</LI></UL><H1>What to Check For</H1>Check that&nbsp;<STRONG>Page.IsPostBack</STRONG> property is used to ensure that page initialization logic is executed only when a page is first loaded and not in response to client post backs. <H1>Why</H1>Usually in page initialization all server controls and data items corresponding to each server control are populated, making it an expensive process. By using the <STRONG>Page.IsPostBack</STRONG> property on each subsequent loading of the page, the redundant action of re-loading the control and corresponding data can be avoided, thus improving the performance of the page. <H1>How to Check</H1><P>Following are the steps&nbsp;for checking the item</P><UL><LI>Identify all the pages which use server controls or&nbsp;pages that explicitly posts back to the server or&nbsp;&nbsp;there is expensive processing during page initialization. <LI>Review the <STRONG>Page_Load</STRONG> method for the identified pages and check if the <STRONG>Page.IsPostBack</STRONG> method is used to differentiate the code to be executed for post back page and newly initialized page.</LI></UL><H1>How to Fix</H1><P>The following code fragment shows how to use the <STRONG>Page.IsPostBack</STRONG> property in the <STRONG>Page_Load</STRONG> method.</P><PRE>if (Page.IsPostBack == false) <BR>&#123;<BR>&nbsp; // Initialization logic<BR>&#125; <BR>else <BR>&#123;<BR>&nbsp; // Client post-back logic<BR>&#125; </PRE><H1>Problem Example</H1><P>In an ASP.NET application data is retrieved and loaded in a data grid at the time of page initialization. The issue with this implementation is that data will be retrieved and reloaded every time the page is reloaded, making the page less efficient.</P><PRE>&lt;&#37;&#64; Import Namespace="System.Data" &#37;&gt;<BR>&lt;&#37;&#64; Import Namespace="System.Data.SqlClient" &#37;&gt;<BR>&lt;html&gt;  <BR>&lt;script language="C#" runat="server"&gt;    <BR>void Page_Load(Object Src, EventArgs E)     <BR>&#123;      <BR>&#9;DataSet dataToBind = new DataSet();      <BR>&#9;SqlConnection myConnection = new SqlConnection("Server=ServerName; <BR>&#9;&#9;&#9;&#9;&#9;database=Pubs; user id=UID; password=PWD;");      <BR>&#9;SqlDataAdapter myCommand = new SqlDataAdapter("select &#42; from Authors", myConnection);      <BR>&#9;myCommand.Fill(dataToBind, "Authors");         <BR>&#9;// Binding the DataView object with DataGrid.      <BR>&#9;MyDataGrid.DataSource = new DataView(dataToBind.Tables&#91;"Authors"&#93;);      <BR>&#9;MyDataGrid.DataBind();    <BR>&#125;  <BR>&lt;/script&gt;  <BR>&lt;body&gt;    <BR>&lt;form method="GET" runat="server"&gt;      <BR>&lt;h3&gt;&lt;font face="Verdana"&gt;Caching Data&lt;/font&gt;&lt;/h3&gt;      <BR>&lt;ASP:DataGrid id="MyDataGrid" runat="server"        <BR>&#9;&#9;&#9;Width="700"        <BR>&#9;&#9;&#9;BackColor="#ccccff"        <BR>&#9;&#9;&#9;BorderColor="black"        <BR>&#9;&#9;&#9;ShowFooter="false"        <BR>&#9;&#9;&#9;CellPadding=3        <BR>&#9;&#9;&#9;CellSpacing="0"        <BR>&#9;&#9;&#9;Font-Name="Verdana"        <BR>&#9;&#9;&#9;Font-Size="8pt"        <BR>&#9;&#9;&#9;HeaderStyle-BackColor="#aaaad" /&gt;     <BR>&lt;p&gt;      <BR>&lt;asp:button id="button1" runat="server"/&gt;    <BR>&lt;/form&gt;  <BR>&lt;/body&gt;<BR>&lt;/html&gt; </PRE><H1>Solution Example</H1><P>In an ASP.NET application data is retrieved and loaded in a data grid at the time of page initialization. The <STRONG>Page.IsPostBack</STRONG> property is checked before initializing the page, thus making the code more efficient.&nbsp; Due to this check, the initialization code will only run the first time the page is loaded.</P><PRE>&lt;&#37;&#64; Import Namespace="System.Data" &#37;&gt;<BR>&lt;&#37;&#64; Import Namespace="System.Data.SqlClient" &#37;&gt;<BR>&lt;html&gt;  <BR>&lt;script language="C#" runat="server"&gt;    <BR>void Page_Load(Object Src, EventArgs E)     <BR>&#123;      <BR>&#9;if (Page.IsPostBack == false)      <BR>&#9;&#123;         <BR>&#9;&#9;DataSet dataToBind = new DataSet();         <BR>&#9;&#9;SqlConnection myConnection = new SqlConnection("Server=ServerName; <BR>&#9;&#9;database=Pubs; user id=UID; password=PWD;");         <BR>&#9;&#9;SqlDataAdapter myCommand = new SqlDataAdapter("select &#42; from Authors", myConnection);         <BR>&#9;&#9;myCommand.Fill(dataToBind, "Authors");               <BR>&#9;&#9;// Binding the DataView object with DataGrid.        <BR>&#9;&#9;MyDataGrid.DataSource = new DataView(dataToBind.Tables&#91;"Authors"&#93;);        <BR>&#9;&#9;MyDataGrid.DataBind();     <BR>&#9;&#125;   <BR>&#125;  <BR>&lt;/script&gt;  <BR>&lt;body&gt;    <BR>&lt;form method="GET" runat="server"&gt;      <BR>&lt;h3&gt;&lt;font face="Verdana"&gt;Caching Data&lt;/font&gt;&lt;/h3&gt;      <BR>&lt;ASP:DataGrid id="MyDataGrid" runat="server"        <BR>&#9;&#9;Width="700"        <BR>&#9;&#9;BackColor="#ccccff"        <BR>&#9;&#9;BorderColor="black"        <BR>&#9;&#9;ShowFooter="false"        <BR>&#9;&#9;CellPadding=3        <BR>&#9;&#9;CellSpacing="0"        <BR>&#9;&#9;Font-Name="Verdana"        <BR>&#9;&#9;Font-Size="8pt"        <BR>&#9;&#9;HeaderStyle-BackColor="#aaaad" /&gt;      <BR>&lt;p&gt;      <BR>&lt;asp:button id="button1" runat="server"/&gt;    <BR>&lt;/form&gt;  <BR>&lt;/body&gt;&lt;/html&gt; </PRE><H1>Additional Resources</H1><UL><LI>For more information "Page.IsPostBack Property" at <A href="http://msdn2.microsoft.com/en-US/library/system.web.ui.page.ispostback(VS.80).aspx">http://msdn2.microsoft.com/en-US/library/system.web.ui.page.ispostback(VS.80).aspx</A> <LI>For more information see "Checklist: ASP.NET Performance" at <A href="http://msdn.microsoft.com/library/default.asp?url=/library/en-us/dnpag/html/ScaleNetCheck03.asp">http://msdn.microsoft.com/library/default.asp?url=/library/en-us/dnpag/html/ScaleNetCheck03.asp</A>&nbsp; <LI>For information on ASP.NET performance see "Chapter 6 &#8212; Improving ASP.NET Performance" at <A href="http://msdn.microsoft.com/library/default.asp?url=/library/en-us/dnpag/html/scalenetchapt06.asp">http://msdn.microsoft.com/library/default.asp?url=/library/en-us/dnpag/html/scalenetchapt06.asp</A></LI></UL><H1>&nbsp;</H1>]]></content></guidanceItem>