﻿<?xml version="1.0" encoding="utf-8"?><guidanceItem id="256936ee-37b5-435a-ac46-f37ce8c018ec" type="checklist" title="Use client-side validation." cssFile="guidance.css" Date="2007-12-18T21:46:33.55Z" Author="J.D. Meier, Srinath Vasireddy, Ashish Babbar, John Allen and Alex Mackman" Category="Pages" filePath="..\Libraries\patterns &amp; practices Library\Checklist Item\256936ee-37b5-435a-ac46-f37ce8c018ec.xml" Priority="2" Rule_Type="Implementation" Source="patterns &amp; practices Library" Status="Beta" Technology="ASP.NET 1.1" Topic="Performance" Type="Checklist Item" xmlns="urn:microsoft:guidanceexplorer:guidanceItem"><content><![CDATA[<H1>Applies to</H1><UL><LI><DIV>ASP.NET 1.1</DIV></LI></UL><H1>What to Check For</H1><P>Check to ensure that your application uses client-side validation to reduce round trips.</P><H1>How to Check</H1><P>Prevalidating data can help reduce the round trips that are required to process a user's request. In ASP.NET, you can use validation controls to implement client-side validation of user input.</P><BLOCKQUOTE><B>Note&nbsp;&nbsp;&nbsp;</B>Ensure that you also use server-side validation for security reasons.</BLOCKQUOTE><H1>Additional Resources</H1><UL><LI><P>For more information on validation controls, see the following: </P><UL><LI>"Web Forms Validation" in <I>Visual Basic and Visual C# Concepts</I> on MSDN at <A href="http://msdn.microsoft.com/library/en-us/vbcon/html/vboriwebformsvalidation.asp">http://msdn.microsoft.com/library/en-us/vbcon/html/vboriWebFormsValidation.asp</A> <LI>Knowledge Base article 316662, "HOW TO: Use ASP.NET Validation Controls from Visual Basic .NET" at <A href="http://support.microsoft.com/default.aspx?scid=kb;en-us;316662">http://support.microsoft.com/default.aspx?scid=kb;en-us;316662</A> </LI></UL></LI></UL>]]></content></guidanceItem>