﻿<?xml version="1.0" encoding="utf-8"?><guidanceItem id="259114de-e658-409a-9bdf-05cc51312bc8" type="checklist" title="The design applies defense in depth to the input validation strategy by providing input validation across tiers." cssFile="guidance.css" Date="2007-12-18T21:25:34.84Z" Author="J.D. Meier, Srinath Vasireddy, Ashish Babbar, John Allen and Alex Mackman" Category="Input and Data Validation" filePath="..\Libraries\patterns &amp; practices Library\Checklist Item\259114de-e658-409a-9bdf-05cc51312bc8.xml" Priority="2" Rule_Type="Design" Source="patterns &amp; practices Library" Status="Beta" Technology="ASP.NET 1.1" Topic="Security" Type="Checklist Item" xmlns="urn:microsoft:guidanceexplorer:guidanceItem"><content><![CDATA[<H1>Applies to</H1><UL><LI><DIV>ASP.NET 1.1</DIV></LI></UL><H1>What to Check For</H1><P>Check to ensure that your application design applies defense in depth to the input validation strategy by providing input validation across tiers.</P><P></P><H1>How to Fix</H1><H3>Constrain, Reject, and Sanitize Your Input</H3><P>The preferred approach to validating input is to constrain what you allow from the beginning. It is much easier to validate data for known valid types, patterns, and ranges than it is to validate data by looking for known bad characters. When you design your application, you know what your application expects. The range of valid data is generally a more finite set than potentially malicious input. However, for defense in depth you may also want to reject known bad input and then sanitize the input. The recommended strategy is shown in the below Figure.</P><P><IMG alt="" src="http://msdn2.microsoft.com/en-us/library/Aa302420.f04thcm04(en-us,MSDN.10).gif" border=0></P><P><B><I>Input validation strategy: constrain, reject, and sanitize input</I></B></P><P>To create an effective input validation strategy, be aware of the following approaches and their tradeoffs: </P><UL><LI><B>Constrain input</B>. <LI><B>Validate data for type, length, format, and range</B>. <LI><B>Reject known bad input</B>. <LI><B>Sanitize input</B>. </LI></UL><H3>Constrain Input</H3><P>Constraining input is about allowing good data. This is the preferred approach. The idea here is to define a filter of acceptable input by using type, length, format, and range. Define what is acceptable input for your application fields and enforce it. Reject everything else as bad data.</P><P>Constraining input may involve setting character sets on the server so that you can establish the canonical form of the input in a localized way.</P><H3>Validate Data for Type, Length, Format, and Range</H3><P>Use strong type checking on input data wherever possible, for example, in the classes used to manipulate and process the input data and in data access routines. For example, use parameterized stored procedures for data access to benefit from strong type checking of input fields.</P><P>String fields should also be length checked and in many cases checked for appropriate format. For example, ZIP codes, personal identification numbers, and so on have well defined formats that can be validated using regular expressions. Thorough checking is not only good programming practice; it makes it more difficult for an attacker to exploit your code. The attacker may get through your type check, but the length check may make executing his favorite attack more difficult.</P><H3>Reject Known Bad Input</H3><P>Deny "bad" data; although do not rely completely on this approach. This approach is generally less effective than using the "allow" approach described earlier and it is best used in combination. To deny bad data assumes your application knows all the variations of malicious input. Remember that there are multiple ways to represent characters. This is another reason why "allow" is the preferred approach.</P><P>While useful for applications that are already deployed and when you cannot afford to make significant changes, the "deny" approach is not as robust as the "allow" approach because bad data, such as patterns that can be used to identify common attacks, do not remain constant. Valid data remains constant while the range of bad data may change over time.</P><H3>Sanitize Input</H3><P>Sanitizing is about making potentially malicious data safe. It can be helpful when the range of input that is allowed cannot guarantee that the input is safe. This includes anything from stripping a null from the end of a user-supplied string to escaping out values so they are treated as literals.</P><P>Another common example of sanitizing input in Web applications is using URL encoding or HTML encoding to wrap data and treat it as literal text rather than executable script. <B>HtmlEncode</B> methods escape out HTML characters, and <B>UrlEncode</B> methods encode a URL so that it is a valid URI request.</P>]]></content></guidanceItem>