﻿<?xml version="1.0" encoding="utf-8"?><guidanceItem id="259d440d-6f27-45bc-b3db-4611d7db3292" type="checklist" title="Extensions not used by the application are mapped to 404.dll (.idq, .htw, .ida, .shtml, .shtm, .stm, idc, .htr, .printer)." cssFile="guidance.css" Date="2007-12-18T19:41:41.207Z" Author="J.D. Meier, Alex Mackman, Michael Dunner, Srinath Vasireddy, Ray Escamilla and Anandha Murukan" Category="IIS Configuration" filePath="..\Libraries\patterns &amp; practices Library\Checklist Item\259d440d-6f27-45bc-b3db-4611d7db3292.xml" Priority="2" Rule_Type="Deployment" Source="patterns &amp; practices Library" Status="Beta" Technology="Web Application" Topic="Security" Type="Checklist Item" xmlns="urn:microsoft:guidanceexplorer:guidanceItem"><content><![CDATA[<H1>Applies to</H1><UL><LI><DIV>Web Application</DIV></LI></UL><H1>What to Check For</H1><P>Check to ensure that the extensions that are&nbsp;not used by the application are mapped to 404.dll.</P><P></P><H1>How to Fix</H1><P>On Windows&nbsp;2000 and Windows Server 2003, the IIS file extensions of interest include: .asp, .asa, .cer, .cdx, .htr, .idc, .shtm, .shtml, .stm, and .printer.</P><P>If you do not use any one of these extensions, map the extension to the 404.dll, which is provided by IISLockdown. For example, if you do not want to serve ASP pages to clients, map .asp to the 404.dll.</P><P>The mappings altered by IISLockdown depend on the server template that you choose: </P><UL><LI><B>Static Web Server</B>. If you run IISLockdown and choose the Static Web server option, then all of the above extensions are mapped to the 404.dll. <LI><B>Dynamic Web Server</B>. If you choose the Dynamic Web server option, which is the preferred option when serving ASP.NET pages, then .htr, .idc, .shtm, .shtml, .stm, and .printer are mapped to the 404.dll, while .asp, .cer, .cdx, and .asa are not. In this case, you should manually map .cer, .cdx, and .asa to the 404.dll. If you are not serving .asp, then you can map that as well. </LI></UL><H3>Why Map to the 404.dll?</H3><P>By mapping file extensions to the 404.dll, you prevent files from being returned and downloaded over HTTP. If you request a file with an extension mapped to the 404.dll, a Web page with the message "HTTP 404 - File not found" is displayed. You are recommended to map unused extensions to the 404.dll rather than deleting the mapping. If you delete a mapping, and a file is mistakenly left on the server (or put there by mistake) it can be displayed in clear text when it is requested because IIS does not know how to process it.</P><P><B>To map a file extension to the 404.dll</B> </P><OL><LI>Start IIS. <LI>Right-click your server name in the left window, and then click <B>Properties</B>. <LI>Ensure that the <B>WWWService</B> is selected in the <B>Master</B> <B>Properties</B> drop-down list, and then click the adjacent <B>Edit</B> button. <LI>Click the <B>Home</B> <B>Directory</B> tab. <LI>Click <B>Configuration</B>. The tabbed page is shown below. <P><IMG alt="" src="http://msdn2.microsoft.com/en-us/library/Aa302432.f16thcm04(en-us,MSDN.10).gif" border=0>&nbsp;</P></LI></OL><P><B><I>Mapping application extensions</I></B> </P><OL><LI>Select one of the extensions from the list, and then click <B>Edit</B>. <LI>Click <B>Browse</B> and navigate to \WINNT\system32\inetsrv\404.dll. <BLOCKQUOTE><B>Note</B>&nbsp;&nbsp;&nbsp;This step assumes that you have previously run IISlockd.exe, as the 404.dll is installed by the IISLockdown tool.</BLOCKQUOTE><LI>Click <B>Open</B>, and then click <B>OK</B>. <LI>Repeat steps 6, 7 and 8 for all of the remaining file extensions. </LI></OL>]]></content></guidanceItem>