﻿<?xml version="1.0" encoding="utf-8"?><guidanceItem id="25e050ab-ac78-434f-ad5e-6774df0cc683" type="checklist" title="Multiple processes (IIS 6.0 application pools) are used for application isolation on Microsoft Windows Server 2003." cssFile="guidance.css" Date="2007-12-14T01:29:54.747Z" Author="J.D. Meier, Srinath Vasireddy, Ashish Babbar, John Allen and Alex Mackman" Category="Deployment Considerations" filePath="..\Libraries\patterns &amp; practices Library\Checklist Item\25e050ab-ac78-434f-ad5e-6774df0cc683.xml" Priority="2" Rule_Type="Deployment" Source="patterns &amp; practices Library" Status="Beta" Technology="ASP.NET 1.1" Topic="Security" Type="Checklist Item" xmlns="urn:microsoft:guidanceexplorer:guidanceItem"><content><![CDATA[<H1>Applies to</H1><UL><LI><DIV>ASP.NET 1.1</DIV></LI></UL><H1>What to Check For</H1><P>If your applications run on Windows&nbsp;Server&nbsp;2003, you can use application pools and configure each application to run in its own worker process that provides process-level isolation.</P><H1>How to Fix</H1><P>By default, all applications run in a default application pool. With application pools, you can configure each process to run using a separate identity and, as a result, you do not need to use impersonation.</P><P><B>To provide process level isolation</B> <OL><LI>Create a set of new Windows accounts, one per application to run each worker process instance. <LI>Configure NTFS permissions for each account to ensure that each account only has access to the appropriate file system files and folders, and cannot access critical resources such as operating system tools. <P>For more information about configuring NTFS permissions for the anonymous account, see Chapter 16,&nbsp;"<A href="http://msdn2.microsoft.com/en-us/library/aa302432.aspx">Securing Your Web Server</A>." </P><LI>Disable Web application impersonation. <P>You can do this in Machine.config or Web.config. To disable impersonation for multiple applications in Machine.config, place<B> &lt;identity&gt;</B> elements inside <B>&lt;location&gt;</B> elements as shown below. <P>Use the following configuration. This configuration does not impersonate. <PRE>&lt;location path="Web Site Name/appvDir1" allowOverride="false" &gt;  &lt;system.web&gt;     &lt;identity impersonate="false"  &lt;/system.web&gt;&lt;/location&gt;</PRE><BLOCKQUOTE><B>Note</B>&nbsp;&nbsp;&nbsp;ASP.NET applications do not impersonate by default.</BLOCKQUOTE><LI>Create new application pools and configure them to run under the new accounts. <P>Use IIS 6 to create new application pools with default settings, and use the accounts created in step 1 to configure the identity of each pool, so that each pool runs using a separate identity. </P><LI>Configure each application to run in its own application pool. <P>On the <B>Directory</B> tab of each IIS application, choose the application pool for the application to run in.</P></LI></OL>]]></content></guidanceItem>