﻿<?xml version="1.0" encoding="utf-8"?><guidanceItem id="25e31e38-8a79-4500-bb8a-d0460e1a1be0" type="checklist" title="Turn Off Authentication for Anonymous Access" cssFile="guidance.css" Date="2007-12-14T01:36:56.563Z" Author="J.D. Meier, Srinath Vasireddy, Ashish Babbar, John Allen and Alex Mackman" Category="Security Considerations" filePath="..\Libraries\patterns &amp; practices Library\Checklist Item\25e31e38-8a79-4500-bb8a-d0460e1a1be0.xml" Priority="2" Rule_Type="Implementation" Source="patterns &amp; practices Library" Status="Beta" Technology="ASP.NET 1.1" Topic="Performance" Type="Checklist Item" xmlns="urn:microsoft:guidanceexplorer:guidanceItem"><content><![CDATA[<H1>Applies to</H1><UL><LI><DIV>ASP.NET 1.1</DIV></LI></UL><H1>What to Check For</H1><P>Check to ensure that your application turns off authentication for anonymous access.</P><H1>How to Check</H1><P>Partition pages that require authenticated access from pages that support anonymous access. To avoid authentication overhead, set the authentication mode to <B>None</B> in the Web.config file in the directory that contains the anonymous pages. The following line shows how to set the authentication mode in the Web.config file.</P><DIV><PRE>&lt;authentication mode="None" /&gt;</PRE></DIV><H1>Additional Resources</H1><UL><LI><DIV><DIV><P>For more information about security-related performance considerations, see the following: </P><UL><LI>"Cryptographic Services" in the <I>.Net Framework Developer's Guide </I>at <A href="http://msdn.microsoft.com/library/en-us/cpguide/html/cpconcryptographicservices.asp">http://msdn.microsoft.com/library/en-us/cpguide/html/cpconcryptographicservices.asp</A> <LI>"Performance Comparison: Security Design Choices" on MSDN at <A href="http://msdn.microsoft.com/library/en-us/dnbda/html/bdadotnetarch15.asp">http://msdn.microsoft.com/library/en-us/dnbda/html/bdadotnetarch15.asp</A> </LI></UL></DIV></DIV></LI></UL>]]></content></guidanceItem>