﻿<?xml version="1.0" encoding="utf-8"?><guidanceItem id="264a5189-b1b7-4565-8797-1ab42ff96e1e" type="checklist" title="File authorization is used with Windows authentication." cssFile="guidance.css" Date="2007-12-13T23:52:52.093Z" Author="J.D. Meier, Alex Mackman, Blaine Wastell, Prashant Bansode, Andy Wigley, Kishore Gopalan" Category="Authorization" filePath="..\Libraries\patterns &amp; practices Library\Checklist Item\264a5189-b1b7-4565-8797-1ab42ff96e1e.xml" Priority="2" Rule_Type="Implementation" Source="patterns &amp; practices Library" Status="Beta" Technology="ASP.NET 2.0" Topic="Security" Type="Checklist Item" xmlns="urn:microsoft:guidanceexplorer:guidanceItem"><content><![CDATA[<H1>Applies to</H1><UL><LI><DIV>ASP.NET 2.0</DIV></LI></UL><H1>What to Check For</H1><P>Check to ensure that your application uses File authorization when using Windows authentication.</P>]]></content></guidanceItem>