﻿<?xml version="1.0" encoding="utf-8"?><guidanceItem id="266e22a7-7e3a-4ace-bfd0-077079b36d29" type="checklist" title="Do not use asynchronous Web methods when you depend on worker threads." cssFile="guidance.css" Date="2007-12-18T20:31:58.507Z" Author="J.D. Meier, Srinath Vasireddy, Ashish Babbar, and Alex Mackman" Category="Asynchronous" filePath="..\Libraries\patterns &amp; practices Library\Checklist Item\266e22a7-7e3a-4ace-bfd0-077079b36d29.xml" Priority="2" Rule_Type="Implementation" Source="patterns &amp; practices Library" Status="Beta" Technology="Web Services (.NET 1.1)" Topic="Performance" Type="Checklist Item" xmlns="urn:microsoft:guidanceexplorer:guidanceItem"><content><![CDATA[<H1>Applies to</H1><UL><LI><DIV>Web Services (.NET 1.1)</DIV></LI></UL><H1>What to Check For</H1><P>Check to ensure that your application does not use asynchronous Web methods when it depends on worker threads.</P><H1>How to Fix</H1><P>You should not implement Web methods when your asynchronous implementation depends upon callbacks or delegates because they use worker threads internally. Although the delegate frees the worker thread processing the request, it uses another worker thread from the process thread pool to execute the method. This is a thread that can be used for processing other incoming requests to the Web service. The result is that you consume a worker thread for the delegate-based operation and you increase context switching.</P><P>Alternatively, you can use synchronous Web methods and decrease the <B>minFreeThreads</B> setting so that the worker threads can take requests and execute them directly.</P><P>In this scenario, you could block the original worker thread by implementing the Web method to run synchronously. An example of the delegate-based implementation is shown in the following code snippet.</P><DIV><PRE>// delegate<BR>public delegate string LengthyProcedureAsyncStub(int milliseconds);<BR>//actual method which is exposed as a web service<BR>&#91;WebMethod&#93;<BR>public string LengthyCall(int milliseconds)<BR>&#123;<BR>   System.Threading.Thread.Sleep(milliseconds);<BR>   return "Hello World";<BR>&#125;<BR>&#91;WebMethod&#93;<BR>public IAsyncResult BeginLengthyCall(int milliseconds,AsyncCallback cb, object s)<BR>&#123;<BR>  LengthyProcedureAsyncStub stub = new LengthyProcedureAsyncStub(LengthyCall);<BR> //using delegate for asynchronous implementation<BR>     return stub.BeginInvoke(milliseconds, cb, null);<BR> &#125;<BR>&#91;System.Web.Services.WebMethod&#93;<BR>public string EndLengthyCall(IAsyncResult call)<BR>&#123;<BR>  return ms.asyncStub.EndInvoke(call);<BR>&#125;</PRE></DIV>]]></content></guidanceItem>