﻿<?xml version="1.0" encoding="utf-8"?><guidanceItem id="26c4fb1f-45a6-4d9b-94f5-0529ce0ce446" type="checklist" title="Use appropriate normalization." cssFile="guidance.css" Date="2007-12-17T08:00:52.77Z" Author="J.D. Meier, Srinath Vasireddy, Ashish Babbar, and Alex Mackman" Category="Design Considerations" filePath="..\Libraries\patterns &amp; practices Library\Checklist Item\26c4fb1f-45a6-4d9b-94f5-0529ce0ce446.xml" Priority="2" Rule_Type="Implementation" Source="patterns &amp; practices Library" Status="Beta" Technology="ADO.NET 1.1" Topic="Performance" Type="Checklist Item" xmlns="urn:microsoft:guidanceexplorer:guidanceItem"><content><![CDATA[<H1>Applies to</H1><UL><LI><DIV>ADO.NET 1.1</DIV></LI></UL><H1>What to Check For</H1><P>Check to ensure that your application uses appropriate normalization as it can affect performance and scalability.</P><H1>How to Check</H1><P>Overnormalization of a database schema can affect performance and scalability. For example, if you program against a fully normalized database, you are often forced to use cross-table joins, subqueries, and data views as data sources. Obtaining the right degree of normalization involves tradeoffs.</P><P>On one hand, you want a normalized database to minimize data duplication, to ensure that data is logically organized, and to help maintain data integrity. On the other hand, it may be harder to program against fully normalized databases, and performance can suffer. Consider the following techniques: </P><UL><LI><B>Start with a normalized model</B>.<B> </B>Start with a normalized model and then de-normalize later. <LI><B>Reduce the cost of joins by repeating certain columns</B>.<B> </B>Deep joins may result in the creation of temporary tables and table scans. To reduce the cost of joining across multiple tables, consider repeating certain columns. <LI><B>Store precomputed results</B>.<B> </B>Consider storing precomputed results, such as subtotals, instead of computing them dynamically for each request.</LI></UL>]]></content></guidanceItem>