﻿<?xml version="1.0" encoding="utf-8"?><guidanceItem id="26d84b9f-8da2-49ca-ace5-9af73d9f3403" type="checklist" title="Design for efficient resource management." cssFile="guidance.css" Date="2007-12-15T00:51:17.753Z" Author="J.D. Meier, Srinath Vasireddy, Ashish Babbar, Rico Mariani, and Alex Mackman" Category="Design Considerations" filePath="..\Libraries\patterns &amp; practices Library\Checklist Item\26d84b9f-8da2-49ca-ace5-9af73d9f3403.xml" Priority="2" Rule_Type="Implementation" Source="patterns &amp; practices Library" Status="Beta" Technology=".NET 1.1" Topic="Performance" Type="Checklist Item" xmlns="urn:microsoft:guidanceexplorer:guidanceItem"><content><![CDATA[<H1>Applies to</H1><UL><LI><DIV>.NET 1.1</DIV></LI></UL><H1>What to Check For</H1><P>Check to ensure that your application is&nbsp;designed for efficient resource management.</P><H1>How to Check</H1><P>Avoid allocating objects and the resources they encapsulate before you need them, and make sure you release them as soon as your code is completely finished with them. This advice applies to all resource types including database connections, data readers, files, streams, network connections, and COM objects. Use <B>finally</B> blocks or Microsoft Visual C#&#174; <B>using</B> statements to ensure that resources are closed or released in a timely fashion, even in the event of an exception. Note that the C# <B>using</B> statement is used only for resources that implement <B>IDisposable</B>; whereas <B>finally</B> blocks can be used for any type of cleanup operations. </P><H1>Additional Resources</H1><UL><LI>For more information about performance testing, see Chapter 5, "<A href="http://msdn2.microsoft.com/en-us/library/ms998547.aspx">Improving Managed Code Performance</A>".</LI></UL>]]></content></guidanceItem>