﻿<?xml version="1.0" encoding="utf-8"?><guidanceItem id="26eec94d-76a6-4a79-94fc-0856641991ad" type="checklist" title="Unsealed public types do not have internal virtual members." cssFile="guidance.css" Date="2007-12-15T00:10:29.763Z" Author="J.D. Meier, Srinath Vasireddy, Ashish Babbar, Rico Mariani, and Alex Mackman" Category="Class Level Checks" filePath="..\Libraries\patterns &amp; practices Library\Checklist Item\26eec94d-76a6-4a79-94fc-0856641991ad.xml" Priority="2" Rule_Type="Implementation" Source="patterns &amp; practices Library" Status="Beta" Technology=".NET 1.1" Topic="Security" Type="Checklist Item" xmlns="urn:microsoft:guidanceexplorer:guidanceItem"><content><![CDATA[<H1>Applies to</H1><UL><LI><DIV>.NET 1.1</DIV></LI></UL><H1>What to Check For</H1><P>Check to ensure that your application does not have any Unsealed public types with internal virtual members.</P>]]></content></guidanceItem>