﻿<?xml version="1.0" encoding="utf-8"?><guidanceItem id="271c304a-b5c4-4149-90a4-aaa91eef4c41" type="checklist" title="If you call COM components, consider calling ReleaseComObject." cssFile="guidance.css" Date="2007-12-18T06:42:51.243Z" Author="J.D. Meier, Srinath Vasireddy, Ashish Babbar, and Alex Mackman " Category="Resource Management" filePath="..\Libraries\patterns &amp; practices Library\Checklist Item\271c304a-b5c4-4149-90a4-aaa91eef4c41.xml" Priority="2" Rule_Type="Implementation" Source="patterns &amp; practices Library" Status="Beta" Technology="Enterprise Services (.NET 1.1)" Topic="Performance" Type="Checklist Item" xmlns="urn:microsoft:guidanceexplorer:guidanceItem"><content><![CDATA[<H1>Applies to</H1><UL><LI><DIV>Enterprise Services (.NET 1.1)</DIV></LI></UL><H1>What to Check For</H1><P>Check to ensure that your application considers calling ReleaseComObject&nbsp;when it calls COM components.</P><H1>How to Check</H1><P>Consider calling <B>ReleaseComObject</B> if you call COM components. Examples include hosting COM objects in COM&#43; and calling them from Enterprise Services or calling them directly from a managed client, such as ASP.NET. <B>Marshal.ReleaseComObject</B> helps release the COM object as soon as possible. Under load, garbage collection (and finalization) might not occur soon enough and performance might suffer.</P><P><B>ReleaseComObject</B> decrements the reference count of the RCW, which itself maintains a reference count on the underlying COM object. When the RCW's internal reference count goes to zero, the underlying COM object is released.</P><H2>Calling ReleaseComObject</H2><P>Consider the following scenarios where you might need to call <B>ReleaseComObject</B>: </P><UL><LI>ASP.NET calling a COM component hosted in unmanaged COM&#43;. The ASP.NET code should call <B>ReleaseComObject</B> when it has finished using the component. <LI>ASP.NET calling a serviced component that wraps and internally calls a COM component. In this case, you should implement <B>Dispose</B> in your serviced component and your <B>Dispose</B> method should call <B>ReleaseComObject</B>. The ASP.NET code should call your serviced component's <B>Dispose</B> method. <LI>Using a Queued Component recorder proxy or an LCE event class. In both cases, you are invoking unmanaged COM&#43; code. </LI></UL><BLOCKQUOTE><B>Note&nbsp;&nbsp;&nbsp;</B>If you call <B>ReleaseComObject</B> before all clients have finished using the COM object, an exception will be generated, if the object is subsequently accessed.</BLOCKQUOTE><H2>Marshal.Release</H2><P>Calling the <B>Marshal.Release</B> method is unnecessary unless you manually manage object lifetime using <B>Marshal.AddRef</B>. It is also applicable when you call <B>Marshal.GetComInterfaceForObject</B>, <B>Marshal.GetIUnknownForObject</B>, or <B>Marshal.GetIDispatchForObject</B> to obtain an <B>IUnknown</B> interface pointer.</P><H1>Additional Resources</H1><UL><LI>For more information about calling <B>ReleaseComObject</B> when you reference regular COM components (nonserviced) through COM interop, see "Marshal.ReleaseComObject" in Chapter 7, "<A href="http://msdn2.microsoft.com/en-us/library/ms998551.aspx">Improving Interop Performance</A>"</LI></UL>]]></content></guidanceItem>