﻿<?xml version="1.0" encoding="utf-8"?><guidanceItem id="2721ee03-4670-422f-8efc-4ac9f2579ddc" type="checklist" title="Except where necessary, APTCA usage is avoided." cssFile="guidance.css" Date="2007-12-14T21:15:12.823Z" Author="J.D. Meier, Alex Mackman, Blaine Wastell, Prashant Bansode, Chaitanya Bijwe" Category="APTCA" filePath="..\Libraries\patterns &amp; practices Library\Checklist Item\2721ee03-4670-422f-8efc-4ac9f2579ddc.xml" Priority="2" Rule_Type="Implementation" Source="patterns &amp; practices Library" Status="Beta" Technology=".NET 2.0" Topic="Security" Type="Checklist Item" xmlns="urn:microsoft:guidanceexplorer:guidanceItem"><content><![CDATA[<H1>Applies to</H1><UL><LI><DIV>.NET 2.0</DIV><DIV></DIV></LI></UL><H1>What to Check For</H1><P>Check to ensure that APTCA usage is avoided, except where necessary as it increases the attack surface and exposes your code to partial trust callers.</P><P></P><H1>How to Fix</H1><P>You can override the link demand for full trust by adding the <B>AllowPartiallyTrustedCallersAttribute</B> (APTCA) to your assembly, as shown below, but you should do so only when it is absolutely necessary.</P><P>Use of APTCA increases the attack surface and exposes your code to partial trust callers.</P><P>Use APTCA only if both of the following conditions apply: </P><UL><LI>You specifically want partially trusted callers to use your strong named assembly. For example, you might need an application running on a file share to access your assembly located in the global assembly cache. However, do not open up an attack surface with APTCA if you only want fully trusted callers to use your code. <LI>You have performed a thorough security code review, and your code has been rigorously audited for security vulnerabilities. Examine the resource access and other privileged operations performed by your assembly, and consider authorizing access to these operations by using other code access security demands. </LI></UL><P>The APTCA attribute is shown below.</P><DIV><PRE> &#91;assembly: AllowPartiallyTrustedCallersAttribute()&#93;</PRE></DIV>]]></content></guidanceItem>