﻿<?xml version="1.0" encoding="utf-8"?><guidanceItem id="273cc466-af3d-4f4b-9ed9-713f4c7f3f10" type="checklist" title="Set the connection string Enlist property to false." cssFile="guidance.css" Date="2007-12-17T07:10:29.63Z" Author="J.D. Meier, Srinath Vasireddy, Ashish Babbar, and Alex Mackman" Category="Transactions" filePath="..\Libraries\patterns &amp; practices Library\Checklist Item\273cc466-af3d-4f4b-9ed9-713f4c7f3f10.xml" Priority="2" Rule_Type="Implementation" Source="patterns &amp; practices Library" Status="Beta" Technology="ADO.NET 1.1" Topic="Performance" Type="Checklist Item" xmlns="urn:microsoft:guidanceexplorer:guidanceItem"><content><![CDATA[<H1>Applies to</H1><UL><LI><DIV>ADO.NET 1.1</DIV></LI></UL><H1>What to Check For</H1><P>Check to ensure that your application sets the Enlist property to False in its connection string.</P><H1>How to Check</H1><P>A pooled transactional object must enlist its connection into the current transaction manually. To enable it to do so, you must disable automatic transaction enlistment by setting the connection string <B>Enlist</B> property to <B>False</B>.</P><BLOCKQUOTE><B>Note</B> This applies to a <B>SqlConnection</B>. For an <B>OleDbConnection</B>, you need to set <B>OLE</B> <B>DB Services=-7</B> as a connection string parameter.</BLOCKQUOTE><P>Pooled components that maintain database connections might be used in different transactions by separate clients. A pooled transactional object must be able to determine if it is activated in a new transaction that is different from the last time it was activated.</P><P>Each time a pooled transactional object is activated, it should check for the presence of a COM&#43; transaction in its context by examining <B>ContextUtil.Transaction</B>. If a transaction is present and the connection is not already enlisted, the object should enlist its connection manually by calling the <B>EnlistDistributedTransaction</B> method of the <B>Connection</B> object.</P><H1>Additional Resources</H1><UL><LI>For more information about transaction options and how to analyze transaction performance, see the following resources on MSDN: <UL><LI>"Performance Comparison: Transaction Control" at <A href="http://msdn.microsoft.com/library/default.asp?url=/library/en-us/dnbda/html/bdadotnetarch13.asp">http://msdn.microsoft.com/library/default.asp?url=/library/en-us/dnbda/html/bdadotnetarch13.asp</A> <LI>"Implementing Database Transactions with Microsoft .NET" at <A href="http://msdn.microsoft.com/library/default.asp?url=/library/en-us/dnbda/html/psent.asp">http://msdn.microsoft.com/library/default.asp?url=/library/en-us/dnbda/html/psent.asp</A> </LI></UL><LI>For more information about enlisting a pooled object in a distributed transaction, see "Enlisting in a Distributed Transaction" in the <I>.NET Framework Developer's Guide</I> at <A href="http://msdn.microsoft.com/library/default.asp?url=/library/en-us/cpguide/html/cpconenlistingindistributedtransaction.asp">http://msdn.microsoft.com/library/default.asp?url=/library/en-us/cpguide/html/cpconenlistingindistributedtransaction.asp</A>.</LI></UL>]]></content></guidanceItem>