﻿<?xml version="1.0" encoding="utf-8"?><guidanceItem id="27cb4ca0-59f5-4d02-928f-561e8c85b16b" type="checklist" title="Connect by using service accounts." cssFile="guidance.css" Date="2007-12-17T07:17:07.433Z" Author="J.D. Meier, Srinath Vasireddy, Ashish Babbar, and Alex Mackman" Category="Design Considerations" filePath="..\Libraries\patterns &amp; practices Library\Checklist Item\27cb4ca0-59f5-4d02-928f-561e8c85b16b.xml" Priority="2" Rule_Type="Implementation" Source="patterns &amp; practices Library" Status="Beta" Technology="ADO.NET 1.1" Topic="Performance" Type="Checklist Item" xmlns="urn:microsoft:guidanceexplorer:guidanceItem"><content><![CDATA[<H1>Applies to</H1><UL><LI><DIV>ADO.NET 1.1</DIV></LI></UL><H1>What to Check For</H1><P>Check to ensure that your application uses service accounts when connecting to databases.</P><H1>How to Check</H1><P>There are several ways to authenticate and to open a connection to the database. You can use SQL authentication that has an identity specified in the connection string. Or, you can use Windows authentication by using the process identity, by using a specific service identity, or by impersonating the original caller's identity.</P><P>From a security perspective, you should use Windows authentication. From a performance perspective, you should use a fixed service account and avoid impersonation. The fixed service account is typically the process account of the application. By using a fixed service account and a consistent connection string, you help ensure that database connections are pooled efficiently. You also help ensure that the database connections are shared by multiple clients. Using a fixed service account and a consistent connection string is a major factor in helping application scalability.</P><H1>Additional Resources</H1><UL><LI><P>For more information, see "The Trusted Subsystem Model" in the "Authentication and Authorization" chapter of "Building Secure ASP.NET Applications: Authentication, Authorization and Secure Communication" on MSDN at <A href="http://msdn.microsoft.com/library/en-us/dnnetsec/html/secnetch03.asp">http://msdn.microsoft.com/library/en-us/dnnetsec/html/SecNetch03.asp</A>. This chapter explains how to use service accounts or process identity to connect to a database. You can also use the chapter to learn about the advantages and disadvantages of Windows and SQL authentication.</P></LI></UL>]]></content></guidanceItem>