﻿<?xml version="1.0" encoding="utf-8"?><guidanceItem id="27cc9ead-41ec-453b-8418-ab88c97a34dd" type="checklist" title="Personalization cookies are separate from authentication cookies" cssFile="guidance.css" Date="2007-12-14T01:43:25.44Z" Author="J.D. Meier, Srinath Vasireddy, Ashish Babbar, John Allen and Alex Mackman" Category="Authentication" filePath="..\Libraries\patterns &amp; practices Library\Checklist Item\27cc9ead-41ec-453b-8418-ab88c97a34dd.xml" Priority="2" Rule_Type="Implementation" Source="patterns &amp; practices Library" Status="Beta" Technology="ASP.NET 1.1" Topic="Security" Type="Checklist Item" xmlns="urn:microsoft:guidanceexplorer:guidanceItem"><content><![CDATA[<H1>Applies to</H1><UL><LI><DIV>ASP.NET 1.1</DIV></LI></UL><H1>What to Check For</H1><P>Check to ensure that your application separates user-specific personalization cookies and authentication cookies.</P><H1>How to Check</H1><P>Keep personalization cookies that contain user-specific preferences and non-sensitive data separate from authentication cookies. A stolen personalization cookie might not represent a security threat, whereas an attacker can use a stolen authentication cookie to gain access to your application.</P>]]></content></guidanceItem>