﻿<?xml version="1.0" encoding="utf-8"?><guidanceItem id="2819355a-b59b-4e20-accf-a6c48fd013a5" type="checklist" title="Support paging over large result sets." cssFile="guidance.css" Date="2007-12-17T07:25:48.893Z" Author="J.D. Meier, Srinath Vasireddy, Ashish Babbar, and Alex Mackman" Category="Commands" filePath="..\Libraries\patterns &amp; practices Library\Checklist Item\2819355a-b59b-4e20-accf-a6c48fd013a5.xml" Priority="2" Rule_Type="Implementation" Source="patterns &amp; practices Library" Status="Beta" Technology="ADO.NET 1.1" Topic="Performance" Type="Checklist Item" xmlns="urn:microsoft:guidanceexplorer:guidanceItem"><content><![CDATA[<H1>Applies to</H1><UL><LI><DIV>ADO.NET 1.1</DIV></LI></UL><H1>What to Check For</H1><P>Check to ensure&nbsp;that your application uses paging when retrieving large result sets.</P><H1>How to Check</H1><P>If you have a large result set that contains many rows of data, consider whether you can implement a paging technique to batch the retrieval of data. Batching the retrieval of data helps to reduce database server load, to reduce network traffic, and to put fewer memory requirements on the data access client.</P>]]></content></guidanceItem>