﻿<?xml version="1.0" encoding="utf-8"?><guidanceItem id="28516d8e-1527-4732-b3cc-2450f56a8bab" type="checklist" title="Access heavily used data at the end of the transaction." cssFile="guidance.css" Date="2007-12-18T18:08:44.74Z" Author="J.D. Meier, Srinath Vasireddy, Ashish Babbar, Sharon Bjeletich and Alex Mackman" Category="Transactions" filePath="..\Libraries\patterns &amp; practices Library\Checklist Item\28516d8e-1527-4732-b3cc-2450f56a8bab.xml" Priority="2" Rule_Type="Implementation" Source="patterns &amp; practices Library" Status="Beta" Technology="SQL Server 2000" Topic="Performance" Type="Checklist Item" xmlns="urn:microsoft:guidanceexplorer:guidanceItem"><content><![CDATA[<H1>Applies to</H1><UL><LI><DIV>SQL Server 2000</DIV></LI></UL><H1>What to Check For</H1><P>Check to ensure that your application&nbsp;access the heavily used data at the end of the transaction.</P><H1>How to Check</H1><P>Try to put all the read operations in a transaction at the beginning, put the write operations at the end, and put the most contentious resources at the very end. This ensures that the shortest locks are held against the resources that are most often used by others. Creating your transactions in this way helps limit blocking of other transactions.</P><H1>Additional Resources</H1><UL><LI>For more information&nbsp;see "<A href="http://msdn2.microsoft.com/en-us/library/ms998577.aspx">Improving SQL Server Performance</A>".</LI></UL>]]></content></guidanceItem>