﻿<?xml version="1.0" encoding="utf-8"?><guidanceItem id="288faa85-50ac-4c78-bf9a-68984a783be6" type="checklist" title="The ISerializable interface or the NonSerialized attribute are used to control serialization of sensitive data." cssFile="guidance.css" Date="2007-12-14T21:09:29.77Z" Author="J.D. Meier, Alex Mackman, Blaine Wastell, Prashant Bansode, Chaitanya Bijwe" Category="Serialization" filePath="..\Libraries\patterns &amp; practices Library\Checklist Item\288faa85-50ac-4c78-bf9a-68984a783be6.xml" Priority="2" Rule_Type="Implementation" Source="patterns &amp; practices Library" Status="Beta" Technology=".NET 2.0" Topic="Security" Type="Checklist Item" xmlns="urn:microsoft:guidanceexplorer:guidanceItem"><content><![CDATA[<H1>Applies to</H1><UL><LI><DIV>.NET 2.0</DIV><DIV></DIV></LI></UL><H1>What to Check For</H1><P>Check to ensure that your application avoids serializing the fields in the classes that contain the sensitive data.</P><P></P><H1>How to Fix</H1><P>Either implement <B>ISerializable</B> to control the serialization behavior or decorate fields that contain sensitive data with the &#91;<B>NonSerialized</B>&#93; attribute. By default, all private and public fields are serialized. This is important because serialization places the data in memory, often in preparation for sending it over a network, making it easier for an attacker to gain access to it.</P><P>The following example shows how to use the <B>&#91;NonSerialized&#93;</B> attribute to ensure that a specific field which contains sensitive data cannot be serialized.</P><DIV><PRE> &#91;Serializable&#93;public class Employee<BR> &#123;<BR>  // OK for name to be serialized  private string name;<BR>  // Prevent salary being serialized<BR> &#91;NonSerialized&#93;<BR> private double annualSalary;<BR>  . . .<BR>&#125;</PRE></DIV><P>Alternatively, implement the <B>ISerializable</B> interface and explicitly control the serialization process. If you must serialize the sensitive item or items of data, consider encrypting the data first. The code that de-serializes your object must have access to the decryption key.</P>]]></content></guidanceItem>