﻿<?xml version="1.0" encoding="utf-8"?><guidanceItem id="28a09e93-3f25-4511-82dc-d3686fa74c34" type="checklist" title="Assembly file I/O requirements are specified using declarative security attributes " cssFile="guidance.css" Date="2007-12-15T00:24:03.857Z" Author="J.D. Meier, Srinath Vasireddy, Ashish Babbar, Rico Mariani, and Alex Mackman" Category="File I/O" filePath="..\Libraries\patterns &amp; practices Library\Checklist Item\28a09e93-3f25-4511-82dc-d3686fa74c34.xml" Priority="2" Rule_Type="Implementation" Source="patterns &amp; practices Library" Status="Beta" Technology=".NET 1.1" Topic="Security" Type="Checklist Item" xmlns="urn:microsoft:guidanceexplorer:guidanceItem"><content><![CDATA[<H1>Applies to</H1><UL><LI><DIV>.NET 1.1</DIV></LI></UL><H1>What to Check For</H1><P>Check to ensure that your application specifies assembly file I/O requirements by using declarative security attributes&nbsp;like&nbsp;SecurityAction.RequestMinimum.</P><P></P><H1>How to Fix</H1><P>To help the administrator, if you know your assembly's precise file I/O requirements at build time (for example, you know directory names), declare your assembly's <B>FileIOPermission</B> requirements by using a declarative permission request as shown in the following example.</P><DIV><PRE>&#91;assembly: FileIOPermission(SecurityAction.RequestMinimum, Read=&#64;"C:\YourAppDir")&#93;</PRE></DIV><P>The administration can see this attribute by using permview.exe. The additional advantage of using <B>SecurityAction.RequestMinimum</B> is that the assembly fails to load if it is not granted sufficient permissions. This is preferable to a runtime security exception.</P>]]></content></guidanceItem>