﻿<?xml version="1.0" encoding="utf-8"?><guidanceItem id="28a58a3d-7d72-43c8-a608-d0c36fdcc89b" type="checklist" title="Use Windows authentication." cssFile="guidance.css" Date="2007-12-17T07:58:53.767Z" Author="J.D. Meier, Srinath Vasireddy, Ashish Babbar, and Alex Mackman" Category="Design Considerations" filePath="..\Libraries\patterns &amp; practices Library\Checklist Item\28a58a3d-7d72-43c8-a608-d0c36fdcc89b.xml" Priority="2" Rule_Type="Implementation" Source="patterns &amp; practices Library" Status="Beta" Technology="ADO.NET 1.1" Topic="Performance" Type="Checklist Item" xmlns="urn:microsoft:guidanceexplorer:guidanceItem"><content><![CDATA[<H1>Applies to</H1><UL><LI><DIV>ADO.NET 1.1</DIV></LI></UL><H1>What to Check For</H1><P>Check to ensure that your application uses Windows authentication when connecting to SQL server.</P><H1>How to Check</H1><P>From a security perspective, you should use Windows authentication to connect to Microsoft SQL Server. There are several advantages to using Windows authentication. For example, credentials are not passed over the network, database connection strings do not contain credentials, and you can apply standard Windows security policies to accounts. For example, you can enforce use of strong passwords and apply password expiration periods.</P><P>From a performance perspective, SQL authentication is slightly faster than Windows authentication, but connection pooling helps minimize the difference. You also need to help protect the credentials in the connection string and in transit between your application and the database. Helping to protect the credentials adds to the overhead and minimizes the performance difference.</P><BLOCKQUOTE><B>Note&nbsp;&nbsp;&nbsp;</B>Generally, local accounts are faster than domain accounts when you use Windows authentication. However, the performance saving needs to be balanced with the administration benefits of using domain accounts.</BLOCKQUOTE>]]></content></guidanceItem>