﻿<?xml version="1.0" encoding="utf-8"?><guidanceItem id="292648fa-5b53-48a3-a598-e176c1621bce" type="checklist" title="The Web site is partitioned into public access areas and restricted areas that require authentication access. " cssFile="guidance.css" Date="2007-12-14T00:06:06.233Z" Author="J.D. Meier, Alex Mackman, Blaine Wastell, Prashant Bansode, Andy Wigley, Kishore Gopalan" Category="Design Considerations" filePath="..\Libraries\patterns &amp; practices Library\Checklist Item\292648fa-5b53-48a3-a598-e176c1621bce.xml" Priority="2" Rule_Type="Design" Source="patterns &amp; practices Library" Status="Beta" Technology="ASP.NET 2.0" Topic="Security" Type="Checklist Item" xmlns="urn:microsoft:guidanceexplorer:guidanceItem"><content><![CDATA[<H1>Applies to</H1><UL><LI><DIV>ASP.NET 2.0</DIV></LI></UL><H1>What to Check For</H1><P>Check to ensure that your web site is partitioned so that secure pages that require authenticated access are placed in a subdirectory that is separate from the anonymously accessible pages and navigation between these areas should not flow sensitive credentials information.</P>]]></content></guidanceItem>