﻿<?xml version="1.0" encoding="utf-8"?><guidanceItem id="2939541d-2a89-4f64-bbb0-e55ca7909aba" type="checklist" title="If you store role information in a custom store" cssFile="guidance.css" Date="2008-06-27T15:26:56.437Z" Author="J.D. Meier, Jason Taylor, Prashant Bansode, Carlos Farre, Madhu Sundararajan, Rob Boucher, Steve Gregersen" Category="Authorization" filePath="..\Libraries\patterns &amp; practices Library\Checklist Item\2939541d-2a89-4f64-bbb0-e55ca7909aba.xml" Priority="2" Rule_Type="Implementation" Source="patterns &amp; practices Library" Status="Release" Technology="WCF 3.5" Topic="Security" Type="Checklist Item" xmlns="urn:microsoft:guidanceexplorer:guidanceItem"><content><![CDATA[<H1>Applies to</H1><UL><LI>Microsoft&#174; Windows Communication Foundation (WCF) 3.5 <LI>Microsoft Visual Studio&#174; 2008</LI></UL><H1>What to Check For</H1><P>Check to ensure that your service stores role information in a custom store.</P>

]]></content></guidanceItem>