﻿<?xml version="1.0" encoding="utf-8"?><guidanceItem id="29d71e12-05de-413b-b55d-aca4876e0690" type="checklist" title="Thread Pool Is Tuned By Using The formula To Reduce Contention" cssFile="guidance.css" Date="2007-12-14T01:20:07.34Z" Author="J.D. Meier, Srinath Vasireddy, Ashish Babbar, John Allen and Alex Mackman" Category="Threading" filePath="..\Libraries\patterns &amp; practices Library\Checklist Item\29d71e12-05de-413b-b55d-aca4876e0690.xml" Priority="2" Rule_Type="Deployment" Source="patterns &amp; practices Library" Status="Beta" Technology="ASP.NET 1.1" Topic="Performance" Type="Checklist Item" xmlns="urn:microsoft:guidanceexplorer:guidanceItem"><content><![CDATA[<H1>Applies to</H1><UL><LI>ASP.NET 1.1&nbsp;</LI></UL><H1>What to Check For</H1><P>Check that ASP.NET thread pool is tuned using <STRONG>maxWorkerThreads</STRONG>, <STRONG>minWorkerThreads</STRONG>, <STRONG>maxIoThreads</STRONG>, <STRONG>minFreeThreads</STRONG>, <STRONG>minLocalRequestFreeThreads</STRONG> and <STRONG>maxconnection</STRONG> attributes in Machine.config file for reducing contention. </P><H1>Why</H1>When your application uses the common language runtime (CLR) thread pool, it is important to tune the thread pool to avoid contention issues, performance problems, and possible deadlocks. <H1>How to Check</H1>Check the following attributes <STRONG>maxWorkerThreads</STRONG>, <STRONG>minWorkerThreads</STRONG>, <STRONG>maxIoThreads</STRONG>, <STRONG>minFreeThreads</STRONG>, <STRONG>minLocalRequestFreeThreads </STRONG>and <STRONG>maxconnection</STRONG> in Machine.config file and check if the default setting has been modified, if not then the Thread Pool has not been tuned. Here are the default settings.<PRE>&lt;/system.net&gt;...   <BR>&lt;connectionManagement&gt;      <BR>&#9;&lt;add address="&#42;" maxconnection="2" /&gt;   <BR>&lt;/connectionManagement&gt;....<BR>&lt;/system.net&gt;<BR>&lt;system.web&gt;...   <BR>&#9;&lt;httpRuntime minFreeThreads="8" minLocalRequestFreeThreads="4" ... /&gt;   ....   <BR>&lt;processModel maxWorkerThreads="20" maxIoThreads="20" ... /&gt;   ....<BR>&lt;/.system.web&gt;</PRE><H1>How to Fix</H1><P>Use the following formula for calculating recommended values for each attribute&nbsp;to reduce contention. Apply the recommended changes that are described below, across the settings and not in isolation.&nbsp; </P><P><TABLE><TBODY><TR><TD><STRONG>Configuration setting</STRONG></TD><TD><STRONG>Default value (.NET Framework 1.1)</STRONG></TD><TD><STRONG>Recommended value</STRONG></TD></TR><TR><TD>maxconnection</TD><TD>2</TD><TD>12 &#42; #CPUs</TD></TR><TR><TD>maxIoThreads</TD><TD>20</TD><TD>100</TD></TR><TR><TD>maxWorkerThreads</TD><TD>20</TD><TD>100</TD></TR><TR><TD>minFreeThreads</TD><TD>8</TD><TD>88 &#42; #CPUs</TD></TR><TR><TD>minLocalRequestFreeThreads</TD><TD>4</TD><TD>76 &#42; #CPUs</TD></TR></TBODY></TABLE></P><P><STRONG>Note</STRONG>&nbsp;&nbsp; The recommendations that are provided in this section are not rules. They are a starting point. Test to determine the appropriate settings for your scenario. If you move your application to a new computer, ensure that you recalculate and reconfigure the settings based on the number of CPUs in the new computer.</P><H1>Problem Example</H1><P>A high traffic ASP.NET application is deployed on a 2 proc machine. When&nbsp;the following performance counters are monitored, it displays low CPU utilization however requests are becoming queued up resulting in low throughput.</P><UL><LI>ASP.NET\Requests Queued <LI>Process\&#37; Processor Time (aspnet_wp.exe or w3wp.exe) </LI></UL><P>The applications configuration settings are as follows:</P><PRE>&lt;/system.net&gt;...   <BR>&#9;&lt;connectionManagement&gt;      <BR>&#9;&#9;&lt;add address="&#42;" maxconnection="2" /&gt;   <BR>&#9;&lt;/connectionManagement&gt;....<BR>&lt;/system.net&gt;&lt;system.web&gt;...   <BR>&lt;httpRuntime minFreeThreads="8" minLocalRequestFreeThreads="4" ... /&gt;   ....   <BR>&lt;processModel maxWorkerThreads="20" maxIoThreads="20" ... /&gt;   ...<BR>&lt;/.system.web&gt;</PRE><H1>Solution Example</H1><P>A high traffic ASP.NET application is deployed on a 2 proc machine. The thread pool settings are configured&nbsp;using the formula for reducing contention. This improves the CPU utilization and lowers request queuing, giving better throughput. </P><P>The application configuration settings are as follows:</P><PRE>&lt;/system.net&gt;...   <BR>&#9;&lt;connectionManagement&gt;      <BR>&#9;&#9;&lt;add address="&#42;" maxconnection="24" /&gt;   <BR>&#9;&lt;/connectionManagement&gt;....<BR>&lt;/system.net&gt;&lt;system.web&gt;...   <BR>&lt;httpRuntime minFreeThreads="176" minLocalRequestFreeThreads="152" ... /&gt;   ....   <BR>&lt;processModel maxWorkerThreads="100" maxIoThreads="100" ... /&gt;   ....<BR>&lt;/system.web&gt; </PRE><H1>Additional Resources</H1><LI>For more information, see Knowledge Base article 821268, "PRB: Contention, Poor Performance, and Deadlocks When You Make Web Service Requests from ASP.NET Applications," at <A href="http://support.microsoft.com/default.aspx?scid=kb;en-us;821268">http://support.microsoft.com/default.aspx?scid=kb;en-us;821268</A>. <LI>For more information, see "ASP.NET Tuning" in Chapter 17, "Tuning .NET Application Performance." at <A href="http://msdn.microsoft.com/library/en-us/dnpag/html/scalenetchapt17.asp">http://msdn.microsoft.com/library/en-us/dnpag/html/scalenetchapt17.asp</A> <LI>For more information see "Checklist: ASP.NET Performance" at <A href="http://msdn.microsoft.com/library/default.asp?url=/library/en-us/dnpag/html/ScaleNetCheck03.asp">http://msdn.microsoft.com/library/default.asp?url=/library/en-us/dnpag/html/ScaleNetCheck03.asp</A>&nbsp; <H1>&nbsp;</H1></LI>]]></content></guidanceItem>