﻿<?xml version="1.0" encoding="utf-8"?><guidanceItem id="29fc985e-24c8-45a7-90d6-4fa633e15af8" type="checklist" title="Explicitly call Close or Dispose on resources you open." cssFile="guidance.css" Date="2008-01-18T23:34:33.123Z" Author="J.D. Meier, Alex Mackman, Blaine Wastell, Prashant Bansode, Andy Wigley, Kishore Gopalan" Category="Resource Management" filePath="..\Libraries\patterns &amp; practices Library\Checklist Item\29fc985e-24c8-45a7-90d6-4fa633e15af8.xml" Priority="2" Rule_Type="Implementation" Source="patterns &amp; practices Library" Status="Beta" Technology="ASP.NET 2.0" Topic="Performance" Type="Checklist Item" xmlns="urn:microsoft:guidanceexplorer:guidanceItem"><content><![CDATA[<H1>Applies to</H1><UL><LI><DIV>ASP.NET 2.0</DIV></LI></UL><H1>What to Check For</H1><P>Check to ensure that your application calls Close or Dispose method explicitly&nbsp;on resources that are open.</P><H1>How to Check</H1><P>If you use objects that implement the <B>IDisposable</B> interface, make sure you call the <B>Dispose</B> method of the object or the <B>Close</B> method if one is provided. Failing to call <B>Close</B> or <B>Dispose</B> prolongs the life of the object in memory long after the client stops using it. This defers the cleanup and can contribute to memory pressure. Database connection and files are examples of shared resources that should be explicitly closed. The <B>finally</B> clause of the <B>try/finally</B> block is a good place to ensure that the <B>Close</B> or <B>Dispose</B> method of the object is called. This technique is shown in the following Visual Basic&#174; .NET code fragment.</P><DIV><PRE>Try<BR>  conn.Open()&#8230;<BR>Finally<BR>  If Not(conn Is Nothing) Then<BR>    conn.Close()<BR>  End If<BR>End Try</PRE></DIV><P>In Visual C#&#174;, you can wrap resources that should be disposed, by using a <B>using</B> block. When the <B>using</B> block completes, <B>Dispose</B> is called on the object listed in the brackets on the <B>using</B> statement. The following code fragment shows how you can wrap resources that should be disposed by using a <B>using</B> block.</P><DIV><PRE>SqlConnection conn = new SqlConnection(connString);<BR>using (conn)&#123;<BR>  conn.Open();<BR>  . . .<BR>&#125;<BR> // Dispose is automatically called on the connection object conn here.</PRE></DIV><H1>Additional Resources</H1><UL><LI><P>For more information, see "Finalize and Dispose Guidelines" in Chapter 5, "<A href="http://msdn2.microsoft.com/en-us/library/ms998547.aspx">Improving Managed Code Performance</A>" Also, see "Explicitly Close Connections" in Chapter 12, "<A href="http://msdn2.microsoft.com/en-us/library/ms998569.aspx">Improving ADO.NET Performance</A>"</P></LI></UL>]]></content></guidanceItem>