﻿<?xml version="1.0" encoding="utf-8"?><guidanceItem id="2a1a704a-3add-43eb-a9b5-bb3f58d6a7c1" type="checklist" title="The design identifies service account requirements." cssFile="guidance.css" Date="2007-12-14T01:44:17.897Z" Author="J.D. Meier, Srinath Vasireddy, Ashish Babbar, John Allen and Alex Mackman" Category="Authentication" filePath="..\Libraries\patterns &amp; practices Library\Checklist Item\2a1a704a-3add-43eb-a9b5-bb3f58d6a7c1.xml" Priority="2" Rule_Type="Design" Source="patterns &amp; practices Library" Status="Beta" Technology="ASP.NET 1.1" Topic="Security" Type="Checklist Item" xmlns="urn:microsoft:guidanceexplorer:guidanceItem"><content><![CDATA[<H1>Applies to</H1><UL><LI><DIV>ASP.NET 1.1</DIV></LI></UL><H1>What to Check For</H1><P>Check to ensure that your application design identifies the range of service accounts that is required to connect to different resources, including databases, directory services, and other types of remote network resources.</P><H1>How to Check</H1><P>Make sure that the design does not require a single, highly privileged account with sufficient privileges to connect to the range of different resource types. </P><UL><LI><B>Does the design require least privileged accounts?</B> <P>Have you identified which resources and operations require which privileges? Check that the design identifies precisely which privileges each account requires to perform its specific function and use least privileged accounts in all cases. </P><LI><B>Does the application need to maintain service account credentials?</B> <P>If so make sure that the credentials are encrypted and held in a restricted location, such as a registry key with a restricted access control list (ACL). </P></LI></UL>]]></content></guidanceItem>