﻿<?xml version="1.0" encoding="utf-8"?><guidanceItem id="2a50a03e-0737-4675-9083-d88ed90b1689" type="checklist" title="GC.Collect Is Not Called" cssFile="guidance.css" Date="2007-12-14T22:47:53.097Z" Author="J.D. Meier, Srinath Vasireddy, Ashish Babbar, Rico Mariani, and Alex Mackman" Category="Garbage Collection" filePath="..\Libraries\patterns &amp; practices Library\Checklist Item\2a50a03e-0737-4675-9083-d88ed90b1689.xml" Priority="2" Rule_Type="Implementation" Source="patterns &amp; practices Library" Status="Beta" Technology=".NET 2.0" Topic="Performance" Type="Checklist Item" xmlns="urn:microsoft:guidanceexplorer:guidanceItem"><content><![CDATA[<H1>Applies to</H1><UL><LI>.NET&nbsp;2.0&nbsp;</LI></UL><H1>What to Check For</H1>Check that&nbsp;<B>GC.Collect</B> is not called directly, instead the&nbsp;he garbage collector is allowed to determine when it needs to run. <H1>Why</H1>The default <B>GC.Collect</B> method causes a full collection of all generations. Full collections are expensive because literally every live object in the system must be visited to ensure complete collection. Needless to say, exhaustively visiting all live objects could, and usually does, take a significant amount of time. The garbage collector is designed to be self-tuning and it adjusts its operation to meet the needs of your application based on memory pressure. Programmatically forcing collection can hinder tuning and operation of the garbage collector. <H1>How to Check</H1><P>Here are the steps for checking that&nbsp;GC.Collect is not called</P><OL><LI>Review your application code and check that does not have direct calls to the Garbage Collector using <STRONG>GC.Collect</STRONG>. <LI>If there are direct calls to the Garbage Collector using <STRONG>GC.Collect </STRONG>ensure that its kind of scenario where it makes sense to have the call and rather it improves the performance.&nbsp;For example&nbsp; if you're writing a client application and you display a very large and complicated form that has a lot of data associated with it.&nbsp; Your user has just interacted with this form potentially creating some large objects... things like XML documents, or a large DataSet or two.&nbsp; When the form closes these objects are dead and so GC.Collect() will reclaim the memory associated with them.&nbsp;</LI></OL><H1>How to Fix</H1><P>If the direct call to Garbage Collector using GC.COllect is not required and justified just remove the code.</P><P>If you have a particular niche scenario where you have to call <B>GC.Collect</B>, consider the following: </P><UL><LI>Call <B>GC.WaitForPendingFinalizers</B> after you call <B>GC.Collect</B>. This ensures that the current thread waits until finalizers for all objects are called. <LI>After the finalizers run, there are more dead objects (those that were just finalized) that need to be collected. One more call to <B>GC.Collect</B> collects the remaining dead objects. <PRE>   System.GC.Collect(); // This gets rid of the dead objects<BR>   System.GC.WaitForPendingFinalizers(); // This waits for any finalizers to finish.<BR>   System.GC.Collect(); // This releases the memory associated with the objects that were just finalized.</PRE></LI></UL><H1>Additional Resources</H1><UL><LI>"Garbage Collector Basics and Performance Hints" on MSDN at <A href="http://msdn.microsoft.com/library/en-us/dndotnet/html/dotnetgcbasics.asp">http://msdn.microsoft.com/library/en-us/dndotnet/html/dotnetgcbasics.asp</A>. <LI><EM>MSDN Magazine</EM> article, "Garbage Collection: Automatic Memory Management in the Microsoft .NET Framework," by Jeffrey Richter, at <A href="http://msdn.microsoft.com/msdnmag/issues/1100/GCI/TOC.ASP?frame=true">http://msdn.microsoft.com/msdnmag/issues/1100/GCI/TOC.ASP?frame=true</A>. <LI><EM>MSDN Magazine</EM> article, "Garbage Collection&#8212;Part 2: Automatic Memory Management in the Microsoft .NET Framework," by Jeffrey Richter, at <A href="http://msdn.microsoft.com/msdnmag/issues/1200/GCI2/TOC.ASP?frame=true">http://msdn.microsoft.com/msdnmag/issues/1200/GCI2/TOC.ASP?frame=true</A>. <LI>For more information see "Chapter 5 &#8212; Improving Managed Code Performance" at <A href="http://msdn.microsoft.com/library/default.asp?url=/library/en-us/dnpag/html/scalenetchapt05.asp">http://msdn.microsoft.com/library/default.asp?url=/library/en-us/dnpag/html/scalenetchapt05.asp</A> <LI>&nbsp;For more information see "Checklist: Managed Code Performance" at <A href="http://msdn.microsoft.com/library/default.asp?url=/library/en-us/dnpag/html/ScaleNetCheck06.asp">http://msdn.microsoft.com/library/default.asp?url=/library/en-us/dnpag/html/ScaleNetCheck06.asp</A></LI></UL>]]></content></guidanceItem>