﻿<?xml version="1.0" encoding="utf-8"?><guidanceItem id="2a85aa78-6e32-4e34-b4c3-86144986ea51" type="checklist" title="IIS log files are relocated and secured." cssFile="guidance.css" Date="2007-12-18T19:42:56.497Z" Author="J.D. Meier, Alex Mackman, Michael Dunner, Srinath Vasireddy, Ray Escamilla and Anandha Murukan" Category="IIS Configuration" filePath="..\Libraries\patterns &amp; practices Library\Checklist Item\2a85aa78-6e32-4e34-b4c3-86144986ea51.xml" Priority="2" Rule_Type="Deployment" Source="patterns &amp; practices Library" Status="Beta" Technology="Web Application" Topic="Security" Type="Checklist Item" xmlns="urn:microsoft:guidanceexplorer:guidanceItem"><content><![CDATA[<H1>Applies to</H1><UL><LI><DIV>Web Application</DIV></LI></UL><H1>What to Check For</H1><P>Check to ensure that IIS log files are&nbsp;secured by renaming and relocating the files.</P><P></P><H1>How to Fix</H1><P>By moving and renaming the IIS log files, you make it much more difficult for an attacker to cover his tracks. The attacker must locate the log files before he or she can alter them. To make an attacker's task more difficult still, use NTFS permissions to secure the log files.</P><P>Move and rename the IIS log file directory to a different volume than your Web site. Do not use the system volume. Then, apply the following NTFS permissions to the log files folder and subfolders. </P><UL><LI>Administrators: Full Control <LI>System: Full Control <LI>Backup Operators: Read </LI></UL>]]></content></guidanceItem>