﻿<?xml version="1.0" encoding="utf-8"?><guidanceItem id="2a99cae1-efca-47c5-a6c8-16500e7c4c51" type="checklist" title="Sensitive data that is stored in .config files are encrypted using Protected Configuration providers." cssFile="guidance.css" Date="2007-12-13T23:57:21.17Z" Author="J.D. Meier, Alex Mackman, Blaine Wastell, Prashant Bansode, Andy Wigley, Kishore Gopalan" Category="Sensitive Data" filePath="..\Libraries\patterns &amp; practices Library\Checklist Item\2a99cae1-efca-47c5-a6c8-16500e7c4c51.xml" Priority="2" Rule_Type="Implementation" Source="patterns &amp; practices Library" Status="Beta" Technology="ASP.NET 2.0" Topic="Security" Type="Checklist Item" xmlns="urn:microsoft:guidanceexplorer:guidanceItem"><content><![CDATA[<H1>Applies to</H1><UL><LI><DIV>ASP.NET 2.0</DIV></LI></UL><H1>What to Check For</H1><P>Check to ensure that your application encrypts sensitive data&nbsp;in .config files by using protected configuration providers.</P><P></P><H1>How to Fix</H1><P>In ASP.NET version 2.0 applications, place your database connection strings inside the &lt;<B>connectionStrings</B>&gt; element of the Web.config file and then encrypt that element by using the Aspnet_regiis utility. In a Web farm, use the RSA-protected configuration provider because RSA keys can be exported and imported across servers.</P><H1>Additional Resources</H1><UL><LI>For more information, see <A href="http://msdn2.microsoft.com/en-us/library/ms998280.aspx">How To: Encrypt Configuration Sections in ASP.NET 2.0 Using DPAPI</A> and <A href="http://msdn2.microsoft.com/en-us/library/ms998283.aspx">How To: Encrypt Configuration Sections in ASP.NET 2.0 Using RSA</A>.</LI></UL>]]></content></guidanceItem>