﻿<?xml version="1.0" encoding="utf-8"?><guidanceItem id="2ab680c6-c68a-4ca3-a9bf-5f8e7f917eb3" type="checklist" title="Windows Authentication mode is selected unless SQL Server Authentication is specifically required, in which case Mixed Mode is selected." cssFile="guidance.css" Date="2007-12-18T18:22:10.127Z" Author="J.D. Meier, Alex Mackman, Michael Dunner, Srinath Vasireddy, Ray Escamilla and Anandha Murukan" Category="Installation Considerations" filePath="..\Libraries\patterns &amp; practices Library\Checklist Item\2ab680c6-c68a-4ca3-a9bf-5f8e7f917eb3.xml" Priority="2" Rule_Type="Deployment" Source="patterns &amp; practices Library" Status="Beta" Technology="SQL Server 2000" Topic="Security" Type="Checklist Item" xmlns="urn:microsoft:guidanceexplorer:guidanceItem"><content><![CDATA[<H1>Applies to</H1><UL><LI><DIV>SQL Server 2000 </DIV><LI><DIV>Windows 2000 Server</DIV><DIV></DIV></LI></UL><H1>What to Check For</H1><P>Check to ensure that Windows authentication mode is selected unless SQL Server authentication is specifically required, in which case Mixed Mode is selected.</P><P></P><H1>How to Fix</H1><P>Windows authentication offers the following advantages: </P><UL><LI>Existing domain and local security policies can be used to enforce strong passwords and account management best practices. <LI>Credentials are not passed over the network. <LI>Application database connection strings do not require credentials. </LI></UL><P>If you select Mixed Mode, create a strong password for the sa account. The sa account is a prime target for password guessing and dictionary attacks.</P>]]></content></guidanceItem>