﻿<?xml version="1.0" encoding="utf-8"?><guidanceItem id="2ac281ed-f3b5-4bd5-ac5d-5a625c397c1c" type="checklist" title="SSL is Used to Protect User Credentials and Authentication Cookies" cssFile="guidance.css" Date="2008-01-16T05:26:20.963Z" Author="J.D. Meier, Alex Mackman, Blaine Wastell, Prashant Bansode, Andy Wigley, Kishore Gopalan" Category="Forms Authentication" filePath="..\Libraries\patterns &amp; practices Library\Checklist Item\2ac281ed-f3b5-4bd5-ac5d-5a625c397c1c.xml" Priority="2" Rule_Type="Implementation" Source="patterns &amp; practices Library" Status="Beta" Technology="ASP.NET 2.0" Topic="Security" Type="Checklist Item" xmlns="urn:microsoft:guidanceexplorer:guidanceItem"><content><![CDATA[<H1>Applies to</H1><UL><LI>ASP.NET 2.0</LI></UL><H1>What to Check For</H1><P>Check to ensure SSL is used to protect authentication credentials and authentication cookies passed between browser and server.</P><H1>Why</H1><P>By using SSL, you make it much more difficult for an attacker to monitor the network connection and obtain authentication credentials and capture authentication cookies to gain spoofed access to your application. </P><P>SSL also can improve user trust in your application as it authenticates the server to the client, thus proving the end point for communications.</P><H1>How to Check</H1><P>To ensure the forms authentication credentials and the forms authentication cookie is passed from browser to server with SSL, use the following steps:</P><OL><LI>Ensure that the authentication cookie is passed only over HTTPS connections. <LI>Ensure that the <STRONG>SSLOnly</STRONG> is set attribute on all authentication and authorization cookies.&nbsp; <LI>Ensure that all login forms, password change forms, role/authorization request and editing forms, or other authentication-required pages are only available over SSL and only accept submissions via SSL.&nbsp; </LI></OL><H1>How to Fix</H1><P><B>Restrict the authentication cookie to HTTPS connections</B></P><P>Cookies support a "secure" property that determines whether or not browsers should send the cookie back to the server. With the secure property set, the cookie is sent by the browser only to a secure page that is requested using an HTTPS URL.</P><P>Set the secure property by using <B>requireSSL="true"</B> on the <B>&lt;forms&gt;</B> element as follows:</P><PRE>&lt;forms loginUrl="Secure\Login.aspx"       requireSSL="true" . . . /&gt;</PRE><P>&nbsp;</P><P><B>Encrypt the cookie and check its integrity</B></P><P>Encrypt the cookie and check its integrity, even if you are using SSL. This prevents an attacker from viewing or modifying the cookie if he or she manages to steal it through a XSS exploit. In this event, the attacker can still use the cookie to gain access to your application. The best way to mitigate this risk is to implement the appropriate countermeasures to prevent XSS attacks (described under "Cross-Site Scripting" earlier in this chapter), and limit the cookie lifetime as described in the next recommendation.</P><P>To provide privacy and integrity for the cookie, set the <B>protection</B> attribute on the <B>&lt;forms&gt;</B> element as follows:</P><BLOCKQUOTE><PRE>&lt;forms protection="All"    Privacy and integrity</PRE></BLOCKQUOTE><P>&nbsp;</P><P>A secure &lt;<B>forms</B>&gt; element configuration is shown here:</P><PRE>&lt;forms loginUrl="Secure\Login.aspx"       protection="All"       requireSSL="true"       timeout="00:30:00"        slidingExpiration="true"       name="YourAppName"       path="/Secure" /&gt;</PRE><H1>Related Items</H1><UL><LI>Guideline: Use SSL to Protect User Credentials and Authentication Cookies</LI></UL>]]></content></guidanceItem>