﻿<?xml version="1.0" encoding="utf-8"?><guidanceItem id="2aeedf17-31f8-46c2-a634-472ea85e84a0" type="checklist" title="Use stored procedures." cssFile="guidance.css" Date="2007-12-17T07:25:32.45Z" Author="J.D. Meier, Srinath Vasireddy, Ashish Babbar, and Alex Mackman" Category="Stored Procedures" filePath="..\Libraries\patterns &amp; practices Library\Checklist Item\2aeedf17-31f8-46c2-a634-472ea85e84a0.xml" Priority="2" Rule_Type="Implementation" Source="patterns &amp; practices Library" Status="Beta" Technology="ADO.NET 1.1" Topic="Performance" Type="Checklist Item" xmlns="urn:microsoft:guidanceexplorer:guidanceItem"><content><![CDATA[<H1>Applies to</H1><UL><LI><DIV>ADO.NET 1.1</DIV></LI></UL><H1>What to Check For</H1><P>Check to ensure that your application uses stored procedures rather than&nbsp;using SQL statements&nbsp;for improved performance.</P><H1>How to Check</H1><P>Stored procedures generally provide improved performance in comparison to SQL statements that are run directly. The following list explains the benefits of stored procedures compared to running data access logic directly from the middle tier of your application: </P><UL><LI>The database can prepare, optimize, and cache the execution plan so that the execution plan can be reused at a later time. <LI>Stored procedures pass less information over the network on the initial request, because they only need to transmit the procedure name and the parameters. Everything else is already at the server. <LI>Stored procedures abstract SQL statements from the client and business object developers and put responsibility for their maintenance in the hands of SQL experts. <LI>Stored procedures also provide maintenance and security benefits.</LI></UL><H1>Additional Resources</H1><P>For more information about the security benefits of stored procedures and about how you can use them as a countermeasure for SQL injection, see the following: </P><UL><LI>Chapter 14, "Building Secure Data Access," in "Improving Web Application Security: Threats and Countermeasures" on MSDN at <A href="http://msdn.microsoft.com/library/default.asp?url=/library/en-us/dnnetsec/html/thcmch14.asp">http://msdn.microsoft.com/library/default.asp?url=/library/en-us/dnnetsec/html/thcmch14.asp</A> <LI>"Stored Procedure and Trigger Execution" in <I>Microsoft SQL Server 2000: SQL Server Architecture</I> on MSDN at <A href="http://msdn.microsoft.com/library/default.asp?url=/library/en-us/architec/8_ar_sa_7cmm.asp">http://msdn.microsoft.com/library/default.asp?url=/library/en-us/architec/8_ar_sa_7cmm.asp</A> <LI>MSDN article, "Query Recompilation in SQL Server 2000," at <A href="http://msdn.microsoft.com/library/default.asp?url=/library/en-us/dnsql2k/html/sql_queryrecompilation.asp">http://msdn.microsoft.com/library/default.asp?url=/library/en-us/dnsql2k/html/sql_queryrecompilation.asp</A> <LI>Knowledge Base article 243586, "INF: Troubleshooting Stored Procedure Recompilation," at <A href="http://support.microsoft.com/default.aspx?scid=kb;en-us;243586">http://support.microsoft.com/default.aspx?scid=kb;en-us;243586</A> <LI><I>SQL Server Magazine</I> article, "Inside SQL Server: Stored Procedure Plans: Improve performance through caching" at http://www.sqlmag.com/Articles/Print.cfm?ArticleID=6113. </LI></UL>]]></content></guidanceItem>