﻿<?xml version="1.0" encoding="utf-8"?><guidanceItem id="2b16509c-fe69-463a-8788-afa086c61d02" type="checklist" title="Unnecessary Microsoft Windows services are disabled on the database server. " cssFile="guidance.css" Date="2007-12-18T18:21:27.347Z" Author="J.D. Meier, Alex Mackman, Michael Dunner, Srinath Vasireddy, Ray Escamilla and Anandha Murukan" Category="Deployment Considerations" filePath="..\Libraries\patterns &amp; practices Library\Checklist Item\2b16509c-fe69-463a-8788-afa086c61d02.xml" Priority="2" Rule_Type="Deployment" Source="patterns &amp; practices Library" Status="Beta" Technology="SQL Server 2000" Topic="Security" Type="Checklist Item" xmlns="urn:microsoft:guidanceexplorer:guidanceItem"><content><![CDATA[<H1>Applies to</H1><UL><LI><DIV>SQL Server 2000 </DIV><LI><DIV>Windows 2000 Server</DIV><DIV></DIV></LI></UL><H1>What to Check For</H1><P>Check to ensure that all unnecessary windows services are disabled on the database server.</P><H1>Why</H1><P>To reduce the attack surface area and to make sure you are not affected by undiscovered service vulnerabilities, disable any service that is not required. Run those services that remain using least privileged accounts.</P><P></P><H1>How to Fix</H1><P>During a SQL Service installation, the following four Windows services are installed: </P><UL><LI><B>MSSQLSERVER</B> (or MSSQL&#36;InstanceName for a named instance). This is the SQL Server database engine and is the only mandatory service. <LI><B>SQLSERVERAGENT</B> (or SQLAgent&#36;InstanceName for a named instance). With this support service, you can schedule commands and notify operators when errors occur. <LI><B>MSSQLServerADHelper</B>. This provides Active Directory integration services, including database instance registration. <LI><B>Microsoft Search</B>. This provides full text search capabilities. This service must always run under the local system account. </LI></UL><P>Only the MSSQLSERVER database engine is required. The remaining services provide additional functionality and are required only in specific scenarios. Disable these services if they are not required.</P><BLOCKQUOTE><B>Note</B>&nbsp;&nbsp;&nbsp;SQL Server should not be configured to run as the local System account or any account that is a member of the local Administrators group. For details about configuring the service account used to run MSSQLSERVER, see "<A href="http://msdn2.microsoft.com/en-us/library/aa302434.aspx#c18618429_012">Step 4. Accounts</A>."</BLOCKQUOTE>]]></content></guidanceItem>