﻿<?xml version="1.0" encoding="utf-8"?><guidanceItem id="2b74a847-2498-4f19-b43d-d1bf3b6c94c0" type="checklist" title="Exception Details are Logged on the Server." cssFile="guidance.css" Date="2008-01-16T05:25:40.947Z" Author="J.D. Meier, Alex Mackman, Blaine Wastell, Prashant Bansode, Andy Wigley, Kishore Gopalan" Category="Exception Management" filePath="..\Libraries\patterns &amp; practices Library\Checklist Item\2b74a847-2498-4f19-b43d-d1bf3b6c94c0.xml" Priority="2" Rule_Type="Implementation" Source="patterns &amp; practices Library" Status="Release" Technology="ASP.NET 2.0" Topic="Security" Type="Checklist Item" xmlns="urn:microsoft:guidanceexplorer:guidanceItem"><content><![CDATA[<H1>Applies to</H1><UL><LI>ASP.NET 2.0</LI></UL><H1>What to Check For</H1><P>Check to ensure that exceptions, once caught, are logged to the server to allow further analysis and debugging.</P><H1>Why</H1><P>Malicious attacks may result in application exceptions.&nbsp; Exceptions contain critical information on problems which occur in production systems.&nbsp; Logging them will help track down problems faster. </P><H1>How to Check</H1><P>Check to ensure your application uses structured exception handling and employs a global error handler. See:</P><UL><LI>Checklist Item: Global Error Handlers are Used to Catch Unhandled Exceptions <LI>Checklist Item: <A name=Structured_Exception_Handling_is_Used>Structured Exception Handling is Used</A></LI></UL><P>Check to ensure that in all exception handlers and the global error handler, code exists to log exception details to the server.&nbsp; Code will be similar to this:</P><PRE>    //get reference to the source of the exception chain<BR>    Exception ex = Server.GetLastError().GetBaseException();<BR>     // log the details of the exception and page state to the<BR>    // event log.<BR>    EventLog.WriteEntry("My Web Application",<BR>      "MESSAGE: " &#43; ex.Message &#43;<BR>       "\nSOURCE: " &#43; ex.Source,<BR>       EventLogEntryType.Error);</PRE><H1>How to Fix</H1><P>You should log all exceptions in the event log to record them for tracking and later analysis.&nbsp; Event logging should occur in Try/Catch/Finally blocks in code as well as in the global error handler. Use code similar to the following. </P><PRE>&lt;&#37;&#64; Application Language="C#" &#37;&gt;<BR> &lt;&#37;&#64; Import Namespace="System.Diagnostics" &#37;&gt;<BR>  &lt;script language="C#" runat="server"&gt;<BR> void Application_Error(object sender, EventArgs e)<BR> &#123;<BR>    //get reference to the source of the exception chain<BR>    Exception ex = Server.GetLastError().GetBaseException();<BR>     // log the details of the exception and page state to the<BR>    // event log.<BR>    EventLog.WriteEntry("My Web Application",<BR>      "MESSAGE: " &#43; ex.Message &#43;<BR>       "\nSOURCE: " &#43; ex.Source,<BR>       EventLogEntryType.Error);<BR>     // Optional e-mail or other notification here...<BR> &#125;<BR> &lt;/script&gt;</PRE><H1>Problem Example</H1><P>An ASP.NET application is under attack by a malicious user.&nbsp; One side effect of the attack is a set of application exceptions when connecting to and retrieving data from the database.&nbsp; Unfortunately the application doesn't log exception details to the server so this debugging and auditing information is lost forever.</P><H1>Solution Example</H1><P>An ASP.NET application is under attack by a malicious user.&nbsp; One side effect of the attack is a set of application exceptions when connecting to and retrieving data from the database.&nbsp; Fortunately the application logs exception details to the server so this debugging and auditing information is discovered by the site admin and delivered to the development team for further analysis.</P><PRE>&lt;&#37;&#64; Application Language="C#" &#37;&gt;<BR> &lt;&#37;&#64; Import Namespace="System.Diagnostics" &#37;&gt;<BR>  &lt;script language="C#" runat="server"&gt;<BR> void Application_Error(object sender, EventArgs e)<BR> &#123;<BR>    //get reference to the source of the exception chain<BR>    Exception ex = Server.GetLastError().GetBaseException();<BR>     // log the details of the exception and page state to the<BR>    // event log.<BR>    EventLog.WriteEntry("My Web Application",<BR>      "MESSAGE: " &#43; ex.Message &#43;<BR>       "\nSOURCE: " &#43; ex.Source,<BR>       EventLogEntryType.Error);<BR>     // Optional e-mail or other notification here...<BR> &#125;<BR> &lt;/script&gt;</PRE><H1>Related Items</H1><LI>Guideline: Log Exceptions on the Server <LI>Checklist Item: Global Error Handlers are Used to Catch Unhandled Exceptions <LI>Checklist Item: <A name=Structured_Exception_Handling_is_Used>Structured Exception Handling is Used</A> <LI>Checklist Item: Health Monitoring is Used for Logging and Auditing Events <LI>Checklist Item: Sensitive User Data is Not Logged </LI>]]></content></guidanceItem>