﻿<?xml version="1.0" encoding="utf-8"?><guidanceItem id="2b974f76-48ad-4535-81c3-a7adf7f68cf2" type="checklist" title="Cache the appropriate form of data." cssFile="guidance.css" Date="2007-12-14T00:12:17.41Z" Author="J.D. Meier, Alex Mackman, Blaine Wastell, Prashant Bansode, Andy Wigley, Kishore Gopalan" Category="Caching" filePath="..\Libraries\patterns &amp; practices Library\Checklist Item\2b974f76-48ad-4535-81c3-a7adf7f68cf2.xml" Priority="2" Rule_Type="Implementation" Source="patterns &amp; practices Library" Status="Beta" Technology="ASP.NET 2.0" Topic="Performance" Type="Checklist Item" xmlns="urn:microsoft:guidanceexplorer:guidanceItem"><content><![CDATA[<H1>Applies to</H1><UL><LI><DIV>ASP.NET 2.0</DIV></LI></UL><H1>What to Check For</H1><P>Check to ensure that your application caches appropriate form of data by using output caching or fragment caching.</P><H1>How to Check</H1><P>If you want to cache rendered output, you should consider using output caching or fragment caching. If the rendered output is used elsewhere in the application, use the cache API to store the rendered output. If you need to manipulate the data, then cache the data by using the cache API. For example, if you need the data to be bound to a combo box, convert the retrieved data to an <B>ArrayList</B> object before you cache it.</P><H1>Additional Resources</H1><UL><LI>For more information about programmatic caching, see "Using Programmatic Caching" in "Understanding Caching Technologies" of the <I>Caching Architecture Guide for .NET Framework Applications</I> at <A href="http://msdn.microsoft.com/library/en-us/dnbda/html/cachingarchch2.asp">http://msdn.microsoft.com/library/en-us/dnbda/html/CachingArchch2.asp</A>.</LI></UL>]]></content></guidanceItem>