﻿<?xml version="1.0" encoding="utf-8"?><guidanceItem id="2bc88644-f81b-4947-8c7e-33110d9c5b59" type="checklist" title="Use literal message encoding for parameter formatting." cssFile="guidance.css" Date="2007-12-18T20:23:22.583Z" Author="J.D. Meier, Srinath Vasireddy, Ashish Babbar, and Alex Mackman" Category="Design Considerations" filePath="..\Libraries\patterns &amp; practices Library\Checklist Item\2bc88644-f81b-4947-8c7e-33110d9c5b59.xml" Priority="2" Rule_Type="Implementation" Source="patterns &amp; practices Library" Status="Beta" Technology="Web Services (.NET 1.1)" Topic="Performance" Type="Checklist Item" xmlns="urn:microsoft:guidanceexplorer:guidanceItem"><content><![CDATA[<H1>Applies to</H1><UL><LI><DIV>Web Services (.NET 1.1)</DIV></LI></UL><H1>What to Check For</H1><P>Check to ensure that your application uses literal message encoding for parameter formatting.</P><H1>How to Fix</H1><P>The encoded formatting of the parameters in messages creates larger messages than literal message encoding (literal message encoding is the default). In general, you should use literal format unless you are forced to switch to SOAP encoding for interoperability with a Web services platform that does not support the literal format.</P>]]></content></guidanceItem>