﻿<?xml version="1.0" encoding="utf-8"?><guidanceItem id="2bd916c6-8d04-4e54-beda-3e336c2591dd" type="checklist" title="Null sessions (anonymous logons) are disabled." cssFile="guidance.css" Date="2007-12-18T19:37:02.177Z" Author="J.D. Meier, Alex Mackman, Michael Dunner, Srinath Vasireddy, Ray Escamilla and Anandha Murukan" Category="IIS Configuration" filePath="..\Libraries\patterns &amp; practices Library\Checklist Item\2bd916c6-8d04-4e54-beda-3e336c2591dd.xml" Priority="2" Rule_Type="Deployment" Source="patterns &amp; practices Library" Status="Beta" Technology="Web Application" Topic="Security" Type="Checklist Item" xmlns="urn:microsoft:guidanceexplorer:guidanceItem"><content><![CDATA[<H1>Applies to</H1><UL><LI><DIV>Web Application</DIV></LI></UL><H1>What to Check For</H1><P>Check to ensure that null sessions&nbsp;are disabled to prevent an attacker connecting to&nbsp;your server anonymously (without being authenticated).</P><P></P><H1>How to Fix</H1><P>To prevent anonymous access, disable null sessions. These are unauthenticated or anonymous sessions established between two computers. Unless null sessions are disabled, an attacker can connect to your server anonymously (without being authenticated).</P><P>Once an attacker establishes a null session, he or she can perform a variety of attacks, including enumeration techniques used to collect system-related information from the target computer &#8212; information that can greatly assist subsequent attacks. The type of information that can be returned over a null session includes domain and trust details, shares, user information (including groups and user rights), registry keys, and more.</P><P>Restrict Null sessions by setting <B>RestrictAnonymous</B> to <B>1</B> in the registry at the following subkey:</P><P><B>HKLM\System\CurrentControlSet\Control\LSA\RestrictAnonymous=1</B></P><H1>Additional Resources</H1><UL><LI>For more information, see Microsoft Knowledge Base article 246261, "How To: Use the RestrictAnonymous Registry Value in Windows 2000." at <A href="http://support.microsoft.com/kb/246261">http://support.microsoft.com/kb/246261</A></LI></UL><P><B></B>&nbsp;</P>]]></content></guidanceItem>