﻿<?xml version="1.0" encoding="utf-8"?><guidanceItem id="2bf4640d-2245-4f78-9c05-047786d4d422" type="checklist" title="The session cookie is protected using SSL on all pages that require authenticated access." cssFile="guidance.css" Date="2007-12-14T00:00:05.957Z" Author="J.D. Meier, Alex Mackman, Blaine Wastell, Prashant Bansode, Andy Wigley, Kishore Gopalan" Category="Session Management" filePath="..\Libraries\patterns &amp; practices Library\Checklist Item\2bf4640d-2245-4f78-9c05-047786d4d422.xml" Priority="2" Rule_Type="Implementation" Source="patterns &amp; practices Library" Status="Beta" Technology="ASP.NET 2.0" Topic="Security" Type="Checklist Item" xmlns="urn:microsoft:guidanceexplorer:guidanceItem"><content><![CDATA[<H1>Applies to</H1><UL><LI><DIV>ASP.NET 2.0</DIV></LI></UL><H1>What to Check For</H1><P>Check to ensure that your application protects the session cookie&nbsp;by using SSL on all pages that require authenticated access.</P>]]></content></guidanceItem>