﻿<?xml version="1.0" encoding="utf-8"?><guidanceItem id="2c17b167-7e2d-4500-857e-fb76c621e4eb" type="checklist" title="The design addresses Web farm considerations" cssFile="guidance.css" Date="2007-12-18T21:30:46.46Z" Author="J.D. Meier, Srinath Vasireddy, Ashish Babbar, John Allen and Alex Mackman" Category="Deployment Considerations" filePath="..\Libraries\patterns &amp; practices Library\Checklist Item\2c17b167-7e2d-4500-857e-fb76c621e4eb.xml" Priority="2" Rule_Type="Design" Source="patterns &amp; practices Library" Status="Beta" Technology="ASP.NET 1.1" Topic="Security" Type="Checklist Item" xmlns="urn:microsoft:guidanceexplorer:guidanceItem"><content><![CDATA[<H1>Applies to</H1><UL><LI><DIV>ASP.NET 1.1</DIV></LI></UL><H1>What to Check For</H1><P>Check to ensure that your application design&nbsp;addresses Web farm considerations&nbsp;such as session state management, machine specific encryption keys, Secure Sockets Layer (SSL), certificate deployment issues, and roaming profiles.</P><H1>How to Check</H1><P>If your application is going to be deployed in a Web farm, you can make no assumptions about which server in the farm will process client requests. Successive requests from the same client may be served by separate servers. As a result, you need to consider the following issues: </P><UL><LI><B>How are you managing session state?</B> <P>In a Web farm, you cannot manage session state on the Web server. Instead, your design must incorporate a remote state store on a server that is accessed by all the Web servers in the farm. For more information, see "<A href="http://msdn2.microsoft.com/en-us/library/aa302421.aspx#c05618429_011">Session Management</A>" later in this chapter. </P><LI><B>Are you using machine-specific encryption keys?</B> <P>If you plan to use encryption to encrypt data in a shared data source, such as a database, the encryption and decryption keys must be the same across all machines in the farm. Check that your design does not require encryption mechanisms that require machine affinity. </P><LI><B>Are you using Forms authentication or protected view state?</B> <P>If so, you are reliant upon the <B>&lt;machineKey&gt;</B> settings. In a Web farm, you must use common key across all servers. </P><LI><B>Are you using Secure Sockets Layer (SSL)?</B> <P>If you use SSL to encrypt the traffic between browser and Web server, where do you terminate the SSL connection? Your options include the Web server, a Web server with an accelerator card, or a load balancer with an accelerator card. Terminating the SSL session at a load balancer with an accelerator card generally offers the best performance, particularly for sites with large numbers of connections. </P><P>If you terminate SSL at the load balancer, network traffic is not encrypted from the load balancer to the Web server. This means that an attacker can potentially sniff network traffic after the data is decrypted, while it is in transit between the load balancer and Web server. You can address this threat either by ensuring that the Web server environment is physically secured or by using transport-level encryption provided by IPSec policies to protect internal data center links.</P></LI></UL>]]></content></guidanceItem>