﻿<?xml version="1.0" encoding="utf-8"?><guidanceItem id="2c2d8f3a-35a5-474f-87a3-1a72fca61d4f" type="checklist" title="Use a DataReader for fast and efficient data binding." cssFile="guidance.css" Date="2007-12-14T01:37:00.737Z" Author="J.D. Meier, Srinath Vasireddy, Ashish Babbar, John Allen and Alex Mackman" Category="Data Access" filePath="..\Libraries\patterns &amp; practices Library\Checklist Item\2c2d8f3a-35a5-474f-87a3-1a72fca61d4f.xml" Priority="2" Rule_Type="Implementation" Source="patterns &amp; practices Library" Status="Beta" Technology="ASP.NET 1.1" Topic="Performance" Type="Checklist Item" xmlns="urn:microsoft:guidanceexplorer:guidanceItem"><content><![CDATA[<H1>Applies to</H1><UL><LI><DIV>ASP.NET 1.1</DIV></LI></UL><H1>What to Check For</H1><P>Check to ensure that your application considers using a DataReader for fast and efficient data binding.</P><H1>How to Check</H1><P>Use a <B>DataReader</B> object if you do not need to cache data, if you are displaying read&nbsp;-&nbsp;only data, and if you need to load data into a control as quickly as possible. The <B>DataReader</B> is the optimum choice for retrieving read-only data in a forward-only manner. Loading the data into a <B>DataSet</B> object and then binding the <B>DataSet</B> to the control moves the data twice. This method also incurs the relatively significant expense of constructing a <B>DataSet</B>.</P><P>In addition, when you use the <B>DataReader</B>, you can use the specialized type-specific methods to retrieve the data for better performance.</P><H1>Additional Resources</H1><UL><LI>For more information about data access, see Chapter 12, "<A href="http://msdn2.microsoft.com/en-us/library/ms998569.aspx">Improving ADO.NET Performance</A>"</LI></UL>]]></content></guidanceItem>