﻿<?xml version="1.0" encoding="utf-8"?><guidanceItem id="2c3bcd41-13cf-45eb-b109-04c469be62b7" type="checklist" title="ASP.NET is configured for Windows authentication." cssFile="guidance.css" Date="2007-12-18T20:49:56.547Z" Author="J.D. Meier, Alex Mackman, Michael Dunner, Srinath Vasireddy, Ray Escamilla and Anandha Murukan" Category="Authentication" filePath="..\Libraries\patterns &amp; practices Library\Checklist Item\2c3bcd41-13cf-45eb-b109-04c469be62b7.xml" Priority="2" Rule_Type="Implementation" Source="patterns &amp; practices Library" Status="Beta" Technology="Remoting (.NET 1.1)" Topic="Security" Type="Checklist Item" xmlns="urn:microsoft:guidanceexplorer:guidanceItem"><content><![CDATA[<H1>Applies to</H1><UL><LI><DIV>Remoting (.NET 1.1)</DIV></LI></UL><H1>What to Check For</H1><P>Check to ensure that your&nbsp;application is configured for Windows authentication.</P><H1>How to Check</H1><H3>Configure ASP.NET for Windows Authentication</H3><P>Configure your application for Windows authentication with the following setting in Web.config:</P><PRE>&lt;authentication mode="Windows" /&gt;</PRE><P>You cannot use Passport or Forms authentication because these require redirection to a login&nbsp;page.</P><BLOCKQUOTE><B>Note</B>&nbsp;&nbsp;&nbsp;When you use Windows authentication, you are recommended to enable File authorization. For more information, see "<A href="ms-help://MS.MSDNQTR.v80.en/MS.MSDN.v80/MS.NETDEV.v10.en/dnnetsec/html/THCMCh13.htm#c13618429_008">Authorization</A>" later in this chapter.</BLOCKQUOTE><P></P>]]></content></guidanceItem>