﻿<?xml version="1.0" encoding="utf-8"?><guidanceItem id="2cb9e582-d862-4401-85e2-60507abd8150" type="checklist" title="LinkDemands on types are not used to protect access to fields inside those types." cssFile="guidance.css" Date="2007-12-15T00:08:24.333Z" Author="J.D. Meier, Srinath Vasireddy, Ashish Babbar, Rico Mariani, and Alex Mackman" Category="Code Access Security" filePath="..\Libraries\patterns &amp; practices Library\Checklist Item\2cb9e582-d862-4401-85e2-60507abd8150.xml" Priority="2" Rule_Type="Implementation" Source="patterns &amp; practices Library" Status="Beta" Technology=".NET 1.1" Topic="Security" Type="Checklist Item" xmlns="urn:microsoft:guidanceexplorer:guidanceItem"><content><![CDATA[<H1>Applies to</H1><UL><LI><DIV>.NET 1.1</DIV></LI></UL><H1>What to Check For</H1><P>Check to ensure that LinkDemands on types are not used to protect access to fields inside those types.</P><H1>How to Check</H1><P>Link demands, unlike regular demands, only check the immediate caller. They do not perform a full stack walk, and as a result, code that uses link demands is subject to luring attacks. For information on Luring Attacks, see "Link Demands" in Chapter 8, "Code Access Security in Practice."</P><P>Search your code for the ".LinkDemand" string to identify where link demands are used. They can only be used declaratively. An example is shown in the following code fragment:</P><DIV><PRE>&#91;StrongNameIdentityPermission(SecurityAction.LinkDemand,<BR>                                PublicKey="00240000048...97e85d098615")&#93;<BR>public static void SomeOperation() &#123;&#125;</PRE></DIV><P>For more information about the issues raised in this section, see "Link Demands" in Chapter&nbsp;8, "Code Access Security in Practice." The following questions help you to review the use of link demands in your code: </P><UL><LI><B>Why are you using a link demand?</B> <P>A defensive approach is to avoid link demands as far as possible.<B> </B>Do not use them just to improve performance and to eliminate full stack walks. Compared to the costs of other Web application performance issues such as network latency and database access, the cost of the stack walk is small. Link demands are only safe if&nbsp;you know and can limit which code can call your code. </P><LI><B>Do you trust your callers?</B> <P>When you use a link demand, you rely on the caller to prevent a luring attack. Link demands are safe only if you know and can limit the exact set of direct callers into your code, and you can trust those callers to authorize their callers. </P><LI><B>Do you call code that is protected with link demands?</B> <P>If so, does your code provide authorization by demanding a security permission from the callers of your code? Can the arguments passed to your methods pass through to the code that you call? If so, can they maliciously influence the code you call? </P><LI><B>Have you used link demands at the method and class level?</B> <P>When you add link demands to a method, it overrides the link demand on the class. Check that the method also includes class-level link demands. </P><LI><B>Do you use link demands on classes that are not sealed?</B> <P>Link demands are not inherited by derived types and are not used when an overridden method is called on the derived type. If you override a method that needs to be protected with a link demand, apply the link demand to the overridden method. </P><LI><B>Do you use a link demand to protect a structure?</B> <P>Link demands do not prevent the construction of a structure by an untrusted caller. This is because default constructors are not automatically generated for structures, and therefore the structure level link demand only applies if you use an&nbsp;explicit constructor. </P><LI><B>Do you use explicit interfaces?</B> <P>Search for the <B>Interface</B> keyword to find out. If so, check if the method implementations are marked with link demands. If they are, check that the interface definitions contain the same link demands. Otherwise, it is possible for a caller to bypass the link demand. </P></LI></UL>]]></content></guidanceItem>