﻿<?xml version="1.0" encoding="utf-8"?><guidanceItem id="2cdd14e2-0247-4b91-8fb4-9cdaab313686" type="checklist" title="Use OracleLob.Write to write to Oracle databases." cssFile="guidance.css" Date="2007-12-17T07:17:36.243Z" Author="J.D. Meier, Srinath Vasireddy, Ashish Babbar, and Alex Mackman" Category="Binary Large Objects" filePath="..\Libraries\patterns &amp; practices Library\Checklist Item\2cdd14e2-0247-4b91-8fb4-9cdaab313686.xml" Priority="2" Rule_Type="Implementation" Source="patterns &amp; practices Library" Status="Beta" Technology="ADO.NET 1.1" Topic="Performance" Type="Checklist Item" xmlns="urn:microsoft:guidanceexplorer:guidanceItem"><content><![CDATA[<H1>Applies to</H1><UL><LI><DIV>ADO.NET 1.1</DIV></LI></UL><H1>What to Check For</H1><P>Check to ensure that your application uses OracleLob.Write&nbsp;when writing BLOBs&nbsp;to Oracle databases.</P><H1>How to Check</H1><P>You can write BLOBs to an Oracle database by using the .NET Framework data provider for Oracle. This data provider permits the <B>System.Data.OracleClient.OracleLob </B>class to write BLOBs. The <B>OracleLob.Write</B> method enables you to write data in chunks.</P><H1>Additional Resources</H1><UL><LI>For more information, see "OracleLob.Write Method," in <I>.NET Framework Class Library</I> at <A href="http://msdn.microsoft.com/library/default.asp?url=/library/en-us/cpref/html/frlrfsystemdataoracleclientoraclelobclasswritetopic.asp">http://msdn.microsoft.com/library/default.asp?url=/library/en-us/cpref/html/frlrfsystemdataoracleclientoraclelobclasswritetopic.asp</A>.</LI></UL>]]></content></guidanceItem>