﻿<?xml version="1.0" encoding="utf-8"?><guidanceItem id="2d15bc34-3956-4814-bbb7-afdbf44e9046" type="checklist" title="Unused services are disabled." cssFile="guidance.css" Date="2007-12-18T19:31:04.693Z" Author="J.D. Meier, Alex Mackman, Michael Dunner, Srinath Vasireddy, Ray Escamilla and Anandha Murukan" Category="Switch Considerations" filePath="..\Libraries\patterns &amp; practices Library\Checklist Item\2d15bc34-3956-4814-bbb7-afdbf44e9046.xml" Priority="2" Rule_Type="Deployment" Source="patterns &amp; practices Library" Status="Beta" Technology="Web Application" Topic="Security" Type="Checklist Item" xmlns="urn:microsoft:guidanceexplorer:guidanceItem"><content><![CDATA[<H1>Applies to</H1><UL><LI><DIV>Web Application</DIV></LI></UL><H1>What to Check For</H1><P>Check to ensure that&nbsp;all unused services are disabled. Also make sure that Trivial File Transfer Protocol (TFTP) is disabled, Internet-facing administration points are removed, and ACLs are configured to limit administrative access.</P>]]></content></guidanceItem>