﻿<?xml version="1.0" encoding="utf-8"?><guidanceItem id="2d31965c-d194-40ae-9b23-77fbb62a3eb3" type="checklist" title="The account used to run the event log code is not allowed to create new event sources in the registry." cssFile="guidance.css" Date="2007-12-15T00:23:36.637Z" Author="J.D. Meier, Srinath Vasireddy, Ashish Babbar, Rico Mariani, and Alex Mackman" Category="Event Log" filePath="..\Libraries\patterns &amp; practices Library\Checklist Item\2d31965c-d194-40ae-9b23-77fbb62a3eb3.xml" Priority="2" Rule_Type="Implementation" Source="patterns &amp; practices Library" Status="Beta" Technology=".NET 1.1" Topic="Security" Type="Checklist Item" xmlns="urn:microsoft:guidanceexplorer:guidanceItem"><content><![CDATA[<H1>Applies to</H1><UL><LI><DIV>.NET 1.1</DIV></LI></UL><H1>What to Check For</H1><P>Check to ensure that the account used to run the code that writes to the event log is not allowed to create new event sources by configuring ACL in the registry.</P>]]></content></guidanceItem>