﻿<?xml version="1.0" encoding="utf-8"?><guidanceItem id="2d72e309-4b08-49a2-8f19-2394b5ba6633" type="checklist" title="Avoid caching sensitive data." cssFile="guidance.css" Date="2007-12-14T01:31:13.63Z" Author="J.D. Meier, Srinath Vasireddy, Ashish Babbar, John Allen and Alex Mackman" Category="Security Considerations" filePath="..\Libraries\patterns &amp; practices Library\Checklist Item\2d72e309-4b08-49a2-8f19-2394b5ba6633.xml" Priority="2" Rule_Type="Implementation" Source="patterns &amp; practices Library" Status="Beta" Technology="ASP.NET 1.1" Topic="Performance" Type="Checklist Item" xmlns="urn:microsoft:guidanceexplorer:guidanceItem"><content><![CDATA[<H1>Applies to</H1><UL><LI><DIV>ASP.NET 1.1</DIV></LI></UL><H1>What to Check For</H1><P>Check to ensure that your application avoids caching sensitive data.</P><H1>How to Check</H1><P>Instead of caching sensitive data, retrieve the data when you need it. When you measure application performance, if you discover that retrieving the data on a per-request basis is very costly, measure the cost to encrypt, cache, retrieve, and decrypt the data. If the cost to retrieve the data is higher than the cost to encrypt and decrypt the data, consider caching encrypted data.</P><H1>Additional Resources</H1><UL><LI><DIV><DIV><P>For more information about security-related performance considerations, see the following: </P><UL><LI>"Cryptographic Services" in the <I>.Net Framework Developer's Guide </I>at <A href="http://msdn.microsoft.com/library/en-us/cpguide/html/cpconcryptographicservices.asp">http://msdn.microsoft.com/library/en-us/cpguide/html/cpconcryptographicservices.asp</A> <LI>"Performance Comparison: Security Design Choices" on MSDN at <A href="http://msdn.microsoft.com/library/en-us/dnbda/html/bdadotnetarch15.asp">http://msdn.microsoft.com/library/en-us/dnbda/html/bdadotnetarch15.asp</A> </LI></UL></DIV></DIV></LI></UL>]]></content></guidanceItem>