﻿<?xml version="1.0" encoding="utf-8"?><guidanceItem id="2d8681aa-bdcd-4636-8a0e-85282e4bd13b" type="checklist" title="Devote the appropriate resources to schema design." cssFile="guidance.css" Date="2007-12-18T18:47:15.843Z" Author="J.D. Meier, Srinath Vasireddy, Ashish Babbar, Sharon Bjeletich and Alex Mackman" Category="Schema" filePath="..\Libraries\patterns &amp; practices Library\Checklist Item\2d8681aa-bdcd-4636-8a0e-85282e4bd13b.xml" Priority="2" Rule_Type="Implementation" Source="patterns &amp; practices Library" Status="Beta" Technology="SQL Server 2000" Topic="Performance" Type="Checklist Item" xmlns="urn:microsoft:guidanceexplorer:guidanceItem"><content><![CDATA[<H1>Applies to</H1><UL><LI><DIV>SQL Server 2000</DIV></LI></UL><H1>What to Check For</H1><P>Check to ensure that your application&nbsp;devotes the appropriate resources to schema design.</P><H1>How to Check</H1><P>Too many organizations design tables at the last minute when the tables are needed for their queries. Take the time and devote the resources that are needed to gather the business requirements, to design the right data model, and to test the data model. Make sure that your design is appropriate for your business and that the design accurately reflects the relationships between all objects. Changing a data model after your system is already in production is expensive, time consuming, and inevitably affects a lot of code.</P><H1>Additional Resources</H1><UL><LI>For more information&nbsp;see "<A href="http://msdn2.microsoft.com/en-us/library/ms998577.aspx">Improving SQL Server Performance</A>".</LI></UL>]]></content></guidanceItem>