﻿<?xml version="1.0" encoding="utf-8"?><guidanceItem id="2d8fcbe9-a14b-4900-a717-c23cc40b4bad" type="checklist" title="Use locking and isolation level hints to minimize locking." cssFile="guidance.css" Date="2007-12-18T18:40:28.027Z" Author="J.D. Meier, Srinath Vasireddy, Ashish Babbar, Sharon Bjeletich and Alex Mackman" Category="Queries" filePath="..\Libraries\patterns &amp; practices Library\Checklist Item\2d8fcbe9-a14b-4900-a717-c23cc40b4bad.xml" Priority="2" Rule_Type="Implementation" Source="patterns &amp; practices Library" Status="Beta" Technology="SQL Server 2000" Topic="Performance" Type="Checklist Item" xmlns="urn:microsoft:guidanceexplorer:guidanceItem"><content><![CDATA[<H1>Applies to</H1><UL><LI><DIV>SQL Server 2000</DIV></LI></UL><H1>What to Check For</H1><P>Check to ensure that queries used in your application uses locking and isolation level hints to minimize locking.</P><H1>How to Check</H1><P>Locking has a huge impact on performance and scalability. Locking also affects perceived performance because of the wait for the locked object. All applications experience a certain level of locking. The key is to understand the type of locking that is occurring, the objects that are being locked, and most importantly, the duration of each locking occurrence.</P><P>There are three basic types of locks in SQL Server: </P><UL><LI>Shared <LI>Update <LI>Exclusive </LI></UL><BLOCKQUOTE><B>Note</B>&nbsp;&nbsp;&nbsp;There are also intent, schema, and bulk update locks, but these locks are less significant and are not addressed in this chapter.</BLOCKQUOTE><P>Shared locks are compatible with other shared locks, but they are not compatible with exclusive locks. Update locks are compatible with shared locks, but they are not compatible with exclusive locks or with other update locks. Exclusive locks are not compatible with shared locks, update locks, or other exclusive locks. Different types of locks are held for different amounts of time to obtain the requested isolation level.</P><P>There are four ANSI isolation levels that can be specified for transactions in SQL Server: </P><UL><LI>Read uncommitted <LI>Read committed <LI>Repeatable read <LI>Serializable </LI></UL><P>Each of these isolation levels allow zero or more of the isolation level phenomena to occur: </P><UL><LI><B>Dirty reads</B>. Dirty reads are transactions that see the effects of other transactions that were never committed. <LI><B>Nonrepeatable reads</B>. Nonrepeatable reads are transactions that see only committed data from other transactions. In a nonrepeatable read, data changes when it is referenced multiple times in the transaction. <LI><B>Phantoms</B>. Phantoms are transactions that see or that do not see rows that are inserted or deleted from another transaction that is not committed yet. </LI></UL><P>The default isolation level in SQL Server 2000 is read committed. Figure&nbsp;1 shows the phenomena that are allowed at each isolation level.</P><P><IMG alt="" src="http://msdn2.microsoft.com/en-us/library/ms998577.ch14---ansi-isolation-level(en-us,MSDN.10).gif" border=0></P><P><B>Figure 1: ANSI isolation levels</B></P><P>Instead of accepting the default SQL Server isolation level of read committed, you can explicitly select the appropriate isolation level for code. You can do this by using isolation levels or locking hints.</P><H2>WITH NOLOCK and WITH READUNCOMMITTED</H2><P>If you designed your application to use locking hints, use the WITH (NOLOCK) or WITH (READUNCOMMITTED) table hint in SELECT statements to avoid generating read locks that may not be required. This can provide a significant increase in scalability, especially where SELECT statements are run at a serializable isolation level because the SELECT statement is called within an explicit transaction that starts in a middle-tier object using Microsoft Transaction Server (MTS), COM&#43;, or Enterprise Services. Another approach is to determine if the transaction as a whole can run at a lower isolation level. You can use the SET TRANSACTION ISOLATION LEVEL command to change the isolation level for all transactions in a SQL Server session.</P><H2>UPDLOCK</H2><P>A common technique for handling deadlocks is to use an UPDLOCK table hint on SELECT statements that are commonly involved in transactions that deadlock. The UPDLOCK issues update locks, and it holds the locks until the end of the transaction. The typical shared lock that is issued by a SELECT statement is only held until the row has been read. By holding the update lock until the end of the transaction, other users can still read the data but cannot acquire a lock that you may need later. This is a common deadlock scenario.</P><H2>TABLOCK</H2><P>You can use the TABLOCK table hint to improve performance when you use the bulk insert command. When there are large amounts of inserts, requesting a lock on the entire table helps by relieving the lock manager of the overhead of managing dynamic locking. However, requesting a lock on the entire table blocks all other users on the table. It therefore is not something you should do when other users need to use the system.</P><P>To use locking and isolation level locking hints effectively, you have to understand locking behavior in SQL Server and the specific needs of your application. You can then select the best mechanism for key queries. In general, the default isolation level and locking of SQL Server is best, but you can increase scalability by using other locking hints when you need to.</P><H1>Additional Resources</H1><UL><LI>For more information&nbsp;see "<A href="http://msdn2.microsoft.com/en-us/library/ms998577.aspx">Improving SQL Server Performance</A>".</LI></UL>]]></content></guidanceItem>