﻿<?xml version="1.0" encoding="utf-8"?><guidanceItem id="2d9ec89d-25fc-43ed-9d60-058cc82f83d1" type="checklist" title="IIS is configured for W3C Extended log file format auditing." cssFile="guidance.css" Date="2007-12-18T19:42:41.343Z" Author="J.D. Meier, Alex Mackman, Michael Dunner, Srinath Vasireddy, Ray Escamilla and Anandha Murukan" Category="IIS Configuration" filePath="..\Libraries\patterns &amp; practices Library\Checklist Item\2d9ec89d-25fc-43ed-9d60-058cc82f83d1.xml" Priority="2" Rule_Type="Deployment" Source="patterns &amp; practices Library" Status="Beta" Technology="Web Application" Topic="Security" Type="Checklist Item" xmlns="urn:microsoft:guidanceexplorer:guidanceItem"><content><![CDATA[<H1>Applies to</H1><UL><LI><DIV>Web Application</DIV></LI></UL><H1>What to Check For</H1><P>Check to ensure that IIS is configured for W3C Extended log file format auditing.</P><P></P><H1>How to Fix</H1><P>You can configure IIS W3C Extended Log File Format Auditing by selecting <B>W3C Extended Log File Format</B> on the <B>Web</B> <B>Site</B> tab of the Web site's properties dialog box. You can then choose <B>Extended Properties</B> such as URI Stem and URI Query.</P>]]></content></guidanceItem>