﻿<?xml version="1.0" encoding="utf-8"?><guidanceItem id="2dab0801-ac96-48b0-a33a-2bd3555e04e8" type="checklist" title="Application Logs to a Separate Protected Server" cssFile="guidance.css" Date="2007-12-13T23:18:02.207Z" Author="J.D. Meier, Alex Mackman, Blaine Wastell, Prashant Bansode, Andy Wigley, Kishore Gopalan" Category="Auditing and Logging" filePath="..\Libraries\patterns &amp; practices Library\Checklist Item\2dab0801-ac96-48b0-a33a-2bd3555e04e8.xml" Priority="2" Rule_Type="Deployment" Source="patterns &amp; practices Library" Status="Beta" Technology="ASP.NET 2.0" Topic="Security" Type="Checklist Item" xmlns="urn:microsoft:guidanceexplorer:guidanceItem"><content><![CDATA[<H1>Applies to</H1><UL><LI>ASP.NET 2.0</LI></UL><H1>What to Check For</H1><P>Check to ensure your application logs application events to a seperate protected server.</P><H1>Why</H1><P>This helps to ensure that logs cannot be tampered with by attackers</P><H1>How to Check</H1><P>Review the web.config file for your application to ensure logs are being sent to a seperate server.&nbsp; Use the following steps:</P><P><STRONG>1. Make sure you are reviewing the correct config file</STRONG></P><P>Look at both application-level web.config and machine-level web.config.&nbsp; Application-level settings override machine-level settings.</P><P><STRONG>2. Ensure your application uses HealthMonitoring </STRONG></P><P>If your application is using HealthMonitoring, you will find a &lt;<STRONG>HealthMonitoring</STRONG>&gt; element in web.config with <STRONG>enabled </STRONG>attribute set to true.</P><PRE>&lt;healthMonitoring heartbeatInterval="0" enabled="true"&gt;</PRE><P><STRONG>3. Check for SqlWebEventProvider</STRONG></P><P>Within the &lt;<STRONG>HealthMonitoring</STRONG>&gt; element look for the &lt;<STRONG>Providers</STRONG>&gt; element configured to send events to the SqlWebEventProvider:</P><PRE>&lt;providers&gt;   &lt;add connectionStringName="MySqlConnection"      maxEventDetailsLength="1073741823"      buffer="true"      bufferMode="Extra Critical Notification"       name="MySqlWebEventProvider"       type="System.Web.Management.SqlWebEventProvider,System.Web,Version=2.0.0 .0,<BR>&#9;&#9;Culture=neutral,PublicKeyToken=b03f5f7f11d50a3a" /&gt; &lt;/providers&gt; </PRE><P><STRONG>4. Check connection string</STRONG></P><P>For the SqlWebEventProvider to work, there must be a valid connection string within web.config.&nbsp; Check the &lt;<STRONG>ConnectionStrings</STRONG>&gt; element to ensure the ConnectionStringName attribute value within the &lt;<STRONG>Providers</STRONG>&gt; element described above maps to a valid connection string instance.</P><P><STRONG>5. Check the remote server</STRONG></P><P>Start the application and perform some functionality that will generate logs.&nbsp; Check the remote server to ensure the logs show up.</P><H1>How to Fix</H1><P>Use the following steps to log to a seperate server:</P><P><STRONG>1. Ensure your application uses Health Monitoring</STRONG></P><P>By default, health monitoring is enabled for ASP.NET applications. You can see the default configuration in the machine-level Web.config.comments file in the <B>&#37;windir&#37;\Microsoft .NET\Framework\&#123;version&#125;\CONFIG </B>configuration file directory. If Health Monitoring is turned off, see <A href="http://msdn.microsoft.com/library/en-us/dnpag2/html/paght000011.asp">How To: Use Health Monitoring in ASP.NET 2.0</A></P><P><STRONG>2. Configure SqlWebEventProvider</STRONG></P><P>If you want to configure an event provider that writes to a SQL Server instance, you must create the database used by the <B>SqlWebEventProvider</B>, configure a connection string, and configure a provider definition. </P><OL><LI>Install the Web event database by running the following command from the Visual Studio 2005 command prompt: <P><B>aspnet_regsql.exe -E -S </B>&lt;<B>ServerName</B>&gt;<B> -A w</B> <P>This command uses the following switches: <UL><LI><B>-E.</B> This switch indicates to use Windows authentication to connect to the database. <LI><B>-S</B> &lt;<B>ServerName</B>&gt;<B>.</B> This switch indicates the name of the server where the database will be installed, or is already installed. <LI><B>-A w. </B>This switch indicates to add Web event support. This creates the relevant tables and stored procedures required by the <B>SqlWebEventProvider</B>. </LI></UL><LI>Create a SQL Server logon for your Web application's identity. For example, create a network service and then create a database user for this logon in the Aspnetdb database. <LI>Grant the database user <B>execute</B> permission on the <B>aspnet_WebEvent_LogEvent</B> stored procedure. <LI>Add the following connection string to your application's Web.config file. <BR><PRE>&lt;connectionStrings&gt; &nbsp;&nbsp; &lt;add name="MySqlConnection" connectionString=  "Data Source=remotehost;Initial Catalog=aspnetdb;Integrated Security=SSPI;"    /&gt; &lt;/connectionStrings&gt;</PRE><LI>Add the following &lt;<B>providers</B>&gt; configuration within the &lt;<B>healthMonitoring</B>&gt; section in Web.config. <BR><PRE>&lt;providers&gt;   &lt;add connectionStringName="MySqlConnection"      maxEventDetailsLength="1073741823"      buffer="true"      bufferMode="Extra Critical Notification"       name="MySqlWebEventProvider"       type="System.Web.Management.SqlWebEventProvider,System.Web,Version=2.0.0 .0,<BR>&#9;&#9;Culture=neutral,PublicKeyToken=b03f5f7f11d50a3a" /&gt; &lt;/providers&gt; </PRE></LI></OL><P>The following list describes the most important attributes you can set when configuring event providers: <UL><LI><B>name. </B>This is a name for the buffer mode used to reference it from other elements. <LI><B>type.</B> This is a fully-qualified assembly reference to the provider class. This class should implement the <B>System.Configuration.Provider.ProviderBase</B> class. <LI><B>buffer.</B> If you are using the <B>SqlWebEventProvider</B>, use this attribute to enable event buffering. If this attribute is <B>true</B>, you must configure the <B>bufferMode</B> attribute. The default value is <B>false</B>. <LI><B>bufferMode.</B> If you are using the <B>SqlWebEventProvider</B>, use this attribute to specify the friendly name of the buffer mode to be used for buffering the events. <LI><B>connectionStringName.</B> If you are using the <B>SqlWebEventProvider</B>, use this attribute to specify the friendly name of the connection string used for connecting to the SQL Server database. <LI><B>maxEventDetailsLength.</B> This is the maximum length of the event details. </LI></UL><BLOCKQUOTE><B>Note</B>&nbsp;&nbsp;&nbsp;If you want to use the <B>SqlWebEventProvider</B> to write to a local or remote SQL Server instance, use the Aspnet_regsql tool to configure the necessary database tables and roles as described in "Step 3. Configure Health Monitoring."<B> </B></BLOCKQUOTE><H1>Problem Example</H1><P>An e-commerce site with a two-tier web server/database model is built using file-based logging, and each machine keeps its logs on local disk.&nbsp; When several of the web servers are compromised, the attackers wipe the logs and the owners are unable to determine how they got in.&nbsp; The attacks re-occur several times before the hole is finally found and patched.</P><H1>Solution Example</H1><P>An e-commerce site with a two-tier web server/database model is built using remote logging server, with communication occuring over an encrypted channel.&nbsp; When several of the web servers are compromised, the attackers are unable to break into the remote logging machine and cannot wipe the logs.&nbsp; The owners find the hole quickly, thanks to the information in the log files, and the machines are patched immediately.</P><PRE>&lt;healthMonitoring heartbeatInterval="0" enabled="true"&gt; &lt;providers&gt;    &lt;add connectionStringName="MySqlConnection"       maxEventDetailsLength="1073741823"       buffer="true"       bufferMode="Extra Critical Notification"        name="MySqlWebEventProvider"        type="System.Web.Management.SqlWebEventProvider,System.Web,Version=2.0.0 .0,<BR>&#9;&#9;Culture=neutral,PublicKeyToken=b03f5f7f11d50a3a" /&gt;  &lt;/providers&gt;<BR>&lt;/healthMonitoring&gt; </PRE><H1>Additional Resources</H1><LI>For more information Health Monitoring see, <A href="http://msdn.microsoft.com/library/en-us/dnpag2/html/paght000011.asp">How To: Use Health Monitoring in ASP.NET 2.0</A> <H1>Related Items</H1><UL><LI><DIV>Guideline: Put Logs on a Separate Server</DIV></LI></UL></LI>]]></content></guidanceItem>