﻿<?xml version="1.0" encoding="utf-8"?><guidanceItem id="2dcc1217-d453-44f2-a3cb-5ca079bcba04" type="checklist" title="Use System.Data.ODBC for ODBC data sources." cssFile="guidance.css" Date="2007-12-17T03:07:48.703Z" Author="J.D. Meier, Alex Mackman, Blaine Wastell, Prashant Bansode, Chaitanya Bijwe" Category="Data Access" filePath="..\Libraries\patterns &amp; practices Library\Checklist Item\2dcc1217-d453-44f2-a3cb-5ca079bcba04.xml" Priority="2" Rule_Type="Implementation" Source="patterns &amp; practices Library" Status="Beta" Technology="ADO.NET 2.0" Topic="Performance" Type="Checklist Item" xmlns="urn:microsoft:guidanceexplorer:guidanceItem"><content><![CDATA[<H1>Applies to</H1><UL><LI><DIV>ADO.NET 2.0</DIV></LI></UL><H1>What to Check For</H1><P>Check to ensure that your application uses System.Data.ODBC data provider&nbsp;for ODBC data sources.</P><H1>How to Check</H1><P>For ODBC data sources, use the .NET Framework Data Provider for ODBC, <B>System.Data.ODBC</B>. This provider uses the native ODBC Driver Manager through COM interop.</P><P>If you are using .NET Framework 1.0, you must download the .NET Framework Data Provider for ODBC from the Microsoft .NET Framework Developer Center on MSDN at <A href="http://msdn.microsoft.com/netframework/downloads/updates/default.aspx">http://msdn.microsoft.com/netframework/downloads/updates/default.aspx</A>. Note that the namespace is <B>Microsoft.Data.Odbc</B>. If you are using .NET Framework 1.1, it is included in the <B>System.Data.Odbc</B> namespace.</P><P>The commonly used classes in <B>System.Data.Odbc</B> are <B>OdbcConnection</B>, <B>OdbcCommand</B>, <B>OdbcDataAdapter</B>, and <B>OdbcDataReader</B>.</P><H1>Additional Resources</H1><P>For more information about .NET Framework Data Providers, see the following: </P><UL><LI>Knowledge Base article 313480, "INFO: Roadmap for .NET Data Providers," at <A href="http://support.microsoft.com/default.aspx?scid=kb;en-us;313480">http://support.microsoft.com/default.aspx?scid=kb;en-us;313480</A> <LI>MSDN article, "Using .NET Framework Data Provider for Oracle to Improve .NET Application Performance," at <A href="http://msdn.microsoft.com/library/default.asp?url=/library/en-us/dndotnet/html/manprooracperf.asp">http://msdn.microsoft.com/library/default.asp?url=/library/en-us/dndotnet/html/manprooracperf.asp</A> <LI>"Implementing a .NET Framework Data Provider" in <I>.NET Framework Developer's Guide</I> at <A href="http://msdn.microsoft.com/library/default.asp?url=/library/en-us/cpguide/html/cpconimplementingnetdataprovider.asp">http://msdn.microsoft.com/library/default.asp?url=/library/en-us/cpguide/html/cpconimplementingnetdataprovider.asp</A></LI></UL>]]></content></guidanceItem>