﻿<?xml version="1.0" encoding="utf-8"?><guidanceItem id="2e101bad-759d-43e4-a6af-96f179360093" type="checklist" title="Remote registry access is restricted." cssFile="guidance.css" Date="2007-12-18T19:34:21.597Z" Author="J.D. Meier, Alex Mackman, Michael Dunner, Srinath Vasireddy, Ray Escamilla and Anandha Murukan" Category="IIS Configuration" filePath="..\Libraries\patterns &amp; practices Library\Checklist Item\2e101bad-759d-43e4-a6af-96f179360093.xml" Priority="2" Rule_Type="Deployment" Source="patterns &amp; practices Library" Status="Beta" Technology="Web Application" Topic="Security" Type="Checklist Item" xmlns="urn:microsoft:guidanceexplorer:guidanceItem"><content><![CDATA[<H1>Applies to</H1><UL><LI><DIV>Web Application</DIV></LI></UL><H1>What to Check For</H1><P>Check to ensure that remote registry access is restricted.</P><P></P><H1>How to Fix</H1><P>The Winreg key determines whether registry keys are available for remote access. By default, this key is configured to prevent users from remotely viewing most keys in the registry, and only highly privileged users can modify it. On Windows&nbsp;2000 and Windows Server 2003, remote registry access is restricted by default to members of the <B>Administrators</B> and <B>Backup operators</B> group. Administrators have full control and backup operators have read-only access.</P><P>The associated permissions at the following registry location determine who can remotely access the registry.</P><P><B>HKLM\SYSTEM\CurrentControlSet\Control\SecurePipeServers\winreg</B></P><P>To view the permissions for this registry key, run Regedt32.exe, navigate to the key, and choose <B>Permissions</B> from the <B>Security</B> menu.</P><BLOCKQUOTE><B>Note</B>&nbsp;&nbsp;&nbsp;Some services require remote access to the registry. Refer to Microsoft Knowledge Base article 153183, "How to Restrict Access to the Registry from a Remote Computer," to see if your situation demands limited remote registry access.</BLOCKQUOTE>]]></content></guidanceItem>