﻿<?xml version="1.0" encoding="utf-8"?><guidanceItem id="2e15f1b4-57c7-48bd-a455-70adf19e5927" type="checklist" title="Threads are synchronized in static class constructors." cssFile="guidance.css" Date="2007-12-15T00:04:34.663Z" Author="J.D. Meier, Srinath Vasireddy, Ashish Babbar, Rico Mariani, and Alex Mackman" Category="Threading" filePath="..\Libraries\patterns &amp; practices Library\Checklist Item\2e15f1b4-57c7-48bd-a455-70adf19e5927.xml" Priority="2" Rule_Type="Implementation" Source="patterns &amp; practices Library" Status="Beta" Technology=".NET 1.1" Topic="Security" Type="Checklist Item" xmlns="urn:microsoft:guidanceexplorer:guidanceItem"><content><![CDATA[<H1>Applies to</H1><UL><LI><DIV>.NET 1.1</DIV></LI></UL><H1>What to Check For</H1><P>Check to ensure that if your application uses static class constructors, they are not vulnerable to race conditions. If, for example, they manipulate static state, add thread synchronization to avoid potential vulnerabilities.</P>]]></content></guidanceItem>