﻿<?xml version="1.0" encoding="utf-8"?><guidanceItem id="2e6127f7-8c4c-4f8c-a368-910f82973d4d" type="checklist" title="Consider using SSL hardware to offload SSL processing" cssFile="guidance.css" Date="2007-12-14T00:23:37.737Z" Author="J.D. Meier, Alex Mackman, Blaine Wastell, Prashant Bansode, Andy Wigley, Kishore Gopalan" Category="Security Considerations" filePath="..\Libraries\patterns &amp; practices Library\Checklist Item\2e6127f7-8c4c-4f8c-a368-910f82973d4d.xml" Priority="2" Rule_Type="Implementation" Source="patterns &amp; practices Library" Status="Beta" Technology="ASP.NET 2.0" Topic="Performance" Type="Checklist Item" xmlns="urn:microsoft:guidanceexplorer:guidanceItem"><content><![CDATA[<H1>Applies to</H1><UL><LI><DIV>ASP.NET 2.0</DIV></LI></UL><H1>What to Check For</H1><P>Check to ensure that your application considers using SSL hardware to offload SSL processing.</P><H1>How to Check</H1><P>Consider a hardware solution for SSL processing. Terminating SSL sessions at a load balancer by using a hardware accelerator generally offers better performance, particularly for sites that experience heavy use.</P><H1>Additional Resources</H1><UL><LI><DIV><DIV><P>For more information about security-related performance considerations, see the following: </P><UL><LI>"Cryptographic Services" in the <I>.Net Framework Developer's Guide </I>at <A href="http://msdn.microsoft.com/library/en-us/cpguide/html/cpconcryptographicservices.asp">http://msdn.microsoft.com/library/en-us/cpguide/html/cpconcryptographicservices.asp</A> <LI>"Performance Comparison: Security Design Choices" on MSDN at <A href="http://msdn.microsoft.com/library/en-us/dnbda/html/bdadotnetarch15.asp">http://msdn.microsoft.com/library/en-us/dnbda/html/bdadotnetarch15.asp</A> </LI></UL></DIV></DIV></LI></UL>]]></content></guidanceItem>