﻿<?xml version="1.0" encoding="utf-8"?><guidanceItem id="2ea3a51f-bba7-4d75-9151-14253a87090a" type="checklist" title="Health Monitoring is Used for Logging and Auditing Events" cssFile="guidance.css" Date="2007-12-13T23:00:59.517Z" Author="J.D. Meier, Alex Mackman, Blaine Wastell, Prashant Bansode, Andy Wigley, Kishore Gopalan" Category="Auditing and Logging" filePath="..\Libraries\patterns &amp; practices Library\Checklist Item\2ea3a51f-bba7-4d75-9151-14253a87090a.xml" Priority="2" Rule_Type="Implementation" Source="patterns &amp; practices Library" Status="Beta" Technology="ASP.NET 2.0" Topic="Security" Type="Checklist Item" xmlns="urn:microsoft:guidanceexplorer:guidanceItem"><content><![CDATA[<H1>Applies to</H1><UL><LI>ASP.NET 2.0</LI></UL><H1>What to Check For</H1><P>Check to ensure that&nbsp;the new ASP.NET 2.0 Health Monitoring feature is used for logging.</P><H1>Why</H1><P>ASP.NET version 2.0 health monitoring supports many standard events that you can use to monitor the health of your application. Examples of security related events that are automatically generated include logon failures and successes when using the ASP.NET membership system, attempts to tamper with or reuse forms authentication tickets, and infrastructure events such as disk access failures. </P><P>The health monitoring feature includes built-in providers that allow you to log events to an email message, to SQL server, to the event log, as an ASP.NET trace output, or to the Windows Management Instrumentation (WMI) web event provider.</P><H1>How to Check</H1><P>You can recognize the use of health monitoring by scanning your configuration files:</P><P><STRONG>1. Check If Health Monitoring is turned on</STRONG></P><P>Health Monitoring is turned on by default in the machine level Web.Config file:</P><PRE>&lt;healthMonitoring heartbeatInterval="0" enabled="true"&gt;  <BR>&lt;bufferModes/&gt;  <BR>&lt;providers/&gt;  <BR>&lt;profiles/&gt;  <BR>&lt;rules/&gt;  <BR>&lt;eventMappings/&gt;<BR>&lt;/healthMonitoring&gt;</PRE><P>If the Enabled attribute is set to false in your machine or application level config file, then health monitoring has been turned off.&nbsp; </P><P><STRONG>2. Check if Health Monitoring rules are enabled</STRONG></P><P>By default the rules element is configured so that all errors and failure audits are logged:</P><PRE>&lt;rules&gt; <BR>&lt;add name="All Errors Default" eventName="All Errors" provider="EventLogProvider"      <BR>&#9;profile="Default" minInstances="1" maxLimit="Infinite"       <BR>&#9;minInterval="00:01:00" custom="" /&gt; <BR>&lt;add name="Failure Audits Default" eventName="Failure Audits"      <BR>&#9;provider="EventLogProvider" profile="Default" minInstances="1"     <BR>&#9;maxLimit="Infinite" minInterval="00:01:00" custom="" /&gt;<BR>&lt;/rules&gt;</PRE><P>If there are no rules in the rules element, then health monitoring will not log any events.</P><H1>How to Fix</H1><P>By default, health monitoring is enabled for ASP.NET version 2.0 applications and all Web infrastructure error events (inheriting from <B>System.Web.Management.WebErrorEvent</B>) and all audit failure events (inheriting from <B>System.Web.Management.WebFailureAuditEvent</B>) are written to the event log.&nbsp; The default configuration is defined in the <B>&lt;healthMonitoring&gt;</B> element in the machine-level Web.config file.&nbsp; To audit additional security related events, you create custom event types by deriving from one of the built-in types. </P><P></P><P>The health monitoring feature has built-in providers that allow you to log events in an e-mail message (<B>SimpleMailWebEventProvider</B>, <B>TemplatedMailWebEventProvider</B>), to SQL Server (<B>SqlWebEventProvider</B>), to the event log (<B>EventLogWebEventProvider</B>), as ASP.NET trace output (<B>TraceWebEventProvider</B>), or to the Windows Management Instrumentation (WMI) Web event provider (<B>WMIWebEventProvider</B>).&nbsp; You can configure health monitoring in the machine or application Web.config file to modify the events that are logged and the way in which they are logged.&nbsp;&nbsp;</P><H1>Problem Example</H1><P>An ASP.NET application is deployed on a machine in which the machine level web.config file has been unchanged from default values.&nbsp; However, the application-level web.config file has been modified so that health monitoring is turned off:</P><PRE>&lt;healthMonitoring heartbeatInterval="0" enabled="false"&gt;</PRE><H1>Solution Example</H1><P>An ASP.NET application is deployed on a machine in which the health monitoring element has been unchanged from defaults in both the machine level and application level web.config files, with one exception.&nbsp; </P><P>The defaults look like:</P><PRE>&lt;healthMonitoring heartbeatInterval="0" enabled="true"&gt;<BR>&lt;rules&gt; <BR>&lt;add name="All Errors Default" eventName="All Errors" provider="EventLogProvider"      <BR>&#9;profile="Default" minInstances="1" maxLimit="Infinite"      <BR>&#9;minInterval="00:01:00" custom="" /&gt; <BR>&lt;add name="Failure Audits Default" eventName="Failure Audits"     <BR>&#9;provider="EventLogProvider" profile="Default" minInstances="1"     <BR>&#9;maxLimit="Infinite" minInterval="00:01:00" custom="" /&gt;<BR>&lt;/rules&gt;<BR>&lt;/healthMonitoring&gt;</PRE><P>The only exception to the defaults is that A SQL event provider has been added:</P><PRE>&lt;providers&gt;   <BR>&lt;add connectionStringName="MySqlConnection"      <BR>&#9;maxEventDetailsLength="1073741823"      <BR>&#9;buffer="true"      <BR>&#9;bufferMode="Extra Critical Notification"       <BR>&#9;name="MySqlWebEventProvider"       <BR>&#9;type="System.Web.Management.SqlWebEventProvider,System.Web,Version=2.0.0 .0,<BR>&#9;Culture=neutral,PublicKeyToken=b03f5f7f11d50a3a" /&gt; <BR>&lt;/providers&gt; &nbsp;</PRE><H1>Additional Resources</H1><UL><LI>For more information, see <A href="http://msdn.microsoft.com/library/en-us/dnpag2/html/paght000011.asp">How To: Use Health Monitoring in ASP.NET 2.0</A>.</LI></UL><H1>Related Items</H1><UL><LI>Guideline: <A name=Use_Health_Monitoring_for_Logging_and_A>Use Health Monitoring for Logging and Auditing Events</A></LI></UL>]]></content></guidanceItem>