﻿<?xml version="1.0" encoding="utf-8"?><guidanceItem id="2eaf214c-da7b-4637-9a4f-2c3e149a517e" type="checklist" title="All entry points and trust boundaries are identified by the design." cssFile="guidance.css" Date="2007-12-18T21:54:07.153Z" Author="J.D. Meier, Srinath Vasireddy, Ashish Babbar, John Allen and Alex Mackman" Category="Input and Data Validation" filePath="..\Libraries\patterns &amp; practices Library\Checklist Item\2eaf214c-da7b-4637-9a4f-2c3e149a517e.xml" Priority="2" Rule_Type="Design" Source="patterns &amp; practices Library" Status="Beta" Technology="ASP.NET 1.1" Topic="Security" Type="Checklist Item" xmlns="urn:microsoft:guidanceexplorer:guidanceItem"><content><![CDATA[<H1>Applies to</H1><UL><LI><DIV>ASP.NET 1.1</DIV></LI></UL><H1>What to Check For</H1><P>Check to ensure that your design identifies entry points of the application so that you can track what happens to individual input fields.</P>]]></content></guidanceItem>