﻿<?xml version="1.0" encoding="utf-8"?><guidanceItem id="2ec2000c-7e3b-4ad4-94de-096e686d5f5e" type="checklist" title="Multiple gatekeepers are used for defense in depth." cssFile="guidance.css" Date="2007-12-14T01:54:52.96Z" Author="J.D. Meier, Srinath Vasireddy, Ashish Babbar, John Allen and Alex Mackman" Category="Authorization" filePath="..\Libraries\patterns &amp; practices Library\Checklist Item\2ec2000c-7e3b-4ad4-94de-096e686d5f5e.xml" Priority="2" Rule_Type="Design" Source="patterns &amp; practices Library" Status="Beta" Technology="ASP.NET 1.1" Topic="Security" Type="Checklist Item" xmlns="urn:microsoft:guidanceexplorer:guidanceItem"><content><![CDATA[<H1>Applies to</H1><UL><LI><DIV>ASP.NET 1.1</DIV></LI></UL><H1>What to Check For</H1><P>Check to ensure&nbsp;that your design does not rely on a single gatekeeper to enforce access control. Consider what happens if this gatekeeper fails or if an attack manages to bypass it. </P><H1>How to Check</H1><H3>Use Multiple Gatekeepers</H3><P>On the server side, you can use IP Security Protocol (IPSec) policies to provide host restrictions to restrict server-to-server communication. For example, an IPSec policy might restrict any host apart from a nominated Web server from connecting to a database server. IIS provides Web permissions and Internet Protocol/ Domain Name System (IP/DNS) restrictions. IIS Web permissions apply to all resources requested over HTTP regardless of the user. They do not provide protection if an attacker manages to log on to the server. For this, NTFS permissions allow you to specify per user access control lists. Finally, ASP.NET provides URL authorization and File authorization together with principal permission demands. By combining these gatekeepers you can develop an effective authorization strategy</P>]]></content></guidanceItem>