﻿<?xml version="1.0" encoding="utf-8"?><guidanceItem id="2ee3e227-df44-4550-b0d7-d239fc8e7c01" type="checklist" title="Prefer single large assemblies rather than multiple smaller assemblies" cssFile="guidance.css" Date="2007-12-15T00:42:42.593Z" Author="J.D. Meier, Srinath Vasireddy, Ashish Babbar, Rico Mariani, and Alex Mackman" Category="Design Considerations" filePath="..\Libraries\patterns &amp; practices Library\Checklist Item\2ee3e227-df44-4550-b0d7-d239fc8e7c01.xml" Priority="2" Rule_Type="Implementation" Source="patterns &amp; practices Library" Status="Beta" Technology=".NET 1.1" Topic="Performance" Type="Checklist Item" xmlns="urn:microsoft:guidanceexplorer:guidanceItem"><content><![CDATA[<H1>Applies to</H1><UL><LI><DIV>.NET 1.1</DIV></LI></UL><H1>What to Check For</H1><P>Check to ensure that your application&nbsp;prefers single large assemblies rather than multiple smaller assemblies.</P><H1>How to Check</H1><P>To help reduce your application's working set, you should prefer single larger assemblies rather than multiple smaller assemblies. If you have several assemblies that are always loaded together, you should combine them and create a single assembly.</P><P>The overhead associated with having multiple smaller assemblies can be attributed to the following: </P><UL><LI>The cost of loading metadata for smaller assemblies. <LI>Touching various memory pages in pre-compiled images in the CLR in order to load the assembly (if it is precompiled with Ngen.exe). <LI>JIT compile time. <LI>Security checks. </LI></UL><P>Because you pay for only the memory pages your program accesses, larger assemblies provide the Native Image Generator utility (Ngen.exe) with a greater chance to optimize the native image it produces. Better layout of the image means that necessary data can be laid out more densely, which in turn means fewer overall pages are needed to do the job compared to the same code laid out in multiple assemblies.</P><P>Sometimes you cannot avoid splitting assemblies; for example, for versioning and deployment reasons. If you need to ship types separately, you may need separate assemblies. </P><H1>Additional Resources</H1><UL><LI>For more information about performance testing, see Chapter 5, "<A href="http://msdn2.microsoft.com/en-us/library/ms998547.aspx">Improving Managed Code Performance</A>".</LI></UL>]]></content></guidanceItem>