﻿<?xml version="1.0" encoding="utf-8"?><guidanceItem id="2f36a9b0-1055-4f62-a85d-926164c5439b" type="checklist" title="Know your authentication options" cssFile="guidance.css" Date="2008-06-27T15:26:59.043Z" Author="J.D. Meier, Jason Taylor, Prashant Bansode, Carlos Farre, Madhu Sundararajan, Rob Boucher, Steve Gregersen" Category="Authentication" filePath="..\Libraries\patterns &amp; practices Library\Checklist Item\2f36a9b0-1055-4f62-a85d-926164c5439b.xml" Priority="2" Rule_Type="Implementation" Source="patterns &amp; practices Library" Status="Release" Technology="WCF 3.5" Topic="Security" Type="Checklist Item" xmlns="urn:microsoft:guidanceexplorer:guidanceItem"><content><![CDATA[<H1>Applies to</H1><UL><LI>Microsoft&#174; Windows Communication Foundation (WCF) 3.5 <LI>Microsoft Visual Studio&#174; 2008</LI></UL><H1>What to Check For</H1><P>Check to ensure that you know the Authentication options for your service.<BR></P>

]]></content></guidanceItem>