﻿<?xml version="1.0" encoding="utf-8"?><guidanceItem id="2f465ab8-54b1-402c-a318-19b6c7f12811" type="checklist" title="Avoid moving binary large objects repeatedly." cssFile="guidance.css" Date="2008-01-12T01:03:00.67Z" Author="J.D. Meier, Srinath Vasireddy, Ashish Babbar, and Alex Mackman" Category="Binary Large Objects" filePath="..\Libraries\patterns &amp; practices Library\Checklist Item\2f465ab8-54b1-402c-a318-19b6c7f12811.xml" Priority="2" Rule_Type="Implementation" Source="patterns &amp; practices Library" Status="Beta" Technology="ADO.NET 1.1" Topic="Performance" Type="Checklist Item" xmlns="urn:microsoft:guidanceexplorer:guidanceItem"><content><![CDATA[<H1>Applies to</H1><UL><LI><DIV>ADO.NET 1.1</DIV></LI></UL><H1>What to Check For</H1><P>Check to ensure that your application avoids moving binary large objects as it affects performance and scalability.</P><H1>How to Check</H1><P>Avoid moving BLOB data more than one time. For example, if you build a Web application that serves images, store the images on the file system and the file names in the database instead of storing the images as BLOBs in the database.</P><P>Storing the images as BLOBs in the database means that you must read the BLOB from the database to the Web server and then send the image from the Web server to the browser. Reading the file name from the database and having the Web server send the image to the browser reduces the load on the database server. It also reduces the data that is sent between the database and the Web server. This can significantly affect performance and scalability.</P>]]></content></guidanceItem>