﻿<?xml version="1.0" encoding="utf-8"?><guidanceItem id="2f986a07-4b60-41bd-8c8f-2ac7f1196284" type="checklist" title="Hashed password format is specified in provider configuration." cssFile="guidance.css" Date="2007-12-13T23:48:51.227Z" Author="J.D. Meier, Alex Mackman, Blaine Wastell, Prashant Bansode, Andy Wigley, Kishore Gopalan" Category="Forms Authentication" filePath="..\Libraries\patterns &amp; practices Library\Checklist Item\2f986a07-4b60-41bd-8c8f-2ac7f1196284.xml" Priority="2" Rule_Type="Implementation" Source="patterns &amp; practices Library" Status="Beta" Technology="ASP.NET 2.0" Topic="Security" Type="Checklist Item" xmlns="urn:microsoft:guidanceexplorer:guidanceItem"><content><![CDATA[<H1>Applies to</H1><UL><LI><DIV>ASP.NET 2.0</DIV></LI></UL><H1>What to Check For</H1><P>Check to ensure that hashed password format is specified in provider configuration.</P>]]></content></guidanceItem>