﻿<?xml version="1.0" encoding="utf-8"?><guidanceItem id="2fc2a4ec-1c36-44ae-9d72-c46b2f8aa6e2" type="checklist" title="Use UpdateText to write to SQL Server databases." cssFile="guidance.css" Date="2007-12-17T03:33:40.023Z" Author="J.D. Meier, Alex Mackman, Blaine Wastell, Prashant Bansode, Chaitanya Bijwe" Category="Binary Large Objects" filePath="..\Libraries\patterns &amp; practices Library\Checklist Item\2fc2a4ec-1c36-44ae-9d72-c46b2f8aa6e2.xml" Priority="2" Rule_Type="Implementation" Source="patterns &amp; practices Library" Status="Beta" Technology="ADO.NET 2.0" Topic="Performance" Type="Checklist Item" xmlns="urn:microsoft:guidanceexplorer:guidanceItem"><content><![CDATA[<H1>Applies to</H1><UL><LI><DIV>ADO.NET 2.0</DIV></LI></UL><H1>What to Check For</H1><P>Check to ensure that your application uses UpdateText command when writing chunks of data&nbsp;to SQL Server databases.</P><H1>How to Check</H1><P>If you are using SQL Server, you can use the <B>UpdateText</B> function to write the data in chunks, as shown in the following code fragment.</P><DIV><PRE>int BUFFER_LENGTH = 32768;<BR> // Chunk size.<BR>// Set the existing BLOB to null and<BR>// Obtain a pointer to the BLOB using TEXTPTR<BR>SqlCommand cmdGetPointer = new SqlCommand(<BR> "SET NOCOUNT ON;UPDATE Categories SET Picture = 0x0<BR> WHERE CategoryName='Test';" &#43; "SELECT &#64;Pointer=TEXTPTR(Picture)<BR> FROM Categories WHERE CategoryName='Test'",  cn);<BR>// Set up the parameters.<BR>// Run the query.<BR>// Set up the UPDATETEXT command to read the BLOB by passing the following<BR>// parameters: &#64;Pointer - pointer to blob, &#64;Offset - number of bytes to<BR>// skip before starting the read, &#64;Size - number of bytes to read.<BR>SqlCommand cmdUploadBinary = new SqlCommand(<BR>  "UPDATETEXT Categories.Picture &#64;Pointer &#64;Offset &#64;Delete WITH LOG &#64;Bytes", cn);<BR>// Set up the parameters.<BR>// Read buffer full of data and then run the UPDATETEXT statement.<BR>Byte &#91;&#93; Buffer = br.ReadBytes(BUFFER_LENGTH);<BR>while(Buffer.Length &gt; 0)&#123;<BR>  PointerParam.Value = PointerOutParam.Value;<BR>  BytesParam.Value = Buffer;<BR>  cmdUploadBinary.ExecuteNonQuery();<BR>  DeleteParam.Value = 0;<BR> //Do not delete any other data.<BR>  Offset &#43;= Buffer.Length;<BR>  OffsetParam.Value = Offset;<BR>  Buffer = br.ReadBytes(BUFFER_LENGTH);<BR>&#125;</PRE></DIV><H1>Additional Resources</H1><UL><LI>For more information about writing BLOB data to SQL Server, see "Conserving Resources When Writing BLOB Values to SQL Server" in .<I>NET Framework Developer's Guide </I>at <A href="http://msdn.microsoft.com/library/default.asp?url=/library/en-us/cpguide/html/cpconconservingresourceswhenwritingblobvaluestosqlserver.asp">http://msdn.microsoft.com/library/default.asp?url=/library/en-us/cpguide/html/cpconconservingresourceswhenwritingblobvaluestosqlserver.asp</A>. <LI>Or, see Knowledge Base article 317043, "HOW TO: Read and Write a File to and from a BLOB Column by Using Chunking in ADO.NET and Visual C# .NET," at <A href="http://support.microsoft.com/default.aspx?scid=kb;en-us;317043">http://support.microsoft.com/default.aspx?scid=kb;en-us;317043</A>.</LI></UL>]]></content></guidanceItem>