﻿<?xml version="1.0" encoding="utf-8"?><guidanceItem id="2fc23b0b-3ac3-4da7-b50c-c12629fff767" type="checklist" title="Methods that use IntPtr fields in a type that has a finalizer call GC.KeepAlive(object)." cssFile="guidance.css" Date="2007-12-15T00:14:11.513Z" Author="J.D. Meier, Srinath Vasireddy, Ashish Babbar, Rico Mariani, and Alex Mackman" Category="Unmanaged Code" filePath="..\Libraries\patterns &amp; practices Library\Checklist Item\2fc23b0b-3ac3-4da7-b50c-c12629fff767.xml" Priority="2" Rule_Type="Implementation" Source="patterns &amp; practices Library" Status="Beta" Technology=".NET 1.1" Topic="Security" Type="Checklist Item" xmlns="urn:microsoft:guidanceexplorer:guidanceItem"><content><![CDATA[<H1>Applies to</H1><UL><LI><DIV>.NET 1.1</DIV></LI></UL><H1>What to Check For</H1><P>Check to ensure that the methods that use IntPtr fields in a type that has a finalizer call GC.KeepAlive(object).</P>]]></content></guidanceItem>