﻿<?xml version="1.0" encoding="utf-8"?><guidanceItem id="301551a9-686c-4f81-a58c-48bae55b06ad" type="checklist" title="The documentation protocol is disabled if you do not want to support the dynamic generation of WSDL." cssFile="guidance.css" Date="2007-12-18T20:11:28.247Z" Author="J.D. Meier, Alex Mackman, Michael Dunner, Srinath Vasireddy, Ray Escamilla and Anandha Murukan" Category="Administration" filePath="..\Libraries\patterns &amp; practices Library\Checklist Item\301551a9-686c-4f81-a58c-48bae55b06ad.xml" Priority="2" Rule_Type="Deployment" Source="patterns &amp; practices Library" Status="Beta" Technology="Web Services (.NET 1.1)" Topic="Security" Type="Checklist Item" xmlns="urn:microsoft:guidanceexplorer:guidanceItem"><content><![CDATA[<H1>Applies to</H1><UL><LI><DIV>Web Services (.NET 1.1)</DIV></LI></UL><H1>What to Check For</H1><P>Check to ensure that the documentation protocol is disabled if your&nbsp;application&nbsp;does not want to support the dynamic generation of WSDL. </P>]]></content></guidanceItem>