﻿<?xml version="1.0" encoding="utf-8"?><guidanceItem id="304ec468-ad68-465d-a98b-01890cbef3ae" type="checklist" title="Do not create threads on a per-request basis." cssFile="guidance.css" Date="2008-01-19T00:06:32.533Z" Author="J.D. Meier, Srinath Vasireddy, Ashish Babbar, John Allen and Alex Mackman" Category="Threading" filePath="..\Libraries\patterns &amp; practices Library\Checklist Item\304ec468-ad68-465d-a98b-01890cbef3ae.xml" Priority="2" Rule_Type="Implementation" Source="patterns &amp; practices Library" Status="Beta" Technology="ASP.NET 1.1" Topic="Performance" Type="Checklist Item" xmlns="urn:microsoft:guidanceexplorer:guidanceItem"><content><![CDATA[<H1>Applies to</H1><UL><LI><DIV>ASP.NET 1.1</DIV></LI></UL><H1>What to Check For</H1><P>Check to ensure that your application does not create threads for each client request.</P><H1>Why</H1><P>Creating threads is an expensive operation that requires initialization of both managed and unmanaged resources. You should avoid manually creating threads on each client request for server-based applications such as ASP.NET applications and Web services.</P><H1>How to Fix</H1><P>Consider using asynchronous calls if you have work that is not CPU bound that can run in parallel with the call. For example, this might include disk I/O bound or network I/O bound operations such as reading or writing files, or making calls to another Web method.</P><P>You can use the infrastructure provided by the .NET Framework to perform asynchronous operations by calling the <B>Begin<I>synchronous</I></B> and <B>End<I>synchronous</I></B> methods (where <I>synchronous </I>represents the synchronous method name). If this asynchronous calling pattern is not an option, then consider using threads from the CLR thread pool. The following code fragment shows how you queue a method to run on a separate thread from the thread pool.</P><DIV><PRE>WaitCallback methodTarget = new WaitCallback(myClass.UpdateCache);<BR>bool isQueued = ThreadPool.QueueUserWorkItem(methodTarget);</PRE></DIV>]]></content></guidanceItem>