﻿<?xml version="1.0" encoding="utf-8"?><guidanceItem id="30616cca-8fe5-4828-adee-5000bdabedd4" type="checklist" title="If you host your service in a Windows service, expose a metadata exchange (mex) binding" cssFile="guidance.css" Date="2008-06-27T15:27:46.637Z" Author="J.D. Meier, Jason Taylor, Prashant Bansode, Carlos Farre, Madhu Sundararajan, Rob Boucher, Steve Gregersen" Category="Configuration" filePath="..\Libraries\patterns &amp; practices Library\Checklist Item\30616cca-8fe5-4828-adee-5000bdabedd4.xml" Priority="2" Rule_Type="Implementation" Source="patterns &amp; practices Library" Status="Release" Technology="WCF 3.5" Topic="Security" Type="Checklist Item" xmlns="urn:microsoft:guidanceexplorer:guidanceItem"><content><![CDATA[<H1>Applies to</H1><UL><LI>Microsoft&#174; Windows Communication Foundation (WCF) 3.5 <LI>Microsoft Visual Studio&#174; 2008</LI></UL><H1>What to Check For</H1><P>Check to ensure that your service expose a metadata exchange (mex) binding&nbsp;when hosted in a Windows service.</P>

]]></content></guidanceItem>