﻿<?xml version="1.0" encoding="utf-8"?><guidanceItem id="308cf053-db23-485b-a7ec-1378f4d67877" type="checklist" title="Use singleton where you need to access a synchronized resource." cssFile="guidance.css" Date="2007-12-18T20:43:15.8Z" Author="J.D. Meier, Srinath Vasireddy, Ashish Babbar, and Alex Mackman" Category="Design Considerations" filePath="..\Libraries\patterns &amp; practices Library\Checklist Item\308cf053-db23-485b-a7ec-1378f4d67877.xml" Priority="2" Rule_Type="Implementation" Source="patterns &amp; practices Library" Status="Beta" Technology="Remoting (.NET 1.1)" Topic="Performance" Type="Checklist Item" xmlns="urn:microsoft:guidanceexplorer:guidanceItem"><content><![CDATA[<H1>Applies to</H1><UL><LI><DIV>Remoting (.NET 1.1)</DIV></LI></UL><H1>What to Check For</H1><P>Check to ensure that your application uses singleton where it needs to access a synchronized resource.</P><H1>How to Check</H1><P>Singleton is the preferred solution if you need to have a synchronized access to any resource; for example, a read/write operation being performed on a file. Using singletons ensures that there is only a single instance serving the requests from the clients. </P>]]></content></guidanceItem>