﻿<?xml version="1.0" encoding="utf-8"?><guidanceItem id="3090293d-188c-461a-99e1-d59e2836dff8" type="checklist" title="Dynamic queries that accept user input are used only if stored procedures cannot be used." cssFile="guidance.css" Date="2008-01-18T23:36:26.697Z" Author="J.D. Meier, Alex Mackman, Blaine Wastell, Prashant Bansode, Andy Wigley, Kishore Gopalan" Category="Data Access" filePath="..\Libraries\patterns &amp; practices Library\Checklist Item\3090293d-188c-461a-99e1-d59e2836dff8.xml" Priority="2" Rule_Type="Implementation" Source="patterns &amp; practices Library" Status="Beta" Technology="ASP.NET 2.0" Topic="Security" Type="Checklist Item" xmlns="urn:microsoft:guidanceexplorer:guidanceItem"><content><![CDATA[<H1>Applies to</H1><UL><LI><DIV>ASP.NET 2.0</DIV></LI></UL><H1>What to Check For</H1><P>Check to ensure that your application avoids constructing SQL queries in code that include user input. Make sure that it prefers parameterized store procedures that use type safe SQL parameters. </P><H1>Why</H1><P>If you construct queries dynamically using user input, your code is susceptible to SQL injection. </P><P></P><H1>How to Fix</H1><P>For example, avoid the following style of code.</P><DIV><PRE>// Use dynamic SQLSqlDataAdapter<BR> myCommand = new SqlDataAdapter(<BR>         "SELECT au_lname, au_fname FROM authors WHERE au_id = '" &#43;<BR>          SSN.Text &#43; "'", myConnection);  </PRE></DIV><P>If a malicious user supplies "' ; DROP DATABASE pubs --'" for the SSN.Text field, the code inserts the user's malicious input and generates the following query.</P><DIV><PRE>SELECT au_lname, au_fname FROM authors WHERE au_id = ''; DROP DATABASE pubs --'  </PRE></DIV><P>The ; (semicolon) character tells SQL that this is the end of the current statement, which is then followed by the following malicious SQL code, which in this example drops the authors table.</P>]]></content></guidanceItem>