﻿<?xml version="1.0" encoding="utf-8"?><guidanceItem id="3098a74e-ff39-47d2-aebc-d8b42fce9363" type="checklist" title="Use the ConnectionState property." cssFile="guidance.css" Date="2007-12-17T07:59:54.917Z" Author="J.D. Meier, Srinath Vasireddy, Ashish Babbar, and Alex Mackman" Category="Exception Management" filePath="..\Libraries\patterns &amp; practices Library\Checklist Item\3098a74e-ff39-47d2-aebc-d8b42fce9363.xml" Priority="2" Rule_Type="Implementation" Source="patterns &amp; practices Library" Status="Beta" Technology="ADO.NET 1.1" Topic="Performance" Type="Checklist Item" xmlns="urn:microsoft:guidanceexplorer:guidanceItem"><content><![CDATA[<H1>Applies to</H1><UL><LI><DIV>ADO.NET 1.1</DIV></LI></UL><H1>What to Check For</H1><P>Check to ensure that the database connections are closed&nbsp;by using the ConnectionState property.</P><H1>How to Check</H1><P>Avoid relying on an error handler to detect connection state availability. When you can, use the <B>ConnectionState.Open</B> or <B>ConnectionState.Close</B> method to check the state before use.</P><H1>Additional Resources</H1><UL><LI>For more information about exception handling guidelines specific to performance, see Chapter 5, "<A href="http://msdn2.microsoft.com/en-us/library/ms998547.aspx">Improving Managed Code Performance</A>."</LI></UL>]]></content></guidanceItem>