﻿<?xml version="1.0" encoding="utf-8"?><guidanceItem id="30f4ccc7-86f0-48f6-8c34-488582afe931" type="checklist" title="Pool resources." cssFile="guidance.css" Date="2007-12-18T21:45:16.96Z" Author="J.D. Meier, Srinath Vasireddy, Ashish Babbar, John Allen and Alex Mackman" Category="Resource Management" filePath="..\Libraries\patterns &amp; practices Library\Checklist Item\30f4ccc7-86f0-48f6-8c34-488582afe931.xml" Priority="2" Rule_Type="Implementation" Source="patterns &amp; practices Library" Status="Beta" Technology="ASP.NET 1.1" Topic="Performance" Type="Checklist Item" xmlns="urn:microsoft:guidanceexplorer:guidanceItem"><content><![CDATA[<H1>Applies to</H1><UL><LI><DIV>ASP.NET 1.1</DIV></LI></UL><H1>What to Check For</H1><P>Check to ensure that your application releases pooled resources as soon as possible.</P><H1>How to Check</H1><P>ADO.NET provides built-in database connection pooling that is fully automatic and requires no specific coding. Make sure that you use the same connection string for every request to access the database.</P><P>Make sure you release pooled resources so that they can be returned to the pool as soon as possible. Do not cache pooled resources or make lengthy blocking calls while you own the pooled resource, because this means that other clients cannot use the resource in the meantime. Also, avoid holding objects across multiple requests.</P>]]></content></guidanceItem>