﻿<?xml version="1.0" encoding="utf-8"?><guidanceItem id="30fbd62a-d7d9-414f-8514-145aa683ff03" type="checklist" title="Design exposes a minimal number of public interfaces to limit the assembly's attack surface." cssFile="guidance.css" Date="2008-01-18T23:10:11.073Z" Author="J.D. Meier, Alex Mackman, Blaine Wastell, Prashant Bansode, Chaitanya Bijwe" Category="Assembly Level Checks" filePath="..\Libraries\patterns &amp; practices Library\Checklist Item\30fbd62a-d7d9-414f-8514-145aa683ff03.xml" Priority="2" Rule_Type="Design" Source="patterns &amp; practices Library" Status="Beta" Technology=".NET 2.0" Topic="Security" Type="Checklist Item" xmlns="urn:microsoft:guidanceexplorer:guidanceItem"><content><![CDATA[<H1>Applies to</H1><UL><LI><DIV>.NET 2.0</DIV><DIV></DIV></LI></UL><H1>What to Check For</H1><P>Check to ensure that your application design exposes a minimal number of public interfaces to limit the assembly's attack surface.</P><P></P><H1>How to Fix</H1><P>Think carefully about the types and members that form part of your assembly's public interface. Design your interfaces at the beginning of your project, and use a well-designed, minimal public interface. Use friend assemblies to allow other assemblies to access internal and protected members. This is important because it limits your assembly's attack surface by minimizing the number of entry points.</P>]]></content></guidanceItem>