﻿<?xml version="1.0" encoding="utf-8"?><guidanceItem id="312fc761-d1dd-4564-8e86-47b73f52b770" type="checklist" title="The design identifies the deployment infrastructure requirements and the deployment configuration of the application." cssFile="guidance.css" Date="2007-12-18T21:30:11.86Z" Author="J.D. Meier, Srinath Vasireddy, Ashish Babbar, John Allen and Alex Mackman" Category="Deployment Considerations" filePath="..\Libraries\patterns &amp; practices Library\Checklist Item\312fc761-d1dd-4564-8e86-47b73f52b770.xml" Priority="2" Rule_Type="Design" Source="patterns &amp; practices Library" Status="Beta" Technology="ASP.NET 1.1" Topic="Security" Type="Checklist Item" xmlns="urn:microsoft:guidanceexplorer:guidanceItem"><content><![CDATA[<H1>Applies to</H1><UL><LI><DIV>ASP.NET 1.1</DIV></LI></UL><H1>What to Check For</H1><P>Check to ensure that your application design identifies the deployment infrastructure requirements and the deployment configurations.</P>]]></content></guidanceItem>