﻿<?xml version="1.0" encoding="utf-8"?><guidanceItem id="3138d637-227b-45ed-acf4-e60bf68cb64d" type="checklist" title="Consider validating large documents." cssFile="guidance.css" Date="2007-12-18T21:19:36.447Z" Author="J.D. Meier, Srinath Vasireddy, Ashish Babbar, and Alex Mackman " Category="Design Considerations" filePath="..\Libraries\patterns &amp; practices Library\Checklist Item\3138d637-227b-45ed-acf4-e60bf68cb64d.xml" Priority="2" Rule_Type="Implementation" Source="patterns &amp; practices Library" Status="Beta" Technology="XML (.NET 1.1)" Topic="Performance" Type="Checklist Item" xmlns="urn:microsoft:guidanceexplorer:guidanceItem"><content><![CDATA[<H1>Applies to</H1><UL><LI><DIV>XML (.NET 1.1)</DIV></LI></UL><H1>What to Check For</H1><P>Check to ensure that your application design considers validating large documents.</P><H1>How to Check</H1><P>When you use the <B>XmlDocument</B> class to load a large document that contains errors because the format is not correct, you waste memory and CPU resources. Consider validating the input XML if there is a reasonable chance that the XML is invalid. In a closed environment, you might consider validation an unnecessary overhead, but the decision to use or not use validation is a design decision you need to consider.</P><P>You can perform the validation process and other operations at the same time because the validation class derives from <B>XmlReader</B>. For example, you can use <B>XmlValidatingReader</B> with <B>XmlSerializer</B> to deserialize and validate XML at the same time. The following code fragment shows how to use <B>XmlValidatingReader</B>.</P><DIV><PRE>// payload is the Xml data<BR>StringReader stringReader = new StringReader( payload );<BR>XmlReader xmlReader = new XmlTextReader( stringReader );<BR>XmlValidatingReader vreader = new XmlValidatingReader( xmlReader );<BR>vreader.Schemas.Add(XmlSchema.Read(<BR>                         new XmlTextReader("xyz.xsd"), null ) );<BR>vreader.ValidationType = ValidationType.Schema;<BR>vreader.ValidationEventHandler &#43;= new ValidationEventHandler(ValidationCallBack);</PRE></DIV><P>You can also use a validating read with <B>XmlDocument</B> by passing the validating reader instance to the <B>XmlDocument.Load</B> method, as shown in the following code fragment.</P><DIV><PRE>XmlDocument doc = new XmlDocument();<BR>doc.Load( xmlValidatingReaderInstance );</PRE></DIV><P>Validation comes at a performance cost and there is a tradeoff here between validating the XML documents early to catch invalid content as opposed to the additional processing time that validation takes even in a streaming scenario. Typically, using the <B>XmlValidatingReader</B> to validate an XML document is two to three times slower than using the <B>XmlTextReader</B> without validation and deciding on whether to perform validation depends on your particular application scenario.</P>]]></content></guidanceItem>