﻿<?xml version="1.0" encoding="utf-8"?><guidanceItem id="3154eabb-811e-443e-9b75-7e90e1f680c7" type="checklist" title="Consider calling Web services asynchronously when you have additional parallel work." cssFile="guidance.css" Date="2007-12-18T20:32:25.937Z" Author="J.D. Meier, Srinath Vasireddy, Ashish Babbar, and Alex Mackman" Category="Asynchronous" filePath="..\Libraries\patterns &amp; practices Library\Checklist Item\3154eabb-811e-443e-9b75-7e90e1f680c7.xml" Priority="2" Rule_Type="Implementation" Source="patterns &amp; practices Library" Status="Beta" Technology="Web Services (.NET 1.1)" Topic="Performance" Type="Checklist Item" xmlns="urn:microsoft:guidanceexplorer:guidanceItem"><content><![CDATA[<H1>Applies to</H1><UL><LI><DIV>Web Services (.NET 1.1)</DIV></LI></UL><H1>What to Check For</H1><P>Check to ensure that your application considers calling Web services asynchronously when it has any additional parallel work.</P><H1>How to Fix</H1><P>Asynchronous invocation is the most useful when the client has additional work that it can perform while the Web method executes. Asynchronous calls to Web services result in performance and throughput gains because you free the executing worker thread to do parallel work before it is blocked by the Web services call and waits for the results. This lets you concurrently process any work that is not dependent on the results of the Web services call. The following code snippet shows the approach.</P><DIV><PRE>private void Page_Load(object sender, System.EventArgs e) &#123;<BR>  serv = new localhost.WebService1();<BR>  IAsyncResult result = serv.BeginLengthyProcedure(5000,null,null);<BR>  // perform some additional processing here before blocking<BR>   // wait for the asynchronous operation to complete<BR>  result.AsyncWaitHandle.WaitOne();<BR>  string retStr = serv.EndLengthyProcedure(result);<BR>&#125;</PRE></DIV>]]></content></guidanceItem>