﻿<?xml version="1.0" encoding="utf-8"?><guidanceItem id="319ffb40-3204-4f5f-9aa3-9b6864c032b0" type="checklist" title="Use a trusted server model if possible." cssFile="guidance.css" Date="2007-12-18T06:44:33.24Z" Author="J.D. Meier, Srinath Vasireddy, Ashish Babbar, and Alex Mackman " Category="Security Considerations" filePath="..\Libraries\patterns &amp; practices Library\Checklist Item\319ffb40-3204-4f5f-9aa3-9b6864c032b0.xml" Priority="2" Rule_Type="Implementation" Source="patterns &amp; practices Library" Status="Beta" Technology="Enterprise Services (.NET 1.1)" Topic="Performance" Type="Checklist Item" xmlns="urn:microsoft:guidanceexplorer:guidanceItem"><content><![CDATA[<H1>Applies to</H1><UL><LI><DIV>Enterprise Services (.NET 1.1)</DIV></LI></UL><H1>What to Check For</H1><P>Check to ensure that your application uses a trusted server model if possible.</P><H1>How to Check</H1><P>With the trusted server model, a serviced component uses its fixed process identity to access downstream resources instead of flowing the security context of the original caller with impersonation. Since all database calls from the middle tier use the same process identity, you gain the maximum benefit from connection pooling. For a server application, you configure the process run as identity, using the Component Services tool. For a library application, the identity is determined by the account used to run the client process. With the trusted server model, the downstream resources authenticate and authorize the process identity.</P><H1>Additional Resources</H1><UL><LI>For more information, see "The Trusted Subsystem Model" in Chapter 3, "Authentication and Authorization," of Building Secure ASP.NET Applications<I>: Authentication, Authorization, and Secure Communication </I>on MSDN at <A href="http://msdn2.microsoft.com/en-us/library/aa302383.aspx">http://msdn2.microsoft.com/en-us/library/aa302383.aspx</A>.</LI></UL>]]></content></guidanceItem>