﻿<?xml version="1.0" encoding="utf-8"?><guidanceItem id="31b7e185-4168-494f-841d-b68771fbc86e" type="checklist" title="The TCP/IP stack is hardened on the database server." cssFile="guidance.css" Date="2007-12-18T18:21:15.227Z" Author="J.D. Meier, Alex Mackman, Michael Dunner, Srinath Vasireddy, Ray Escamilla and Anandha Murukan" Category="Deployment Considerations" filePath="..\Libraries\patterns &amp; practices Library\Checklist Item\31b7e185-4168-494f-841d-b68771fbc86e.xml" Priority="2" Rule_Type="Deployment" Source="patterns &amp; practices Library" Status="Beta" Technology="SQL Server 2000" Topic="Security" Type="Checklist Item" xmlns="urn:microsoft:guidanceexplorer:guidanceItem"><content><![CDATA[<H1>Applies to</H1><UL><LI><DIV>SQL Server 2000 </DIV><LI><DIV>Windows 2000 Server</DIV><DIV></DIV></LI></UL><H1>What to Check For</H1><P>Check to ensure that the TCP/IP stack is hardened on the database server.</P><P></P><H1>How to Fix</H1><P>Windows&nbsp;2000 and Windows Server 2003 allow you to control many parameters to configure TCP/IP implementation. Some of the defaults are geared toward server availability and specific features.</P><H1>Additional Resources</H1><UL><LI>For information about how to harden the TCP/IP stack, see "<A href="http://msdn2.microsoft.com/en-us/library/aa302363.aspx">How To: Harden&nbsp;the&nbsp;TCP/IP&nbsp;Stack</A>".</LI></UL>]]></content></guidanceItem>