﻿<?xml version="1.0" encoding="utf-8"?><guidanceItem id="31c889b3-7f17-45ec-b910-2c571aac785a" type="checklist" title="Only catch exceptions for a specific reason and when it is required." cssFile="guidance.css" Date="2007-12-15T00:35:25.177Z" Author="J.D. Meier, Srinath Vasireddy, Ashish Babbar, Rico Mariani, and Alex Mackman" Category="Exception Management" filePath="..\Libraries\patterns &amp; practices Library\Checklist Item\31c889b3-7f17-45ec-b910-2c571aac785a.xml" Priority="2" Rule_Type="Implementation" Source="patterns &amp; practices Library" Status="Beta" Technology=".NET 1.1" Topic="Performance" Type="Checklist Item" xmlns="urn:microsoft:guidanceexplorer:guidanceItem"><content><![CDATA[<H1>Applies to</H1><UL><LI><DIV>.NET 1.1</DIV></LI></UL><H1>What to Check For</H1><P>Check to ensure that your application catch exceptions for a specific reason and only when it is required as catching and rethrowing them&nbsp;are expensive.</P><H1>How to Check</H1><P>Catching exceptions and rethrowing them is expensive, and makes it harder to debug and identify the exact source code that was responsible for the exception. Do not catch exceptions unless you specifically want to record and log the exception details, or can retry a failed operation. If you do not do anything with the exception, it is likely that you end up rethrowing the same exception. Consider the following guidelines for catching exceptions: </P><UL><LI>You should not arbitrarily catch exceptions unless you can add some value. You should let the exception propagate up the call stack to a handler that can perform some appropriate processing. <LI>Do not swallow any exceptions that you do not know how to handle. For example, do not swallow exceptions in your <B>catch</B> block as shown in the following code. <DIV><PRE>catch(Exception e)&#123;<BR>  //Do nothing&#125;</PRE></DIV></LI></UL><H1>Additional Resources</H1><UL><LI><DIV><DIV><P>For more information about the questions and issues raised in this section, see "Exception Management" in Chapter 5, "<A href="http://msdn2.microsoft.com/en-us/library/ms998547.aspx">Improving Managed Code Performance</A>"</P></DIV></DIV></LI></UL>]]></content></guidanceItem>