﻿<?xml version="1.0" encoding="utf-8"?><guidanceItem id="31cf1d2a-a608-4006-a364-d20ab1603e64" type="checklist" title="Connection strings are encrypted if they contain credentials." cssFile="guidance.css" Date="2007-12-14T21:15:57.937Z" Author="J.D. Meier, Alex Mackman, Blaine Wastell, Prashant Bansode, Chaitanya Bijwe" Category="Data Access" filePath="..\Libraries\patterns &amp; practices Library\Checklist Item\31cf1d2a-a608-4006-a364-d20ab1603e64.xml" Priority="2" Rule_Type="Implementation" Source="patterns &amp; practices Library" Status="Beta" Technology=".NET 2.0" Topic="Security" Type="Checklist Item" xmlns="urn:microsoft:guidanceexplorer:guidanceItem"><content><![CDATA[<H1>Applies to</H1><UL><LI><DIV>.NET 2.0</DIV><DIV></DIV></LI></UL><H1>What to Check For</H1><P>Check to ensure that the connection strings are encrypted in the configuration files if they contain credentials.</P><P></P><H1>How to Fix</H1><P>Sensitive data items such as connection string stored in configuration files should be encrypted. Encrypting connection strings is particularly important if they contain user credentials; for example, connection strings used with SQL authentication.</P><P>In ASP.NET 2.0, store connection strings in the &lt;<B>connectionStrings</B>&gt; section of Web.config file, and use the Aspnet_regiis tool to encrypt this section. This tool uses one of the protected configuration providers that support DPAPI or RSA encryption.</P><H1>Additional Resources</H1><P>For more information, see the following documents: </P><UL><LI>"How To: Encrypt Configuration Sections in ASP.NET 2.0 Using DPAPI," at <A href="http://msdn2.microsoft.com/en-us/library/ms998280.aspx">http://msdn.microsoft.com/library/en-us/dnpag2/html/PAGHT000005.asp</A> <LI>"How To: Encrypt Configuration Sections in ASP.NET 2.0 Using RSA" at <A href="http://msdn2.microsoft.com/en-us/library/ms998283.aspx">http://msdn.microsoft.com/library/en-us/dnpag2/html/PAGHT000006.asp</A>.</LI></UL>]]></content></guidanceItem>