﻿<?xml version="1.0" encoding="utf-8"?><guidanceItem id="3212feef-6019-440f-987a-10f58bcd79f0" type="checklist" title="Reduce or avoid cross-apartment calls." cssFile="guidance.css" Date="2007-12-18T07:08:27.94Z" Author="J.D. Meier, Srinath Vasireddy, Ashish Babbar, and Alex Mackman" Category="Threading" filePath="..\Libraries\patterns &amp; practices Library\Checklist Item\3212feef-6019-440f-987a-10f58bcd79f0.xml" Priority="2" Rule_Type="Implementation" Source="patterns &amp; practices Library" Status="Beta" Technology="Interop (.NET 1.1)" Topic="Performance" Type="Checklist Item" xmlns="urn:microsoft:guidanceexplorer:guidanceItem"><content><![CDATA[<H1>Applies to</H1><UL><LI><DIV>XML (.NET 1.1)</DIV></LI></UL><H1>What to Check For</H1><P>Check to ensure that your application reduces or avoids cross-apartment calls.</P><H1>How to Check</H1><P>When you call a COM object from a managed application, make sure that the managed code's apartment matches the COM object's apartment type. By using matching apartments, you avoid the thread switch associated with cross-apartment calls.</P><P>You should create apartment-threaded objects on a managed thread with an apartment type of STA. You should create free-threaded objects on a managed thread with an apartment type of multithreaded apartment (MTA). Objects marked Both can run on either STA or MTA without penalty. Table&nbsp;1 shows the relationship between the component threading model and an unmanaged thread's apartment type.</P><P><B>Table&nbsp;1: Threading Model and Thread Apartment Type</B></P><DIV><TABLE><TBODY><TR><TH>Component Threading Model</TH><TH>Unmanaged Thread's Apartment Type</TH></TR><TR><TD>Single&#42;</TD><TD>STA</TD></TR><TR><TD>Apartment</TD><TD>STA</TD></TR><TR><TD>Both</TD><TD>Either&#42;&#42;</TD></TR><TR><TD>Neutral</TD><TD>Either&#42;&#42;</TD></TR><TR><TD>Free</TD><TD>MTA</TD></TR></TBODY></TABLE></DIV><P>&#42;Avoid this where possible. A thread switch may still be necessary if your STA thread is not the Main STA (the first STA thread in the process). In addition, you create contention problems if multiple client threads use single-threaded objects in the same process, because the client threads all share this main STA.</P><P>&#42;&#42; MTA is recommended. Otherwise, problems may occur. For example, an object's finalizer can block while it waits for STA threads, deadlocks can occur, and so on<EM>.</EM></P><P>The way in which you set the managed thread's apartment type depends on the type of managed application.</P>]]></content></guidanceItem>