﻿<?xml version="1.0" encoding="utf-8"?><guidanceItem id="3227cc5e-c598-4191-ac6a-f216f6be29f5" type="checklist" title="Avoid blocking threads." cssFile="guidance.css" Date="2007-12-18T21:46:10.717Z" Author="J.D. Meier, Srinath Vasireddy, Ashish Babbar, John Allen and Alex Mackman" Category="Threading" filePath="..\Libraries\patterns &amp; practices Library\Checklist Item\3227cc5e-c598-4191-ac6a-f216f6be29f5.xml" Priority="2" Rule_Type="Implementation" Source="patterns &amp; practices Library" Status="Beta" Technology="ASP.NET 1.1" Topic="Performance" Type="Checklist Item" xmlns="urn:microsoft:guidanceexplorer:guidanceItem"><content><![CDATA[<H1>Applies to</H1><UL><LI><DIV>ASP.NET 1.1</DIV></LI></UL><H1>What to Check For</H1><P>Check to ensure that the your application avoids blocking threads.</P><H1>How to Check</H1><P>Any operation that you perform from an ASP.NET page that causes the current request thread to block means that one less worker thread from the thread pool is available to service other ASP.NET requests. Avoid blocking threads.</P>]]></content></guidanceItem>