﻿<?xml version="1.0" encoding="utf-8"?><guidanceItem id="324cf623-ec3a-4ad5-b0d7-b5a0191ec3e3" type="checklist" title="Array bounds are checked." cssFile="guidance.css" Date="2007-12-15T00:19:33.467Z" Author="J.D. Meier, Srinath Vasireddy, Ashish Babbar, Rico Mariani, and Alex Mackman" Category="Unmanaged Code" filePath="..\Libraries\patterns &amp; practices Library\Checklist Item\324cf623-ec3a-4ad5-b0d7-b5a0191ec3e3.xml" Priority="2" Rule_Type="Implementation" Source="patterns &amp; practices Library" Status="Beta" Technology=".NET 1.1" Topic="Security" Type="Checklist Item" xmlns="urn:microsoft:guidanceexplorer:guidanceItem"><content><![CDATA[<H1>Applies to</H1><UL><LI><DIV>.NET 1.1</DIV></LI></UL><H1>What to Check For</H1><P>Check to ensure that when input is passed to an unmanaged API using an array, the managed wrapper verifies the capacity of the array is not exceeded.</P>]]></content></guidanceItem>