﻿<?xml version="1.0" encoding="utf-8"?><guidanceItem id="32739e55-8889-4d14-a112-da2587318fac" type="checklist" title="Prefer Base64 encoding." cssFile="guidance.css" Date="2007-12-18T20:22:42.217Z" Author="J.D. Meier, Srinath Vasireddy, Ashish Babbar, and Alex Mackman" Category="Web Services" filePath="..\Libraries\patterns &amp; practices Library\Checklist Item\32739e55-8889-4d14-a112-da2587318fac.xml" Priority="2" Rule_Type="Implementation" Source="patterns &amp; practices Library" Status="Beta" Technology="Web Services (.NET 1.1)" Topic="Performance" Type="Checklist Item" xmlns="urn:microsoft:guidanceexplorer:guidanceItem"><content><![CDATA[<H1>Applies to</H1><UL><LI><DIV>Web Services (.NET 1.1)</DIV></LI></UL><H1>What to Check For</H1><P>Check to ensure that your application prefers Base64 encoding when handling attachments with Web services.&nbsp;&nbsp;</P><H1>How to Check</H1><P>Direct Internet Message Encapsulation (DIME) is a supported part of Web Services Enhancements (WSE), but Microsoft is not investing in this approach long-term. DIME is limited because the attachments are outside the SOAP envelope.</P><H1>How to Fix</H1><P>You have various options when handling attachments with Web services. When choosing your option, consider the following: </P><UL><LI><B>WS-Attachments</B>. WSE versions 1.0 and 2.0 provide support for WS-Attachments, which uses Direct Internet Message Encapsulation (DIME) as an encoding format. Although DIME is a supported part of WSE, Microsoft is not investing in this approach long term. DIME is limited because the attachments are outside the SOAP envelope. <LI><B>Base 64 encoding</B>. Use Base 64 encoding. At this time, you should use Base 64 encoding rather than WS-Attachments when you have advanced Web service requirements, such as security. Base 64 encoding results in a larger message payload (up to two times that of WS-Attachments). You can implement a WSE filter to compress the message with tools such as GZIP before sending it over the network for large amounts of binary data. If you cannot afford the message size that Base 64 introduces and you can rely on the transport for security (for example, you rely on SSL or IPSec), then consider the WSE WS-Attachments implementation. Securing the message is preferable to securing the transport so that messages can be routed securely, whereas transport only addresses point-to-point communication. <LI><B>SOAP Message</B> <B>Transmission</B> <B>Optimization</B> <B>Mechanism</B> <B>(MTOM)</B>. MTOM, which is a derivative work of SOAP messages with attachments (SwA), is likely to be the future interop technology. MTOM is being standardized by the World Wide Web Consortium (W3C) and is much more composition-friendly than SwA. </LI></UL><H3>SOAP Messages with Attachments (SwA)</H3><P>SwA (also known as WS-I Attachments Profile 1.0) is not supported. This is because you cannot model a MIME message as an XML Infoset, which introduces a non-SOAP processing model and makes it difficult to compose SwA with the rest of the WS-&#42; protocols, including WS-Security. The W3C MTOM work was specifically chartered to fix this problem with SwA, and Microsoft is planning to support MTOM in WSE 3.0.</P><H1>Additional Resources</H1><UL><LI>For more information&nbsp;see "<A href="http://msdn2.microsoft.com/en-us/library/ms998562.aspx">Improving Web Services Performance</A>".</LI></UL>]]></content></guidanceItem>