﻿<?xml version="1.0" encoding="utf-8"?><guidanceItem id="32e3b3dd-b8e4-4708-ac45-4d855f6cc800" type="checklist" title="The design identifies protection mechanisms for sensitive data that is sent over the network." cssFile="guidance.css" Date="2007-12-18T22:04:44.07Z" Author="J.D. Meier, Srinath Vasireddy, Ashish Babbar, John Allen and Alex Mackman" Category="Sensitive Data" filePath="..\Libraries\patterns &amp; practices Library\Checklist Item\32e3b3dd-b8e4-4708-ac45-4d855f6cc800.xml" Priority="2" Rule_Type="Design" Source="patterns &amp; practices Library" Status="Beta" Technology="ASP.NET 1.1" Topic="Security" Type="Checklist Item" xmlns="urn:microsoft:guidanceexplorer:guidanceItem"><content><![CDATA[<H1>Applies to</H1><UL><LI><DIV>ASP.NET 1.1</DIV></LI></UL><H1>What to Check For</H1><P>Check to ensure that your application&nbsp;passes sensitive data over encrypted communication links.</P><H1>How to Check</H1><P>If you pass sensitive data over the network, check that the data is either encrypted by the application or that the data is only passed over encrypted communication links.</P><P></P>]]></content></guidanceItem>