﻿<?xml version="1.0" encoding="utf-8"?><guidanceItem id="33082c6e-1395-4537-87dd-b02fceac6fe7" type="checklist" title="Partially trusted methods call only other partially trusted methods." cssFile="guidance.css" Date="2007-12-15T00:08:30.053Z" Author="J.D. Meier, Srinath Vasireddy, Ashish Babbar, Rico Mariani, and Alex Mackman" Category="Code Access Security" filePath="..\Libraries\patterns &amp; practices Library\Checklist Item\33082c6e-1395-4537-87dd-b02fceac6fe7.xml" Priority="2" Rule_Type="Implementation" Source="patterns &amp; practices Library" Status="Beta" Technology=".NET 1.1" Topic="Security" Type="Checklist Item" xmlns="urn:microsoft:guidanceexplorer:guidanceItem"><content><![CDATA[<H1>Applies to</H1><UL><LI><DIV>.NET 1.1</DIV></LI></UL><H1>What to Check For</H1><P>Check to ensure that Partially trusted methods call only other partially trusted methods when performing code analysis with FxCop tool.</P>]]></content></guidanceItem>