﻿<?xml version="1.0" encoding="utf-8"?><guidanceItem id="333f58b2-ba74-44a8-aafb-013591f6edb7" type="checklist" title="Reduce round trips." cssFile="guidance.css" Date="2007-12-14T01:39:14.1Z" Author="J.D. Meier, Srinath Vasireddy, Ashish Babbar, John Allen and Alex Mackman" Category="Design Considerations" filePath="..\Libraries\patterns &amp; practices Library\Checklist Item\333f58b2-ba74-44a8-aafb-013591f6edb7.xml" Priority="2" Rule_Type="Implementation" Source="patterns &amp; practices Library" Status="Beta" Technology="ASP.NET 1.1" Topic="Performance" Type="Checklist Item" xmlns="urn:microsoft:guidanceexplorer:guidanceItem"><content><![CDATA[<H1>Applies to</H1><UL><LI><DIV>ASP.NET 1.1</DIV></LI></UL><H1>What to Check For</H1><P>Check to ensure that your application uses ASP.NET features in reducing round trips.</P><H1>How to Fix</H1><P>Use the following techniques and features in ASP.NET to minimize the number of round trips between a Web server and a browser, and between a Web server and a downstream system: </P><UL><LI><B>HttpResponse.IsClientConnected</B>. Consider using the <B>HttpResponse.IsClientConnected</B> property to verify if the client is still connected before processing a request and performing expensive server-side operations. However, this call may need to go out of process on IIS 5.0 and can be very expensive. If you use it, measure whether it actually benefits your scenario. <LI><B>Caching</B>. If your application is fetching, transforming, and rendering data that is static or nearly static, you can avoid redundant hits by using caching. <LI><B>Output buffering</B>. Reduce roundtrips when possible by buffering your output. This approach batches work on the server and avoids chatty communication with the client. The downside is that the client does not see any rendering of the page until it is complete. You can use the <B>Response.Flush</B> method. This method sends output up to that point to the client. Note that clients that connect over slow networks where buffering is turned off, affect the response time of your server. The response time of your server is affected because your server needs to wait for acknowledgements from the client. The acknowledgements from the client occur after the client receives all the content from the server. <LI><B>Server.Transfer</B>. Where possible, use the <B>Server.Transfer </B>method instead of the <B>Response.Redirect</B> method. <B>Response.Redirect </B>sends a response header to the client that causes the client to send a new request to the redirected server by using the new URL. <B>Server.Transfer </B>avoids this level of indirection by simply making a server-side call. <P>You cannot always just replace <B>Response.Redirect</B> calls with <B>Server.Transfer</B> calls because <B>Server.Transfer</B> uses a new handler during the handler phase of request processing. If you need authentication and authorization checks during redirection, use <B>Response.Redirect</B> instead of <B>Server.Transfer</B> because the two mechanisms are not equivalent. When you use <B>Response.Redirect</B>, ensure you use the overloaded method that accepts a Boolean second parameter, and pass a value of <B>false</B> to ensure an internal exception is not raised. </P><P>Also note that you can only use <B>Server.Transfer</B> to transfer control to pages in the same application. To transfer to pages in other applications, you must use <B>Response.Redirect</B>. </P></LI></UL><H1>Additional Resources</H1><UL><LI><P>For more information, see Knowledge Base article 312629, "PRB: ThreadAbortException Occurs If You Use Response.End, Response.Redirect, or Server.Transfer," at <A href="http://support.microsoft.com/default.aspx?scid=kb;en-us;312629">http://support.microsoft.com/default.aspx?scid=kb;en-us;312629</A>.</P></LI></UL>]]></content></guidanceItem>