﻿<?xml version="1.0" encoding="utf-8"?><guidanceItem id="33f7552f-4651-42a7-aca5-75e1a9fd1d5b" type="checklist" title="Avoid blocking threads." cssFile="guidance.css" Date="2007-12-14T00:11:29.6Z" Author="J.D. Meier, Alex Mackman, Blaine Wastell, Prashant Bansode, Andy Wigley, Kishore Gopalan" Category="Threading" filePath="..\Libraries\patterns &amp; practices Library\Checklist Item\33f7552f-4651-42a7-aca5-75e1a9fd1d5b.xml" Priority="2" Rule_Type="Implementation" Source="patterns &amp; practices Library" Status="Beta" Technology="ASP.NET 2.0" Topic="Performance" Type="Checklist Item" xmlns="urn:microsoft:guidanceexplorer:guidanceItem"><content><![CDATA[<H1>Applies to</H1><UL><LI><DIV>ASP.NET 2.0</DIV></LI></UL><H1>What to Check For</H1><P>Check to ensure that the your application avoids blocking threads.</P><H1>How to Check</H1><P>Any operation that you perform from an ASP.NET page that causes the current request thread to block means that one less worker thread from the thread pool is available to service other ASP.NET requests. Avoid blocking threads.</P>]]></content></guidanceItem>