﻿<?xml version="1.0" encoding="utf-8"?><guidanceItem id="3433efd3-0e58-404a-806e-36417a05512f" type="checklist" title="Consider splitting complex transformations into several stages." cssFile="guidance.css" Date="2007-12-18T21:14:38.257Z" Author="J.D. Meier, Srinath Vasireddy, Ashish Babbar, and Alex Mackman " Category="XSLT" filePath="..\Libraries\patterns &amp; practices Library\Checklist Item\3433efd3-0e58-404a-806e-36417a05512f.xml" Priority="2" Rule_Type="Implementation" Source="patterns &amp; practices Library" Status="Beta" Technology="XML (.NET 1.1)" Topic="Performance" Type="Checklist Item" xmlns="urn:microsoft:guidanceexplorer:guidanceItem"><content><![CDATA[<H1>Applies to</H1><UL><LI><DIV>XML (.NET 1.1)</DIV></LI></UL><H1>What to Check For</H1><P>Check to ensure that your application considers splitting complex transformations into several stages.</P><H1>How to Check</H1><P>You can incrementally transform an XML document by using multiple XSLT style sheets to generate the final required output. This process is referred to as <I>pipelining</I> and is particularly beneficial for complex transformations over large XML documents.</P><H1>Additional Resources</H1><UL><LI>For more information about how to split complex transformations into several stages, see Microsoft Knowledge Base article 320847, "HOW TO: Pipeline XSLT Transformations in .NET Applications," at <A href="http://support.microsoft.com/default.aspx?scid=kb;en-us;320847">http://support.microsoft.com/default.aspx?scid=kb;en-us;320847</A>. <LI>For more information about XSLT processing, see the following Microsoft Knowledge Base articles: <UL><LI>325689, "INFO: Performance of XSLT Transformations in the .NET Framework," at <A href="http://support.microsoft.com/default.aspx?scid=kb;en-us;325689">http://support.microsoft.com/default.aspx?scid=kb;en-us;325689</A>. <LI>313997, "INFO: Roadmap for Executing XSLT Transformations in .NET Applications," at <A href="http://support.microsoft.com/default.aspx?scid=kb;en-us;313997">http://support.microsoft.com/default.aspx?scid=kb;en-us;313997</A>. <LI>307322, "HOW TO: Apply an XSL Transformation to an XML Document by Using Visual C# .NET," at <A href="http://support.microsoft.com/default.aspx?scid=kb;en-us;307322">http://support.microsoft.com/default.aspx?scid=kb;en-us;307322</A>. <LI>300929, "HOW TO: Apply an XSL Transformation from an XML Document to an XML Document by Using Visual Basic .NET," at <A href="http://support.microsoft.com/default.aspx?scid=kb;en-us;300929">http://support.microsoft.com/default.aspx?scid=kb;en-us;300929</A>. <LI>320847, "HOW TO: Pipeline XSLT Transformations in .NET Applications," at <A href="http://support.microsoft.com/default.aspx?scid=kb;en-us;320847">http://support.microsoft.com/default.aspx?scid=kb;en-us;320847</A>. </LI></UL></LI></UL>]]></content></guidanceItem>