﻿<?xml version="1.0" encoding="utf-8"?><guidanceItem id="344e2ba4-4973-4f10-8075-8bf04feea79d" type="checklist" title="The design outlines a standardized approach to structured exception handling across the application." cssFile="guidance.css" Date="2007-12-18T21:54:31.347Z" Author="J.D. Meier, Srinath Vasireddy, Ashish Babbar, John Allen and Alex Mackman" Category="Exception Management" filePath="..\Libraries\patterns &amp; practices Library\Checklist Item\344e2ba4-4973-4f10-8075-8bf04feea79d.xml" Priority="2" Rule_Type="Design" Source="patterns &amp; practices Library" Status="Beta" Technology="ASP.NET 1.1" Topic="Security" Type="Checklist Item" xmlns="urn:microsoft:guidanceexplorer:guidanceItem"><content><![CDATA[<H1>Applies to</H1><UL><LI><DIV>ASP.NET 1.1</DIV></LI></UL><H1>What to Check For</H1><P>Check to ensure that&nbsp;your design uses&nbsp;a centralized exception management and logging solution and considers providing hooks into your exception management system to support instrumentation and centralized monitoring to help system administrators.</P><H1>Why</H1><P>Secure exception handling can help prevent certain application-level denial of service attacks and it can also be used to prevent valuable system-level information useful to attackers from being returned to the client. For example, without proper exception handling, information such as database schema details, operating system versions, stack traces, file names and path information, SQL query strings and other information of value to an attacker can be returned to the client.</P>]]></content></guidanceItem>