﻿<?xml version="1.0" encoding="utf-8"?><guidanceItem id="347afdd9-9d7a-45e1-88de-c71e880cb91b" type="checklist" title="Disable tracing and debugging." cssFile="guidance.css" Date="2008-01-18T23:36:37.973Z" Author="J.D. Meier, Alex Mackman, Blaine Wastell, Prashant Bansode, Andy Wigley, Kishore Gopalan" Category="Deployment Considerations" filePath="..\Libraries\patterns &amp; practices Library\Checklist Item\347afdd9-9d7a-45e1-88de-c71e880cb91b.xml" Priority="2" Rule_Type="Implementation" Source="patterns &amp; practices Library" Status="Beta" Technology="ASP.NET 2.0" Topic="Performance" Type="Checklist Item" xmlns="urn:microsoft:guidanceexplorer:guidanceItem"><content><![CDATA[<H1>Applies to</H1><UL><LI><DIV>ASP.NET 2.0</DIV></LI></UL><H1>What to Check For</H1><P>Check to ensure that your tracing and debugging are disabled in your application.</P><H1>How to Check</H1><P>Before you deploy your application, disable tracing and debugging. Tracing and debugging may cause performance issues. Tracing and debugging are not recommended while your application is running in production.</P><P>Disable tracing and debugging in the Machine.config and Web.config files, as shown in the following sample.</P><DIV><PRE>&lt;configuration&gt;<BR>  &lt;system.web&gt;<BR>    &lt;trace enabled="false" pageOutput="false" /&gt;<BR>      &lt;compilation debug="false" /&gt;<BR>  &lt;/system.web&gt;<BR>&lt;/configuration&gt;</PRE></DIV><BLOCKQUOTE><B>Note&nbsp;&nbsp;&nbsp;</B>You may also want to verify that tracing and debugging are not enabled on individual pages. Individual page settings override the settings in the Web.config file.</BLOCKQUOTE><H1>Additional Resources</H1><UL><LI><DIV><DIV><P>For more information, see Knowledge Base article 815157, "HOW TO: Disable Debugging for ASP.NET Applications" at <A href="http://support.microsoft.com/default.aspx?scid=kb;en-us;815157">http://support.microsoft.com/default.aspx?scid=kb;en-us;815157</A>.</P></DIV></DIV></LI></UL>]]></content></guidanceItem>