﻿<?xml version="1.0" encoding="utf-8"?><guidanceItem id="34a08c2d-5965-44d7-a168-87e8e90427b7" type="checklist" title="Include directories do not have Read Web permission." cssFile="guidance.css" Date="2007-12-18T19:42:06.643Z" Author="J.D. Meier, Alex Mackman, Michael Dunner, Srinath Vasireddy, Ray Escamilla and Anandha Murukan" Category="IIS Configuration" filePath="..\Libraries\patterns &amp; practices Library\Checklist Item\34a08c2d-5965-44d7-a168-87e8e90427b7.xml" Priority="2" Rule_Type="Deployment" Source="patterns &amp; practices Library" Status="Beta" Technology="Web Application" Topic="Security" Type="Checklist Item" xmlns="urn:microsoft:guidanceexplorer:guidanceItem"><content><![CDATA[<H1>Applies to</H1><UL><LI><DIV>Web Application</DIV></LI></UL><H1>What to Check For</H1><P>Check to ensure that the include directories do not have the Read Web permission.</P><P></P><H1>How to Fix</H1><P>Web permissions are configured through the IIS snap-in and are maintained in the IIS metabase. They are not NTFS permissions.</P><P>Use the following Web permissions: </P><UL><LI><B>Read Permissions</B>. Restrict Read permissions on include directories. <LI><B>Write and Execute Permissions</B>. Restrict Write and Execute permissions on virtual directories that allow anonymous access. <LI><B>Script source access</B>. Configure Script source access permissions only on folders that allow content authoring. <LI><B>Write</B>. Configure Write permissions only on folders that allow content authoring. Grant write access only to content authors. <BLOCKQUOTE><B>Note</B>&nbsp;&nbsp;&nbsp;Folders that support content authoring should be configured to require authentication and SSL for encryption.</BLOCKQUOTE></LI></UL>]]></content></guidanceItem>