﻿<?xml version="1.0" encoding="utf-8"?><guidanceItem id="34b36257-bf3b-4119-b491-7b709ec52203" type="checklist" title="Avoid expensive operators such as NOT LIKE." cssFile="guidance.css" Date="2007-12-18T18:12:57.263Z" Author="J.D. Meier, Alex Mackman, Michael Dunner, Srinath Vasireddy, Ray Escamilla and Anandha Murukan" Category="Queries" filePath="..\Libraries\patterns &amp; practices Library\Checklist Item\34b36257-bf3b-4119-b491-7b709ec52203.xml" Priority="2" Rule_Type="Implementation" Source="patterns &amp; practices Library" Status="Beta" Technology="SQL Server 2000" Topic="Performance" Type="Checklist Item" xmlns="urn:microsoft:guidanceexplorer:guidanceItem"><content><![CDATA[<H1>Applies to</H1><UL><LI><DIV>SQL Server 2000</DIV></LI></UL><H1>What to Check For</H1><P>Check to ensure that queries used in your application&nbsp;avoids expensive operators such as NOT LIKE.</P><H1>How to Check</H1><P>Some operators in joins or predicates tend to produce resource-intensive operations. The LIKE operator with a value enclosed in wildcards ("&#37;<I>a value</I>&#37;") almost always causes a table scan. This type of table scan is a very expensive operation because of the preceding wildcard. LIKE operators with only the closing wildcard can use an index because the index is part of a B&#43; tree, and the index is traversed by matching the string value from left to right.</P><P>Negative operations, such as &lt;&gt; or NOT LIKE, are also very difficult to resolve efficiently. Try to rewrite them in another way if you can. If you are only checking for existence, use the IF EXISTS or the IF NOT EXISTS construct instead. You can use an index. If you use a scan, you can stop the scan at the first occurrence.</P><H1>Additional Resources</H1><UL><LI>For more information&nbsp;see "<A href="http://msdn2.microsoft.com/en-us/library/ms998577.aspx">Improving SQL Server Performance</A>".</LI></UL>]]></content></guidanceItem>