﻿<?xml version="1.0" encoding="utf-8"?><guidanceItem id="34c3b93f-a851-446c-86f6-0138d235853b" type="checklist" title="Assemblies marked with AllowPartiallyTrustedCallersAttribute (APTCA) do not expose objects from non-APTCA assemblies." cssFile="guidance.css" Date="2007-12-15T00:19:46.727Z" Author="J.D. Meier, Srinath Vasireddy, Ashish Babbar, Rico Mariani, and Alex Mackman" Category="Code Access Security" filePath="..\Libraries\patterns &amp; practices Library\Checklist Item\34c3b93f-a851-446c-86f6-0138d235853b.xml" Priority="2" Rule_Type="Implementation" Source="patterns &amp; practices Library" Status="Beta" Technology=".NET 1.1" Topic="Security" Type="Checklist Item" xmlns="urn:microsoft:guidanceexplorer:guidanceItem"><content><![CDATA[<H1>Applies to</H1><UL><LI><DIV>.NET 1.1</DIV></LI></UL><H1>What to Check For</H1><P>Check to ensure that Assemblies marked with AllowPartiallyTrustedCallersAttribute (APTCA) do not expose objects from non-APTCA assemblies.</P><H1>How to Check</H1><P>If your strong named assembly contains <B>AllowPartiallyTrustedCallersAttribute</B>, partially trusted callers can call your code. In this situation, check that any resource access or other privileged operation performed by your assembly is authorized and protected with other code access security demands. If you use the .NET&nbsp;Framework class library to access resources, full stack walking demands are automatically issued and will authorize calling code unless your code has used an <B>Assert</B> call to prevent the stack walk. </P>]]></content></guidanceItem>