﻿<?xml version="1.0" encoding="utf-8"?><guidanceItem id="34c42326-9367-4a99-a9b0-4d9f087cea2e" type="checklist" title="The Web service runs using a least-privileged process account " cssFile="guidance.css" Date="2007-12-18T20:08:57.14Z" Author="J.D. Meier, Alex Mackman, Michael Dunner, Srinath Vasireddy, Ray Escamilla and Anandha Murukan" Category="Administration" filePath="..\Libraries\patterns &amp; practices Library\Checklist Item\34c42326-9367-4a99-a9b0-4d9f087cea2e.xml" Priority="2" Rule_Type="Deployment" Source="patterns &amp; practices Library" Status="Beta" Technology="Web Services (.NET 1.1)" Topic="Security" Type="Checklist Item" xmlns="urn:microsoft:guidanceexplorer:guidanceItem"><content><![CDATA[<H1>Applies to</H1><UL><LI><DIV>Web Services (.NET 1.1)</DIV></LI></UL><H1>What to Check For</H1><P>Check to ensure that the Web service runs using a least-privileged process account. </P>]]></content></guidanceItem>