﻿<?xml version="1.0" encoding="utf-8"?><guidanceItem id="34cfcab4-1c5a-4428-bdbb-03bbef71eb93" type="checklist" title="Install assemblies in the GAC if you want to use NGEN to get the best performance" cssFile="guidance.css" Date="2007-12-15T01:16:39.123Z" Author="J.D. Meier, Srinath Vasireddy, Ashish Babbar, Rico Mariani, and Alex Mackman" Category="Ngen.exe" filePath="..\Libraries\patterns &amp; practices Library\Checklist Item\34cfcab4-1c5a-4428-bdbb-03bbef71eb93.xml" Priority="2" Rule_Type="Implementation" Source="patterns &amp; practices Library" Status="Beta" Technology=".NET 1.1" Topic="Performance" Type="Checklist Item" xmlns="urn:microsoft:guidanceexplorer:guidanceItem"><content><![CDATA[<H1>Applies to</H1><UL><LI><DIV>.NET 1.1</DIV></LI></UL><H1>What to Check For</H1><P>Check to ensure that your application&nbsp;installs assemblies in the GAC if it wants to use NGEN to get the best performance.&nbsp;</P><H1>Additional Resources</H1><UL><LI>For more information about how to use Ngen.exe, see "Native Image Generator (Ngen.exe)" in "<I>.</I>NET Framework Tools" on MSDN at <A href="http://msdn.microsoft.com/library/en-us/cptools/html/cpgrfnativeimagegeneratorngenexe.asp">http://msdn.microsoft.com/library/en-us/cptools/html/cpgrfnativeimagegeneratorngenexe.asp</A>.</LI></UL>]]></content></guidanceItem>