﻿<?xml version="1.0" encoding="utf-8"?><guidanceItem id="34f1b990-a364-42ae-b474-21d2c9ec1b1c" type="checklist" title="Authentication cookies are not persisted." cssFile="guidance.css" Date="2008-01-18T23:37:46.823Z" Author="J.D. Meier, Alex Mackman, Blaine Wastell, Prashant Bansode, Andy Wigley, Kishore Gopalan" Category="Forms Authentication" filePath="..\Libraries\patterns &amp; practices Library\Checklist Item\34f1b990-a364-42ae-b474-21d2c9ec1b1c.xml" Priority="2" Rule_Type="Implementation" Source="patterns &amp; practices Library" Status="Beta" Technology="ASP.NET 2.0" Topic="Security" Type="Checklist Item" xmlns="urn:microsoft:guidanceexplorer:guidanceItem"><content><![CDATA[<H1>Applies to</H1><UL><LI><DIV>ASP.NET 2.0</DIV></LI></UL><H1>What to Check For</H1><P>Check to ensure that your application&nbsp;does not persists authentication cookies because they are stored in the user's profile and can be stolen if an attacker gets physical access to the user's computer. </P><P></P><H1>How to Fix</H1><P>To ensure a non-persistent cookie, set the <B>DisplayRememberMe</B> property of the <B>Login</B> control to <B>false</B>. If you are not using the login controls, you can specify a non-persistent cookie when you call either the <B>RedirectFromLoginPage</B> or <B>SetAuthCookie</B> methods of the <B>FormsAuthentication</B> class having validated the user's credentials, as shown here.</P><DIV><PRE>public void Login_Click(object sender, EventArgs e)&#123;<BR>   // Is the user valid?<BR>   if (Membership.ValidateUser(userName.Text, password.Text))<BR>   &#123;<BR>        // Parameter two set to false indicates non-persistent cookie<BR>        FormsAuthentication.RedirectFromLoginPage(username.Text, false);<BR>    &#125;<BR>    else<BR>    &#123;<BR>        Status.Text = "Invalid credentials. Please try again.";<BR>    &#125;<BR>&#125;</PRE></DIV>]]></content></guidanceItem>