﻿<?xml version="1.0" encoding="utf-8"?><guidanceItem id="34f61208-c88e-431f-9665-8debd56b9554" type="checklist" title="Analyze your requirements before choosing the collection type." cssFile="guidance.css" Date="2007-12-15T01:01:00.863Z" Author="J.D. Meier, Srinath Vasireddy, Ashish Babbar, Rico Mariani, and Alex Mackman" Category="Collections " filePath="..\Libraries\patterns &amp; practices Library\Checklist Item\34f61208-c88e-431f-9665-8debd56b9554.xml" Priority="2" Rule_Type="Implementation" Source="patterns &amp; practices Library" Status="Beta" Technology=".NET 1.1" Topic="Performance" Type="Checklist Item" xmlns="urn:microsoft:guidanceexplorer:guidanceItem"><content><![CDATA[<H1>Applies to</H1><UL><LI><DIV>.NET 1.1</DIV></LI></UL><H1>What to Check For</H1><P>Check that your application analyzes its requirements before choosing a collection type.</P><H1>How to Check</H1><P>Do you need to use a collection? Arrays are generally more efficient, particularly if you need to store value types. You should choose a collection based on the size, type of data to be stored, and usage requirements. Use the following evaluation criteria when determining which collection is appropriate: </P><UL><LI><B>Do you need to sort your collection?</B> <LI><B>Do you need to search your collection?</B> <LI><B>Do you need to access each element by index?</B> <LI><B>Do you need a custom collection?</B> </LI></UL><H2>Do You Need to Sort Your Collection?</H2><P>If you need to sort your collection, do the following: </P><UL><LI>Use <B>ArrayList</B> to bind the read-only sorted data to a data grid as a data source. This is better than using a <B>SortedList</B> if you only need to bind read-only data using the indexes in the <B>ArrayList</B> (for example, because the data needs to be displayed in a read-only data grid). The data is retrieved in an <B>ArrayList</B> and sorted for displaying. <LI>Use <B>SortedList</B> for sorting data that is mostly static and needs to be updated only infrequently. <LI>Use <B>NameValueCollection</B> for sorting strings. <LI><B>SortedList</B> presorts the data while constructing the collection. This results in a comparatively expensive creation process for the sorted list, but all updates to the existing data and any small additions to the list are automatically and efficiently resorted as the changes are made. <B>Sortedlist</B> is suitable for mostly static data with minor updates. </LI></UL><H2>Do You Need to Search Your Collection?</H2><P>If you need to search your collection, do the following: </P><UL><LI>Use <B>Hashtable</B> if you search your collection randomly based on a key/value pair. <LI>Use <B>StringDictionary</B> for random searches on string data. <LI>Use <B>ListDictionary</B> for sizes less than 10. </LI></UL><H2>Do You Need to Access Each Element by Index?</H2><P>If you need to access each element by index, do the following: </P><UL><LI>Use <B>ArrayList</B> and <B>StringCollection</B> for zero-based index access to the data. <LI>Use <B>Hashtable</B>, <B>SortedList</B>, <B>ListDictionary</B>, and <B>StringDictionary</B> to access elements by specifying the name of the key. <LI>Use <B>NameValueCollection</B> to access elements, either by using a zero-based index or specifying the key of the element. <LI>Remember that arrays do this better than any other collection type. </LI></UL><H2>Do You Need a Custom Collection?</H2><P>Consider developing a custom collection to address the following scenarios: </P><UL><LI>Develop your own custom collection if you need to marshal by reference because all standard collections are passed by value. For example, if the collection stores objects that are relevant only on the server, you might want to marshal the collection by ref rather than by value. <LI>You need to create a strongly typed collection for your own custom object to avoid the costs of upcasting or downcasting, or both. Note that if you create a strongly typed collection by inheriting <B>CollectionBase</B> or <B>Hashtable</B>, you still end up paying the price of casting, because internally, the elements are stored as objects. <LI>You need a read-only collection. <LI>You need to have your own custom serializing behavior for your strongly typed collection. For example, if you extend <B>Hashtable</B> and are storing objects that implement <B>IDeserializationCallback</B>, you need to customize serialization to factor for the computation of hash values during the serialization process. <LI>You need to reduce the cost of enumeration. </LI></UL><H1>Additional Resources</H1><UL><LI>For more information about performance testing, see Chapter 5, "<A href="http://msdn2.microsoft.com/en-us/library/ms998547.aspx">Improving Managed Code Performance</A>".</LI></UL>]]></content></guidanceItem>