﻿<?xml version="1.0" encoding="utf-8"?><guidanceItem id="350138b3-20d8-46d4-a1b5-a5e1a6e58ebf" type="checklist" title="Serialized data streams are validated when they are deserialized" cssFile="guidance.css" Date="2007-12-14T21:09:54.927Z" Author="J.D. Meier, Alex Mackman, Blaine Wastell, Prashant Bansode, Chaitanya Bijwe" Category="Serialization" filePath="..\Libraries\patterns &amp; practices Library\Checklist Item\350138b3-20d8-46d4-a1b5-a5e1a6e58ebf.xml" Priority="2" Rule_Type="Implementation" Source="patterns &amp; practices Library" Status="Beta" Technology=".NET 2.0" Topic="Security" Type="Checklist Item" xmlns="urn:microsoft:guidanceexplorer:guidanceItem"><content><![CDATA[<H1>Applies to</H1><UL><LI><DIV>.NET 2.0</DIV><DIV></DIV></LI></UL><H1>What to Check For</H1><P>Check to ensure that serialized data streams are validated when they are deserialized.</P><P></P><H1>How to Fix</H1><P>Serialized data should not be considered trusted data. Subject it to the same level of scrutiny that you would subject any other untrusted file, network, or user input. To avoid potentially damaging data being injected into the object, validate each field as it is reconstituted as shown in the following example.</P><PRE><PRE>public void DeserializationMethod(SerializationInfo info, StreamingContext cntx)&#123;<BR>  string someData = info.GetString("someName");<BR>  // Use input validation techniques to validate this data.<BR>&#125;</PRE></PRE>]]></content></guidanceItem>