﻿<?xml version="1.0" encoding="utf-8"?><guidanceItem id="35093e15-88ef-4b5f-a38a-468d2c4d20d6" type="checklist" title="&lt;processModel&gt; element attributes are configured for specific purposes." cssFile="guidance.css" Date="2007-12-18T21:32:37.75Z" Author="J.D. Meier, Srinath Vasireddy, Ashish Babbar, John Allen and Alex Mackman" Category="Configuration" filePath="..\Libraries\patterns &amp; practices Library\Checklist Item\35093e15-88ef-4b5f-a38a-468d2c4d20d6.xml" Priority="2" Rule_Type="Implementation" Source="patterns &amp; practices Library" Status="Beta" Technology="ASP.NET 1.1" Topic="Security" Type="Checklist Item" xmlns="urn:microsoft:guidanceexplorer:guidanceItem"><content><![CDATA[<H1>Applies to</H1><UL><LI><DIV>ASP.NET 1.1</DIV></LI></UL><H1>What to Check For</H1><P>Check to ensure that &lt;processModel&gt; element attributes are configured for specific purposes.</P><H1>How to Check</H1><P>A least-privileged account like ASPNET is used to run the ASP.NET process.</P><DIV><PRE>&lt;processModel userName="Machine" password="AutoGenerate"</PRE></DIV><P>The system account is not used to run the ASP.NET process.</P><P>The <B>Act as part of the operating system</B> privilege is not granted to the process account.</P><P>Credentials for custom accounts are encrypted by using Aspnet_setreg.exe.</P><DIV><PRE>&lt;processModel<BR>  userName="registry:HKLM\SOFTWARE\MY_SECURE_APP\<BR>  processmodel\ASPNET_SETREG,userName"<BR>  password="registry:HKLM\SOFTWARE\MY_SECURE_APP\<BR>  processmodel\ASPNET_SETREG,password" . . ./&gt;</PRE></DIV><P>If the application uses Enterprise Services, <B>comAuthenticationLevel</B> and <B>comImpersonationLevel</B> are configured appropriately.</P><P><B>Call</B> level authentication is set at minimum to ensure that all method calls can be authenticated by the remote application.</P><P><B>PktPrivacy</B> is used to encrypt and tamper proof the data across the wire in the absence of infrastructure channel security (IPSec).</P><P><B>PktIntegrity</B> is used for tamper proofing with no encryption (Eavesdroppers with network monitors can see your data.)</P>]]></content></guidanceItem>