﻿<?xml version="1.0" encoding="utf-8"?><guidanceItem id="3524b23b-7581-4af4-b0fb-6074a0f21565" type="checklist" title="Do not use CommandBuilder at run time." cssFile="guidance.css" Date="2007-12-17T05:27:39.35Z" Author="J.D. Meier, Alex Mackman, Blaine Wastell, Prashant Bansode, Chaitanya Bijwe" Category="Commands" filePath="..\Libraries\patterns &amp; practices Library\Checklist Item\3524b23b-7581-4af4-b0fb-6074a0f21565.xml" Priority="2" Rule_Type="Implementation" Source="patterns &amp; practices Library" Status="Beta" Technology="ADO.NET 2.0" Topic="Performance" Type="Checklist Item" xmlns="urn:microsoft:guidanceexplorer:guidanceItem"><content><![CDATA[<H1>Applies to</H1><UL><LI><DIV>ADO.NET 2.0</DIV></LI></UL><H1>What to Check For</H1><P>Check to ensure&nbsp;that your application does not use any CommandBuilder at run time as it affects performance.</P><H1>How to Check</H1><P><B>CommandBuilder</B> objects such as <B>SqlCommandBuilder</B> and <B>OleDbCommandBuilder</B> automatically generate the <B>InsertCommand</B>, <B>UpdateCommand</B>, and <B>DeleteCommand</B> properties of a <B>DataAdapter. </B>The <B>CommandBuilder</B> objects generate these properties based on the <B>SelectCommand</B> property of the <B>DataAdapter</B>. <B>CommandBuilder</B> objects are useful when you are designing and prototyping your application. However, you should not use them in production applications. The processing required to generate the commands affects performance. Manually create stored procedures for your commands, or use the Visual Studio&#174; .NET design-time wizard and customize them later if necessary.</P>]]></content></guidanceItem>