﻿<?xml version="1.0" encoding="utf-8"?><guidanceItem id="35974533-a553-4410-b7d5-1f081cb27eee" type="checklist" title="Administrative shares (C$ and Admin$) are removed if they are not required " cssFile="guidance.css" Date="2007-12-18T18:13:18.233Z" Author="J.D. Meier, Alex Mackman, Michael Dunner, Srinath Vasireddy, Ray Escamilla and Anandha Murukan" Category="Deployment Considerations" filePath="..\Libraries\patterns &amp; practices Library\Checklist Item\35974533-a553-4410-b7d5-1f081cb27eee.xml" Priority="2" Rule_Type="Deployment" Source="patterns &amp; practices Library" Status="Beta" Technology="SQL Server 2000" Topic="Security" Type="Checklist Item" xmlns="urn:microsoft:guidanceexplorer:guidanceItem"><content><![CDATA[<H1>Applies to</H1><UL><LI><DIV>SQL Server 2000 </DIV><LI><DIV>Windows 2000 Server</DIV><DIV></DIV></LI></UL><H1>What to Check For</H1><P>Check to ensure that access to Administrative shares (C&#36; and Admin&#36;) are removed if they are not required by the Microsoft Management Server (SMS) and Microsoft Operations Manager (MOM).</P><P></P><H1>How to Fix</H1><P>If you are not allowing remote administration of the computer, remove unused administrative shares, for example, C&#36; and Admin&#36;.</P><BLOCKQUOTE><B>Note</B>&nbsp;&nbsp;&nbsp;Some applications may require administrative shares such as Microsoft Management Server&nbsp;(SMS) or Microsoft Operations Manager (MOM). For more information, see Microsoft Knowledge Base article 318751, "How To: Remove Administrative Shares in Windows&nbsp;2000 or Windows NT 4.0."</BLOCKQUOTE><BLOCKQUOTE><B>Note</B>&nbsp;&nbsp;&nbsp;Sharing is disabled by default in Windows Server 2003. If you enable sharing, you need to consider the recommendations above<B>. </B></BLOCKQUOTE>]]></content></guidanceItem>