﻿<?xml version="1.0" encoding="utf-8"?><guidanceItem id="35b9b8bb-e343-45e7-9f83-6982087f998b" type="checklist" title="System or sensitive application information is not revealed. Only generic error messages are returned to the end user." cssFile="guidance.css" Date="2007-12-14T21:09:22.267Z" Author="J.D. Meier, Alex Mackman, Blaine Wastell, Prashant Bansode, Chaitanya Bijwe" Category="Exception Management" filePath="..\Libraries\patterns &amp; practices Library\Checklist Item\35b9b8bb-e343-45e7-9f83-6982087f998b.xml" Priority="2" Rule_Type="Implementation" Source="patterns &amp; practices Library" Status="Beta" Technology=".NET 2.0" Topic="Security" Type="Checklist Item" xmlns="urn:microsoft:guidanceexplorer:guidanceItem"><content><![CDATA[<H1>Applies to</H1><UL><LI><DIV>.NET 2.0</DIV><DIV></DIV></LI></UL><H1>What to Check For</H1><P>Check that your application does not reveals internal system or application details, such as stack traces, SQL statement fragments, and table or database names to the client. Ensure that this type of information is not allowed to propagate to the end user or beyond your current trust boundary.</P><P></P><H1>How to Fix</H1><P>Do not reveal too much information to the caller. Exception details can include operating system and .NET Framework version numbers, method names, computer names, SQL command statements, connection strings, and other details that are very useful to attackers. Write detailed error messages in the event log, and return generic error messages to the user.</P>]]></content></guidanceItem>