﻿<?xml version="1.0" encoding="utf-8"?><guidanceItem id="35dd5b1b-a181-4cd5-8e1c-a7e01aca8593" type="checklist" title="Free form input is sanitized to clean malicious data." cssFile="guidance.css" Date="2007-12-13T23:58:33.573Z" Author="J.D. Meier, Alex Mackman, Blaine Wastell, Prashant Bansode, Andy Wigley, Kishore Gopalan" Category="Input and Data Validation" filePath="..\Libraries\patterns &amp; practices Library\Checklist Item\35dd5b1b-a181-4cd5-8e1c-a7e01aca8593.xml" Priority="2" Rule_Type="Implementation" Source="patterns &amp; practices Library" Status="Beta" Technology="ASP.NET 2.0" Topic="Security" Type="Checklist Item" xmlns="urn:microsoft:guidanceexplorer:guidanceItem"><content><![CDATA[<H1>Applies to</H1><UL><LI><DIV>ASP.NET 2.0</DIV></LI></UL><H1>What to Check For</H1><P>Check to ensure that your application validates all form of input&nbsp;and cleans malicious data either by&nbsp;rejecting or sanitizing.</P><P></P><H1>How to Fix</H1><P>Do not trust input. An attacker passing malicious input can attempt SQL injection, cross-site scripting, and other injection attacks that aim to exploit your application's vulnerabilities. Check for known good data and constrain input by validating it for type, length, format, and range. For Web form applications that obtain input through server controls, use the ASP.NET validator controls, such as the <B>RegularExpressionValidator</B>, <B>RangeValidator</B>, and <B>CustomValidator</B>, to validate and constrain input. Check all numeric fields for type and range. If you are not using server controls, you can use regular expressions and the <B>Regex</B> class, and you can validate numeric ranges by converting the input value to an integer or double and then performing a range check.</P>]]></content></guidanceItem>