﻿<?xml version="1.0" encoding="utf-8"?><guidanceItem id="361cbf0b-67ae-492c-8e93-ecb86d75604f" type="checklist" title="Ensure your design uses appropriate data structures." cssFile="guidance.css" Date="2007-12-14T22:24:20.577Z" Author="J.D. Meier, Srinath Vasireddy, Ashish Babbar, Rico Mariani, and Alex Mackman" Category="Data Structures" filePath="..\Libraries\patterns &amp; practices Library\Checklist Item\361cbf0b-67ae-492c-8e93-ecb86d75604f.xml" Priority="2" Rule_Type="Implementation" Source="patterns &amp; practices Library" Status="Beta" Technology=".NET 2.0" Topic="Performance" Type="Checklist Item" xmlns="urn:microsoft:guidanceexplorer:guidanceItem"><content><![CDATA[<H1>Applies to</H1><UL><LI><DIV>.NET 2.0</DIV></LI></UL><H1>What to Check For</H1><P>Check to ensure that your application design uses appropriate data structures for improved performance.</P><H1>How to Check</H1><P>Choosing the wrong data structure for your task can hurt performance because specific data structures are designed and optimized for particular tasks. For example, if you need to store and pass value types across a physical boundary, rather than using a collection, you can use a simple array, which avoids the boxing overhead.</P><P>Clearly define your requirements for a data structure before choosing one. For example, do you need to sort data, search for data, or access elements by index?</P><H1>Additional Resources</H1><UL><LI><DIV><DIV><P>For more information about improving view state efficiency, see "<A href="http://msdn2.microsoft.com/en-us/library/ms998544.aspx#scalenetchapt04&#37;20_topic12">Data Structures and Algorithms</A>".</P></DIV></DIV></LI></UL>]]></content></guidanceItem>