﻿<?xml version="1.0" encoding="utf-8"?><guidanceItem id="3696c68d-34c1-4dc1-a8b8-f58d720f5e91" type="checklist" title="The design identifies the certificate authority (CA) to be used by the site to support SSL" cssFile="guidance.css" Date="2007-12-18T21:30:08.263Z" Author="J.D. Meier, Srinath Vasireddy, Ashish Babbar, John Allen and Alex Mackman" Category="Deployment Considerations" filePath="..\Libraries\patterns &amp; practices Library\Checklist Item\3696c68d-34c1-4dc1-a8b8-f58d720f5e91.xml" Priority="2" Rule_Type="Design" Source="patterns &amp; practices Library" Status="Beta" Technology="ASP.NET 1.1" Topic="Security" Type="Checklist Item" xmlns="urn:microsoft:guidanceexplorer:guidanceItem"><content><![CDATA[<H1>Applies to</H1><UL><LI><DIV>ASP.NET 1.1</DIV></LI></UL><H1>What to Check For</H1><P>Check to ensure that your application design identifies the certificate authority (CA) to be used by the site to support SSL.</P>]]></content></guidanceItem>