﻿<?xml version="1.0" encoding="utf-8"?><guidanceItem id="36b19f52-4acb-40a5-9969-30d565130503" type="checklist" title="Cache appropriate data" cssFile="guidance.css" Date="2007-12-14T22:25:37.267Z" Author="J.D. Meier, Srinath Vasireddy, Ashish Babbar, Rico Mariani, and Alex Mackman" Category="Caching" filePath="..\Libraries\patterns &amp; practices Library\Checklist Item\36b19f52-4acb-40a5-9969-30d565130503.xml" Priority="2" Rule_Type="Implementation" Source="patterns &amp; practices Library" Status="Beta" Technology=".NET 2.0" Topic="Performance" Type="Checklist Item" xmlns="urn:microsoft:guidanceexplorer:guidanceItem"><content><![CDATA[<H1>Applies to</H1><UL><LI><DIV>.NET 2.0</DIV></LI></UL><H1>What to Check For</H1><P>Check to ensure that your application caches appropriate data such as relatively static Web pages, specific items of output data, stored procedure parameters, and query results.</P><H1>How to Check</H1><P>Identify opportunities for caching early during your application's design. Avoid considering caching only in the later stages of the development cycle as an emergency measure to increase performance.</P><P>Prepare a list of data suitable for caching throughout the various layers of your application. If you do not identify candidate data for caching up front, you can easily generate excessive redundant traffic and perform more work than is necessary.</P><P>Potential candidates for caching include the following: </P><UL><LI><B>Relatively static Web pages</B>. You can cache pages that do not change frequently by using the output cache feature of ASP.NET. Consider using user controls to contain the static portions of a page. This enables you to benefit from ASP.NET fragment caching. <LI><B>Specific items of output data</B>. You can cache data that needs to be displayed to users in the ASP.NET <B>Cache</B> class. <LI><B>Stored procedure parameters and query results</B>. You can cache frequently used query parameters and query results. This is usually done in the data access layer to reduce the number of round trips to the database. Caching partial results helps dynamic pages generate a wide set of output (such as menus and controls) from a small set of cached results. </LI></UL><H1>Additional Resources</H1><UL><LI><DIV><DIV><P>For more information, see the following resources: </P><UL><LI>For more information about the questions raised in this section, see "Caching" in Chapter 3, "<A href="http://msdn2.microsoft.com/en-us/library/ms998541.aspx">Design Guidelines for Application Performance</A>" <LI>For more information and guidelines about caching, see the Caching Architecture Guide for .NET Framework Applications on MSDN at <A href="http://msdn.microsoft.com/library/en-us/dnbda/html/cachingarch.asp">http://msdn.microsoft.com/library/en-us/dnbda/html/CachingArch.asp</A>. <LI>For middle-tier caching solutions, consider the Caching Application Block for .NET on MSDN at <A href="http://msdn.microsoft.com/library/en-us/dnpag/html/cachingblock.asp">http://msdn.microsoft.com/library/en-us/dnpag/html/CachingBlock.asp</A>. </LI></UL></DIV></DIV></LI></UL>]]></content></guidanceItem>