﻿<?xml version="1.0" encoding="utf-8"?><guidanceItem id="3787cac7-af74-4194-b810-826a0ceb4a99" type="checklist" title="Do not use explicit interfaces unnecessarily. " cssFile="guidance.css" Date="2007-12-15T00:37:07.093Z" Author="J.D. Meier, Srinath Vasireddy, Ashish Babbar, Rico Mariani, and Alex Mackman" Category="Class Design Considerations" filePath="..\Libraries\patterns &amp; practices Library\Checklist Item\3787cac7-af74-4194-b810-826a0ceb4a99.xml" Priority="2" Rule_Type="Implementation" Source="patterns &amp; practices Library" Status="Beta" Technology=".NET 1.1" Topic="Performance" Type="Checklist Item" xmlns="urn:microsoft:guidanceexplorer:guidanceItem"><content><![CDATA[<H1>Applies to</H1><UL><LI><DIV>.NET 1.1</DIV></LI></UL><H1>What to Check For</H1><P>Check that your application uses explicit interfaces for versioning and for polymorphism where you have common functionality across multiple classes. Ensure that explicit interfaces are not used unnecessarily. </P><H1>How to Check</H1><P>Generally, you should use an implicit interface-based approach in a class by wrapping functionality and exposing a single API (method) capable of performing a unit of work. This avoids the cost of unnecessary virtual table hops.</P><P>Use explicit interfaces only when you need to support multiple versions or when you need to define common functionality applicable to multiple class implementations (that is, for polymorphism).</P><H1>Additional Resources</H1><UL><LI><DIV><DIV><P>For more information about application architecture, see <I>Application Architecture for .NET: Designing Applications and Services</I> on MSDN at <A href="http://msdn.microsoft.com/library/en-us/dnbda/html/distapp.asp">http://msdn.microsoft.com/library/en-us/dnbda/html/distapp.asp</A>. </P></DIV></DIV></LI></UL>]]></content></guidanceItem>