﻿<?xml version="1.0" encoding="utf-8"?><guidanceItem id="37c95646-deeb-400f-9939-4ac7e2d368c7" type="checklist" title="Design for efficient exception management." cssFile="guidance.css" Date="2007-12-15T00:51:12.137Z" Author="J.D. Meier, Srinath Vasireddy, Ashish Babbar, Rico Mariani, and Alex Mackman" Category="Design Considerations" filePath="..\Libraries\patterns &amp; practices Library\Checklist Item\37c95646-deeb-400f-9939-4ac7e2d368c7.xml" Priority="2" Rule_Type="Implementation" Source="patterns &amp; practices Library" Status="Beta" Technology=".NET 1.1" Topic="Performance" Type="Checklist Item" xmlns="urn:microsoft:guidanceexplorer:guidanceItem"><content><![CDATA[<H1>Applies to</H1><UL><LI><DIV>.NET 1.1</DIV></LI></UL><H1>What to Check For</H1><P>Check to ensure that your application&nbsp;is designed for efficient exception management.</P><H1>How to Check</H1><P>The performance cost of throwing an exception is significant. Although structured exception handling is the recommended way of handling error conditions, make sure you use exceptions only in exceptional circumstances when error conditions occur. Do not use exceptions for regular control flow.&nbsp;</P><H1>Additional Resources</H1><UL><LI>For more information about performance testing, see Chapter 5, "<A href="http://msdn2.microsoft.com/en-us/library/ms998547.aspx">Improving Managed Code Performance</A>".</LI></UL>]]></content></guidanceItem>