﻿<?xml version="1.0" encoding="utf-8"?><guidanceItem id="37ce5b41-1302-4668-9cae-4dd39b380b34" type="checklist" title="Log files are regularly archived and analyzed." cssFile="guidance.css" Date="2007-12-18T19:42:48.583Z" Author="J.D. Meier, Alex Mackman, Michael Dunner, Srinath Vasireddy, Ray Escamilla and Anandha Murukan" Category="IIS Configuration" filePath="..\Libraries\patterns &amp; practices Library\Checklist Item\37ce5b41-1302-4668-9cae-4dd39b380b34.xml" Priority="2" Rule_Type="Deployment" Source="patterns &amp; practices Library" Status="Beta" Technology="Web Application" Topic="Security" Type="Checklist Item" xmlns="urn:microsoft:guidanceexplorer:guidanceItem"><content><![CDATA[<H1>Applies to</H1><UL><LI><DIV>Web Application</DIV></LI></UL><H1>What to Check For</H1><P>Check to ensure that log files&nbsp;are archived for offline analysis.</P><P></P><H1>How to Fix</H1><P>To facilitate the offline analysis of IIS log files, you can use a script to automate secure removal of log files from an IIS server. Log files should be removed at least every 24 hours. An automated script can use FTP, SMTP, HTTP, or SMB to transfer log files from a server computer. However, if you enable one of these protocols, do so securely so that you do not open any additional attack opportunities. Use an IPSec policy to secure ports and channels.</P>]]></content></guidanceItem>