﻿<?xml version="1.0" encoding="utf-8"?><guidanceItem id="37d00a2b-b5ec-4c1a-ab3e-577f379534c9" type="checklist" title="Use performance monitor to monitor common language runtime (CLR) exceptions" cssFile="guidance.css" Date="2007-12-15T01:17:01.083Z" Author="J.D. Meier, Srinath Vasireddy, Ashish Babbar, Rico Mariani, and Alex Mackman" Category="Exception Management" filePath="..\Libraries\patterns &amp; practices Library\Checklist Item\37d00a2b-b5ec-4c1a-ab3e-577f379534c9.xml" Priority="2" Rule_Type="Implementation" Source="patterns &amp; practices Library" Status="Beta" Technology=".NET 1.1" Topic="Performance" Type="Checklist Item" xmlns="urn:microsoft:guidanceexplorer:guidanceItem"><content><![CDATA[<H1>Applies to</H1><UL><LI><DIV>.NET 1.1</DIV></LI></UL><H1>What to Check For</H1><P>Check to ensure that your application&nbsp;uses performance monitor to monitor common language runtime (CLR) exceptions.</P><H1>How to Check</H1><P>Use Performance Monitor to identify the exception behavior of your application. Evaluate the following counters for the <B>.NET CLR Exceptions</B> object: </P><UL><LI><B># of Exceps Thrown</B>. This counter provides the total number of exceptions thrown. <LI><B># of Exceps Thrown / sec</B>. This counter provides the frequency of exceptions thrown. <LI><B># of Finallys / sec</B>. This counter provides the frequency of <B>finally</B> blocks being executed. <LI><B>Throw to Catch Depth / sec</B>. This counter provides the number of stack frames that were traversed from the frame throwing the exception, to the frame handling the exception in the last second. </LI></UL><P>Identify areas of your application that throw exceptions and look for ways to reduce the number of exceptions to increase your application's performance. </P><H1>Additional Resources</H1><UL><LI>For more information on exception management, see the following resources: <UL><LI><DIV>Chapter 15, "<A href="http://msdn2.microsoft.com/en-us/library/ms998579.aspx">Measuring .NET Application Performance</A>" </DIV><LI><DIV>Microsoft Knowledge Base article 315965, "HOW TO: Use Structured Exception Handling in Visual Basic .NET," at <A href="http://support.microsoft.com/default.aspx?scid=kb;en-us;315965">http://support.microsoft.com/default.aspx?scid=kb;en-us;315965</A>.</DIV></LI></UL></LI></UL>]]></content></guidanceItem>