﻿<?xml version="1.0" encoding="utf-8"?><guidanceItem id="37f3f8d5-c26e-46ca-a667-08ece6a2e770" type="checklist" title="Where possible, Universal Data Link (UDL) files for OLE DB data sources are avoided." cssFile="guidance.css" Date="2007-12-17T02:55:06.87Z" Author="J.D. Meier, Alex Mackman, Blaine Wastell, Prashant Bansode, Chaitanya Bijwe" Category="Configuration" filePath="..\Libraries\patterns &amp; practices Library\Checklist Item\37f3f8d5-c26e-46ca-a667-08ece6a2e770.xml" Priority="2" Rule_Type="Implementation" Source="patterns &amp; practices Library" Status="Beta" Technology="ADO.NET 2.0" Topic="Security" Type="Checklist Item" xmlns="urn:microsoft:guidanceexplorer:guidanceItem"><content><![CDATA[<H1>Applies to</H1><UL><LI><DIV>ADO.NET 2.0</DIV></LI></UL><H1>What to Check For</H1><P>Check to ensure that your application avoids supplying connection information for an <B>OleDbConnection</B> in a Universal Data Link (UDL) file. </P><P></P><H1>How to Fix</H1><P>You should avoid supplying connection information for an <B>OleDbConnection</B> in a Universal Data Link (UDL) file. UDL files are not encrypted and expose connection string information in clear text. Because a UDL file is an external file-based resource to your application, it cannot be secured by using the .NET Framework.</P><P>If you must use UDL files, restrict access to them by configuring an access control list (ACL) that restricts access to the account under which your application runs.</P>]]></content></guidanceItem>