﻿<?xml version="1.0" encoding="utf-8"?><guidanceItem id="37fbdc78-dc18-47a5-8bee-d43e5f7bea8b" type="checklist" title="Do not use the sp_prefix for custom stored procedures." cssFile="guidance.css" Date="2007-12-18T18:40:03.84Z" Author="J.D. Meier, Srinath Vasireddy, Ashish Babbar, Sharon Bjeletich and Alex Mackman" Category="Stored Procedures" filePath="..\Libraries\patterns &amp; practices Library\Checklist Item\37fbdc78-dc18-47a5-8bee-d43e5f7bea8b.xml" Priority="2" Rule_Type="Implementation" Source="patterns &amp; practices Library" Status="Beta" Technology="SQL Server 2000" Topic="Performance" Type="Checklist Item" xmlns="urn:microsoft:guidanceexplorer:guidanceItem"><content><![CDATA[<H1>Applies to</H1><UL><LI><DIV>SQL Server 2000</DIV></LI></UL><H1>What to Check For</H1><P>Check to ensure that your application&nbsp;does not use the sp_prefix for custom stored procedures.</P><H1>How to Check</H1><P>SQL Server always looks in the master database for a stored procedure that begins with the <B>sp_</B> prefix. SQL Server then uses any supplied qualifiers such as the database name or owner. Therefore, if you use the <B>sp_</B> prefix for a user-created stored procedure, and you put it in the current database, the master database is still checked first. This occurs even if you qualify the stored procedure with the database name. To avoid this issue, use a custom naming convention, and do not use the <B>sp_</B> prefix.</P><H1>Additional Resources</H1><UL><LI>For more information&nbsp;see "<A href="http://msdn2.microsoft.com/en-us/library/ms998577.aspx">Improving SQL Server Performance</A>".</LI></UL>]]></content></guidanceItem>