﻿<?xml version="1.0" encoding="utf-8"?><guidanceItem id="3867606a-4f0d-47c5-b60e-157fa45a4743" type="checklist" title="Implement strongly typed collections to prevent casting overhead." cssFile="guidance.css" Date="2007-12-15T01:00:29.87Z" Author="J.D. Meier, Srinath Vasireddy, Ashish Babbar, Rico Mariani, and Alex Mackman" Category="Collections " filePath="..\Libraries\patterns &amp; practices Library\Checklist Item\3867606a-4f0d-47c5-b60e-157fa45a4743.xml" Priority="2" Rule_Type="Implementation" Source="patterns &amp; practices Library" Status="Beta" Technology=".NET 1.1" Topic="Performance" Type="Checklist Item" xmlns="urn:microsoft:guidanceexplorer:guidanceItem"><content><![CDATA[<H1>Applies to</H1><UL><LI><DIV>.NET 1.1</DIV></LI></UL><H1>What to Check For</H1><P>Check to ensure that your application&nbsp;implements strongly typed collections to prevent casting overhead.</P><H1>How to Check</H1><P>Implement strongly typed collections to prevent upcasting or downcasting overhead. Do so by having its methods accept or return specific types instead of the generic object type. <B>StringCollection</B> and <B>StringDictionary</B> are examples of strongly typed collections for strings.&nbsp;</P><H1>Additional Resources</H1><UL><LI>For more information and a sample implementation, see "Walkthrough: Creating Your Own Collection Class" in <I>Visual Basic and Visual C# Concepts</I> on MSDN at <A href="http://msdn.microsoft.com/library/en-us/vbcon/html/vaconcreatingyourowncollectionclass.asp">http://msdn.microsoft.com/library/en-us/vbcon/html/vaconCreatingYourOwnCollectionClass.asp</A>. <LI>For more information about performance testing, see Chapter 5, "<A href="http://msdn2.microsoft.com/en-us/library/ms998547.aspx">Improving Managed Code Performance</A>".</LI></UL>]]></content></guidanceItem>