﻿<?xml version="1.0" encoding="utf-8"?><guidanceItem id="38831db5-de61-4dc4-af62-d6db5903c367" type="checklist" title="Avoid using Page.DataBind." cssFile="guidance.css" Date="2007-12-18T21:47:27.91Z" Author="J.D. Meier, Srinath Vasireddy, Ashish Babbar, John Allen and Alex Mackman" Category="Data Binding" filePath="..\Libraries\patterns &amp; practices Library\Checklist Item\38831db5-de61-4dc4-af62-d6db5903c367.xml" Priority="2" Rule_Type="Implementation" Source="patterns &amp; practices Library" Status="Beta" Technology="ASP.NET 1.1" Topic="Performance" Type="Checklist Item" xmlns="urn:microsoft:guidanceexplorer:guidanceItem"><content><![CDATA[<H1>Applies to</H1><UL><LI><DIV>ASP.NET 1.1</DIV></LI></UL><H1>What to Check For</H1><P>Check to ensure that your application avoids using Page.DataBind method as this call DataBind method of every control on the page that supports data binding.</P><H1>How to Check</H1><P>Calling <B>Page.DataBind</B> invokes the page-level method. The page-level method in turn calls the <B>DataBind</B> method of every control on the page that supports data binding. Instead of calling the page-level <B>DataBind</B>, call <B>DataBind</B> on specific controls. Both approaches are shown in the following examples.</P><P>The following line calls the page level <B>DataBind</B>. The page level <B>DataBind</B> in turn recursively calls <B>DataBind</B> on each control.</P><DIV><PRE>DataBind();</PRE></DIV><P>The following line calls <B>DataBind</B> on the specific control. </P><DIV><PRE>yourServerControl.DataBind();</PRE></DIV>]]></content></guidanceItem>