﻿<?xml version="1.0" encoding="utf-8"?><guidanceItem id="3893d1dd-8529-461d-91da-3f4f0224cdd3" type="checklist" title="Administrator account is renamed and has a strong password." cssFile="guidance.css" Date="2007-12-18T19:38:27.62Z" Author="J.D. Meier, Alex Mackman, Michael Dunner, Srinath Vasireddy, Ray Escamilla and Anandha Murukan" Category="IIS Configuration" filePath="..\Libraries\patterns &amp; practices Library\Checklist Item\3893d1dd-8529-461d-91da-3f4f0224cdd3.xml" Priority="2" Rule_Type="Deployment" Source="patterns &amp; practices Library" Status="Beta" Technology="Web Application" Topic="Security" Type="Checklist Item" xmlns="urn:microsoft:guidanceexplorer:guidanceItem"><content><![CDATA[<H1>Applies to</H1><UL><LI><DIV>Web Application</DIV></LI></UL><H1>What to Check For</H1><P>Check to ensure that administrator account is renamed and has a strong password to improve security.</P><P></P><H1>How to Fix</H1><P>The default local Administrator account is a target for malicious use because of its elevated privileges on the computer. To improve security, rename the default Administrator account and assign it a strong password.</P><P>If you intend to perform local administration, configure the account to deny network logon rights and require the administrator to log on interactively. By doing so, you prevent users (well intentioned or otherwise) from using the Administrator account to log on to the server from a remote location. If a policy of local administration is too inflexible, implement a secure remote administration solution. </P>]]></content></guidanceItem>