﻿<?xml version="1.0" encoding="utf-8"?><guidanceItem id="38a33a4b-2147-4bec-b579-d18f3f422162" type="checklist" title="Partition page content to improve caching efficiency and reduce rendering." cssFile="guidance.css" Date="2007-12-18T21:47:04.143Z" Author="J.D. Meier, Srinath Vasireddy, Ashish Babbar, John Allen and Alex Mackman" Category="Pages" filePath="..\Libraries\patterns &amp; practices Library\Checklist Item\38a33a4b-2147-4bec-b579-d18f3f422162.xml" Priority="2" Rule_Type="Implementation" Source="patterns &amp; practices Library" Status="Beta" Technology="ASP.NET 1.1" Topic="Performance" Type="Checklist Item" xmlns="urn:microsoft:guidanceexplorer:guidanceItem"><content><![CDATA[<H1>Applies to</H1><UL><LI><DIV>ASP.NET 1.1</DIV></LI></UL><H1>What to Check For</H1><P>Check to ensure that your application pages are partitioned&nbsp;for efficient caching.</P><H1>How to Check</H1><P>Partition the content in your page to increase caching potential. Partitioning your page content enables you to make different decisions about how you retrieve, display, and cache the content. You can use user controls to segregate static content, such as navigational items, menus, advertisements, copyrights, page headers, and page footers. You should also separate dynamic content and user-specific content for maximum flexibility when you want to cache content.</P><H1>Additional Resources</H1><UL><LI><P>For more information, see "<A href="http://msdn2.microsoft.com/en-us/library/ms998549.aspx#scalenetchapt06_topic14">Partial Page or Fragment Caching</A>".</P></LI></UL>]]></content></guidanceItem>