﻿<?xml version="1.0" encoding="utf-8"?><guidanceItem id="38ceaafd-da38-4c54-bf87-2ba545f0a67b" type="checklist" title="Use testing tools to perform stress and load tests on the system." cssFile="guidance.css" Date="2007-12-18T18:46:12.49Z" Author="J.D. Meier, Srinath Vasireddy, Ashish Babbar, Sharon Bjeletich and Alex Mackman" Category="Performance Testing" filePath="..\Libraries\patterns &amp; practices Library\Checklist Item\38ceaafd-da38-4c54-bf87-2ba545f0a67b.xml" Priority="2" Rule_Type="Implementation" Source="patterns &amp; practices Library" Status="Beta" Technology="SQL Server 2000" Topic="Performance" Type="Checklist Item" xmlns="urn:microsoft:guidanceexplorer:guidanceItem"><content><![CDATA[<H1>Applies to</H1><UL><LI><DIV>SQL Server 2000</DIV></LI></UL><H1>What to Check For</H1><P>Check that your application&nbsp;uses testing tools to perform stress and load tests on the system.</P><H1>Additional Resources</H1><UL><LI>For more information about performance testing, see Chapter 16, "<A href="http://msdn2.microsoft.com/en-us/library/ms998581.aspx">Testing .NET Application Performance</A>".</LI></UL>]]></content></guidanceItem>