﻿<?xml version="1.0" encoding="utf-8"?><guidanceItem id="38d74450-8d86-44b9-8c13-a8f10d1699e2" type="checklist" title="Database auditing is enabled and failed login attempts are logged." cssFile="guidance.css" Date="2007-12-17T02:53:58.14Z" Author="J.D. Meier, Alex Mackman, Blaine Wastell, Prashant Bansode, Chaitanya Bijwe" Category="Deployment Considerations" filePath="..\Libraries\patterns &amp; practices Library\Checklist Item\38d74450-8d86-44b9-8c13-a8f10d1699e2.xml" Priority="2" Rule_Type="Deployment" Source="patterns &amp; practices Library" Status="Beta" Technology="ADO.NET 2.0" Topic="Security" Type="Checklist Item" xmlns="urn:microsoft:guidanceexplorer:guidanceItem"><content><![CDATA[<H1>Applies to</H1><UL><LI><DIV>ADO.NET 2.0</DIV></LI></UL><H1>What to Check For</H1><P>Check to ensure that SQL Server is configured to log failed login attempts and possibly successful login attempts. </P><H1>Why</H1><P>Auditing failed login attempts is helpful to detect an attacker who is attempting to discover account passwords.</P><H1>How to Check</H1><P>By default, SQL Server login auditing is not enabled. Minimally, you should audit failed logins.</P><BLOCKQUOTE><B>Note</B>&nbsp;&nbsp;&nbsp;Log entries are written to SQL log files. By default, these are located in C:\Program Files\Microsoft SQL Server\MSSQL\LOG. You can use any text reader, such as Notepad, to view them.</BLOCKQUOTE><P></P><H1>How to Fix</H1><P><B>To enable SQL Server auditing</B> </P><OL><LI>Start SQL Server Enterprise Manager, expand the SQL Server Group, and then expand your SQL Server. <LI>Right-click your SQL Server, and then click <B>Properties</B>. <LI>Click the <B>Security</B> tab. <LI>Set the Audit level to either <B>All</B> or <B>Failure</B>. <LI>Restart SQL Server for the changes to audit policy to take effect</LI></OL><H1>Additional Resources</H1><UL><LI>For more information about SQL Server audit logs, see the TechNet article, "SQL Server 2000 Auditing," particularly the section, "Understanding the Audit Log," at <A href="http://www.microsoft.com/technet/security/prodtech/dbsql/sql2kaud.mspx">http://www.microsoft.com/technet/security/prodtech/dbsql/sql2kaud.mspx</A>.</LI></UL>]]></content></guidanceItem>