﻿<?xml version="1.0" encoding="utf-8"?><guidanceItem id="38f865be-6492-4eec-aa82-20ed0d4dcdab" type="checklist" title="Identities that are used for resource access have been identified" cssFile="guidance.css" Date="2007-12-18T20:07:06.56Z" Author="J.D. Meier, Alex Mackman, Michael Dunner, Srinath Vasireddy, Ray Escamilla and Anandha Murukan" Category="Design Considerations" filePath="..\Libraries\patterns &amp; practices Library\Checklist Item\38f865be-6492-4eec-aa82-20ed0d4dcdab.xml" Priority="2" Rule_Type="Design" Source="patterns &amp; practices Library" Status="Beta" Technology="Web Services (.NET 1.1)" Topic="Security" Type="Checklist Item" xmlns="urn:microsoft:guidanceexplorer:guidanceItem"><content><![CDATA[<H1>Applies to</H1><UL><LI><DIV>Web Services (.NET 1.1)</DIV></LI></UL><H1>What to Check For</H1><P>Check to ensure that your Web Services identifies the identities that are used for resource access.</P><H1>How to Fix</H1><P>By default, ASP.NET Web services do not impersonate, and the least privileged ASPNET process account is used for local and remote resource access. You can use this ASP.NET process account to access remote network resources such as SQL Servers that require Windows authentication, by creating a mirrored local account on the database server.</P><BLOCKQUOTE><B>Note</B>&nbsp;&nbsp;&nbsp;On Windows Server 2003, the Network Service account is used by default to run Web services.</BLOCKQUOTE><P>For more information about using the ASP.NET process account for remote database access, see the "Data Access" section in Chapter 19, "Securing Your ASP.NET Application and Web Services." at <A href="http://msdn2.microsoft.com/en-us/library/aa302435.aspx">http://msdn2.microsoft.com/en-us/library/aa302435.aspx</A>&nbsp;</P><P>If you use impersonation, the issues and considerations that apply to Web applications also apply to Web services. </P><H1>Additional Resources</H1><UL><LI>For more information, see the "Impersonation" sections in Chapter 10, "Building Secure ASP.NET Web Pages and Controls" at <A href="http://msdn2.microsoft.com/en-us/library/aa302426.aspx">http://msdn2.microsoft.com/en-us/library/aa302426.aspx</A>&nbsp;and Chapter 19, "Securing Your ASP.NET Application and Web Services." at <A href="http://msdn2.microsoft.com/en-us/library/aa302435.aspx">http://msdn2.microsoft.com/en-us/library/aa302435.aspx</A>&nbsp;</LI></UL>]]></content></guidanceItem>