﻿<?xml version="1.0" encoding="utf-8"?><guidanceItem id="392bb8ca-f43f-48d4-b8aa-c29aefeb0198" type="checklist" title="The URL Behavior property of the Web reference is set to dynamic for added flexibility." cssFile="guidance.css" Date="2007-12-18T20:24:42.49Z" Author="J.D. Meier, Srinath Vasireddy, Ashish Babbar, and Alex Mackman" Category="Proxy Considerations" filePath="..\Libraries\patterns &amp; practices Library\Checklist Item\392bb8ca-f43f-48d4-b8aa-c29aefeb0198.xml" Priority="2" Rule_Type="Implementation" Source="patterns &amp; practices Library" Status="Beta" Technology="Web Services (.NET 1.1)" Topic="Security" Type="Checklist Item" xmlns="urn:microsoft:guidanceexplorer:guidanceItem"><content><![CDATA[<H1>Applies to</H1><UL><LI><DIV>Web Services (.NET 1.1)</DIV></LI></UL><H1>What to Check For</H1><P>Check to ensure that&nbsp;the <B>URL Behavior</B> property of the Web service proxy is&nbsp;set to <B>Dynamic</B>, which allows you to specify endpoint addresses in Web.config.</P><H1>How to Check</H1><H3><A name=c12618429_013></A>Proxy Considerations</H3><P>If you use WSDL to automatically generate a proxy class to communicate with a Web service, you should verify the generated code and service endpoints to ensure that you communicate with the desired Web service and not a spoofed service. If the WSDL files on a remote server are inadequately secured, it is possible for a malicious user to tamper with the files and change endpoint addresses, which can impact the proxy code that you generate.</P><P>Specifically, examine the <B>&lt;soap:address&gt;</B> element in the .wsdl file and verify that it points to the expected location. If you use Visual Studio .NET to add a Web reference by using the <B>Add Web Reference</B> dialog box, scroll down and check the service endpoints.</P><P>Finally, whether you use Visual Studio.NET to add a Web reference or manually generate the proxy code using Wsdl.exe, closely inspect the proxy code and look for any suspicious code.</P><BLOCKQUOTE><B>Note</B>&nbsp;&nbsp;&nbsp;You can set the <B>URL Behavior</B> property of the Web service proxy to <B>Dynamic</B>, which allows you to specify endpoint addresses in Web.config.</BLOCKQUOTE><P></P>]]></content></guidanceItem>