﻿<?xml version="1.0" encoding="utf-8"?><guidanceItem id="39361a18-743f-4501-8190-1e766c258a99" type="checklist" title="Windows Guest account is disabled." cssFile="guidance.css" Date="2007-12-15T00:28:01.967Z" Author="J.D. Meier, Srinath Vasireddy, Ashish Babbar, Rico Mariani, and Alex Mackman" Category="IIS Configuration" filePath="..\Libraries\patterns &amp; practices Library\Checklist Item\39361a18-743f-4501-8190-1e766c258a99.xml" Priority="2" Rule_Type="Deployment" Source="patterns &amp; practices Library" Status="Beta" Technology=".NET 1.1" Topic="Security" Type="Checklist Item" xmlns="urn:microsoft:guidanceexplorer:guidanceItem"><content><![CDATA[<H1>Applies to</H1><UL><LI><DIV>.NET 1.1</DIV></LI></UL><H1>What to Check For</H1><P>Check to ensure that windows Guest account is disabled to avoid&nbsp;an anonymous connection.</P><H1>How to Check</H1><P>The Guest account is used when an anonymous connection is made to the computer. To restrict anonymous connections to the computer, keep this account disabled. The guest account is disabled by default on Windows&nbsp;2000 and Windows Server 2003. To check whether or not it is enabled, display the <B>Users</B> folder in the Computer Management tool. The Guest account should be displayed with a cross icon. If it is not disabled, display its <B>Properties</B> dialog box and select <B>Account is disabled</B>.</P>]]></content></guidanceItem>