﻿<?xml version="1.0" encoding="utf-8"?><guidanceItem id="39989927-469d-49a7-a483-944650ff778e" type="checklist" title="Strong passwords policies are enforced. " cssFile="guidance.css" Date="2007-12-13T23:48:59.92Z" Author="J.D. Meier, Alex Mackman, Blaine Wastell, Prashant Bansode, Andy Wigley, Kishore Gopalan" Category="Forms Authentication" filePath="..\Libraries\patterns &amp; practices Library\Checklist Item\39989927-469d-49a7-a483-944650ff778e.xml" Priority="2" Rule_Type="Implementation" Source="patterns &amp; practices Library" Status="Beta" Technology="ASP.NET 2.0" Topic="Security" Type="Checklist Item" xmlns="urn:microsoft:guidanceexplorer:guidanceItem"><content><![CDATA[<H1>Applies to</H1><UL><LI><DIV>ASP.NET 2.0</DIV></LI></UL><H1>What to Check For</H1><P>Check to ensure that your passwords are complex enough to prevent users guessing other users' passwords and to prevent successful dictionary attacks against your user credential store. </P><P></P><H1>How to Fix</H1><P>By default, the ASP.NET membership providers enforce strong passwords. For example, the <B>SqlMembershipProvider</B> and the <B>ActiveDirectoryMembership</B> providers ensure that passwords are at least seven characters in length with at least one non-alphanumeric character. Ensure that your membership provider configuration enforces passwords of at least this strength. To configure the precise password complexity rules enforced by your provider, you can set the following additional attributes: </P><UL><LI><B>passwordStrengthRegularExpression</B>. The default is "". <LI><B>minRequiredPasswordLength</B>. The default is 7. <LI><B>minRequiredNonalphanumericCharacters</B>. The default is 1. </LI></UL><BLOCKQUOTE><B>Note</B>&nbsp;&nbsp;&nbsp;The default values shown here apply to the <B>SqlMembershipProvider</B> and the <B>ActiveDirectoryMembershipProvider</B>. The <B>ActiveDirectoryMembershipProvider</B> also verifies passwords against the default domain password policy.</BLOCKQUOTE>]]></content></guidanceItem>