﻿<?xml version="1.0" encoding="utf-8"?><guidanceItem id="3998f8d5-f685-4301-a18d-579399830e76" type="checklist" title="Code access security is enabled on the server." cssFile="guidance.css" Date="2007-12-18T19:51:18.617Z" Author="J.D. Meier, Alex Mackman, Michael Dunner, Srinath Vasireddy, Ray Escamilla and Anandha Murukan" Category="IIS Configuration" filePath="..\Libraries\patterns &amp; practices Library\Checklist Item\3998f8d5-f685-4301-a18d-579399830e76.xml" Priority="2" Rule_Type="Deployment" Source="patterns &amp; practices Library" Status="Beta" Technology="Web Application" Topic="Security" Type="Checklist Item" xmlns="urn:microsoft:guidanceexplorer:guidanceItem"><content><![CDATA[<H1>Applies to</H1><UL><LI><DIV>Web Application</DIV></LI></UL><H1>What to Check For</H1><P>Check to ensure that code access security is enabled on the server by determining the settings in Security.config file.</P><P></P><H1>How to Fix</H1><P>Machine level code access security policy is determined by settings in the Security.config file located in the following directory: &#37;windir&#37;\Microsoft.NET\Framework\&#123;version&#125;\CONFIG</P><P>Run the following command to be sure that code access security is enabled on your server:</P><P><B>caspol -s On</B></P><H1>Additional Resources</H1><UL><LI>For more information about configuring code access security for ASP.NET Web applications, see Chapter 9, "<A href="http://msdn2.microsoft.com/en-us/library/aa302425.aspx">Using Code Access Security with ASP.NET</A>."</LI></UL>]]></content></guidanceItem>