﻿<?xml version="1.0" encoding="utf-8"?><guidanceItem id="39e663f9-5a29-4158-b639-a5f9722f8a48" type="checklist" title="Determine the approach." cssFile="guidance.css" Date="2007-12-15T00:53:01.383Z" Author="J.D. Meier, Srinath Vasireddy, Ashish Babbar, Rico Mariani, and Alex Mackman" Category="Locking and Synchronization " filePath="..\Libraries\patterns &amp; practices Library\Checklist Item\39e663f9-5a29-4158-b639-a5f9722f8a48.xml" Priority="2" Rule_Type="Implementation" Source="patterns &amp; practices Library" Status="Beta" Technology=".NET 1.1" Topic="Performance" Type="Checklist Item" xmlns="urn:microsoft:guidanceexplorer:guidanceItem"><content><![CDATA[<H1>Applies to</H1><UL><LI><DIV>.NET 1.1</DIV></LI></UL><H1>What to Check For</H1><P>Check to ensure that your application&nbsp;uses the right mechanism for locking and synchronization.</P><H1>How to Check</H1><P>The CLR provides the following mechanisms for locking and synchronization. Consider the one that is right for your scenario: </P><UL><LI><B>Lock</B> (C#). The C# compiler converts the <B>Lock</B> statement into <B>Monitor.Enter</B> and <B>Monitor.Exit</B> calls around a <B>try</B>/<B>finally</B> block. Use <B>SyncLock</B> in Visual Basic .NET. <LI><B>WaitHandle</B> class. This class provides functionality to wait for exclusive access to multiple objects at the same time. There are three derivatives of <B>WaitHandle</B>: <UL><LI><B>ManualResetEvent</B>. This allows code to wait for a signal that is manually reset. <LI><B>AutoResetEvent</B>. This allows code to wait for a signal that is automatically reset. <LI><B>Mutex</B>. This is a specialized version of <B>WaitHandle</B> that supports cross-process use. The <B>Mutex</B> object can be provided a unique name so that a reference to the <B>Mutex</B> object is not required. Code in different processes can access the same <B>Mutex</B> by name. </LI></UL><LI><B>MethodImplOptions.Synchronized</B> <B>enumeration option</B>. This provides the ability to grant exclusive access to an entire method, which is rarely a good idea. <LI><B>Interlocked</B> <B>class</B>. This provides atomic increment and decrement methods for types. Interlocked can be used with value types. It also supports the ability to replace a value based on a comparison. <LI><B>Monitor</B> <B>object</B>. This provides static methods for synchronizing access to reference types. It also provides overridden methods to allow the code to attempt to lock for a specified period. The <B>Monitor</B> class cannot be used with value types. Value types are boxed when used with the <B>Monitor</B> and each attempt to lock generates a new boxed object that is different from the rest; this negates any exclusive access. C# provides an error message if you use a <B>Monitor</B> on a value type. </LI></UL><H1>Additional Resources</H1><UL><LI>For more information about performance testing, see Chapter 5, "<A href="http://msdn2.microsoft.com/en-us/library/ms998547.aspx">Improving Managed Code Performance</A>".</LI></UL>]]></content></guidanceItem>