﻿<?xml version="1.0" encoding="utf-8"?><guidanceItem id="39f1774b-90be-4119-945e-19ebe73508c5" type="checklist" title="To support method-level security, the [SecurityMethod] attribute or the [SecurityRole] attribute is used on method implementations." cssFile="guidance.css" Date="2007-12-18T06:30:23.217Z" Author="J.D. Meier, Alex Mackman, Michael Dunner, Srinath Vasireddy, Ray Escamilla and Anandha Murukan" Category="Authorization" filePath="..\Libraries\patterns &amp; practices Library\Checklist Item\39f1774b-90be-4119-945e-19ebe73508c5.xml" Priority="2" Rule_Type="Implementation" Source="patterns &amp; practices Library" Status="Beta" Technology="Enterprise Services (.NET 1.1)" Topic="Security" Type="Checklist Item" xmlns="urn:microsoft:guidanceexplorer:guidanceItem"><content><![CDATA[<H1>Applies to</H1><UL><LI><DIV>Enterprise Services (.NET 1.1)</DIV></LI></UL><H1>What to Check For</H1><P>Check to ensure that method-level security is supported by using the &#91;SecurityMethod&#93; or the &#91;SecurityRole&#93; attributes. </P>]]></content></guidanceItem>