﻿<?xml version="1.0" encoding="utf-8"?><guidanceItem id="39f98571-ecec-4d8d-9b0d-c64c71058d1b" type="checklist" title="Avoid preallocating and chunking memory." cssFile="guidance.css" Date="2007-12-15T01:15:43.333Z" Author="J.D. Meier, Srinath Vasireddy, Ashish Babbar, Rico Mariani, and Alex Mackman" Category="Garbage Collection" filePath="..\Libraries\patterns &amp; practices Library\Checklist Item\39f98571-ecec-4d8d-9b0d-c64c71058d1b.xml" Priority="2" Rule_Type="Implementation" Source="patterns &amp; practices Library" Status="Beta" Technology=".NET 1.1" Topic="Performance" Type="Checklist Item" xmlns="urn:microsoft:guidanceexplorer:guidanceItem"><content><![CDATA[<H1>Applies to</H1><UL><LI><DIV>.NET 1.1</DIV></LI></UL><H1>What to Check For</H1><P>Check to ensure that your application&nbsp;avoids preallocating and chunking memory.</P><H1>How to Check</H1><P>C&#43;&#43; programmers often allocate a large block of memory (using <B>malloc</B>) and then use chunks at a time, to save multiple calls to <B>malloc</B>. This is not advisable for managed code for several reasons: </P><UL><LI>Allocation of managed memory is a quick operation and the garbage collector has been optimized for extremely fast allocations. The main reason for preallocating memory in unmanaged code is to speed up the allocation process. This is not an issue for managed code. <LI>If you preallocate memory, you cause more allocations than needed; this can trigger unnecessary garbage collections. <LI>The garbage collector is unable to reclaim the memory that you manually recycle. <LI>Preallocated memory ages and costs more to recycle when it is ultimately released. </LI></UL><H1>Additional Resources</H1><UL><LI>For more information about garbage collection, see the following resources: <UL><LI>"Garbage Collector Basics and Performance Hints" on MSDN at <A href="http://msdn2.microsoft.com/en-us/library/ms973837.aspx">http://msdn2.microsoft.com/en-us/library/ms973837.aspx</A>. <LI><I>MSDN Magazine</I> article, "Garbage Collection: Automatic Memory Management in the Microsoft .NET Framework," by Jeffrey Richter, at <A href="http://msdn.microsoft.com/msdnmag/issues/1100/gci/toc.asp?frame=true">http://msdn.microsoft.com/msdnmag/issues/1100/GCI/TOC.ASP?frame=true</A>. <LI><I>MSDN Magazine</I> article, "Garbage Collection&#8212;Part 2: Automatic Memory Management in the Microsoft .NET Framework," by Jeffrey Richter, at <A href="http://msdn.microsoft.com/msdnmag/issues/1200/gci2/toc.asp?frame=true">http://msdn.microsoft.com/msdnmag/issues/1200/GCI2/TOC.ASP?frame=true</A>. </LI></UL></LI></UL>]]></content></guidanceItem>