﻿<?xml version="1.0" encoding="utf-8"?><guidanceItem id="3a0ec922-3127-4ea6-92c6-cb7175f2ca48" type="checklist" title="Where the database contents are highly sensitive or vital, Windows is set to Shut Down mode on overflow of the security logs." cssFile="guidance.css" Date="2007-12-18T18:32:00.127Z" Author="J.D. Meier, Alex Mackman, Michael Dunner, Srinath Vasireddy, Ray Escamilla and Anandha Murukan" Category="Auditing and Logging" filePath="..\Libraries\patterns &amp; practices Library\Checklist Item\3a0ec922-3127-4ea6-92c6-cb7175f2ca48.xml" Priority="2" Rule_Type="Deployment" Source="patterns &amp; practices Library" Status="Beta" Technology="SQL Server 2000" Topic="Security" Type="Checklist Item" xmlns="urn:microsoft:guidanceexplorer:guidanceItem"><content><![CDATA[<H1>Applies to</H1><UL><LI><DIV>SQL Server 2000 </DIV><LI><DIV>Windows 2000 Server</DIV><DIV></DIV></LI></UL><H1>What to Check For</H1><P>Check to ensure that Windows is set to Shut Down mode on overflow of the security logs where the database contents are highly sensitive or vital.</P>]]></content></guidanceItem>