﻿<?xml version="1.0" encoding="utf-8"?><guidanceItem id="3a172360-afc1-4eae-9178-585d81f4d4eb" type="checklist" title="DPAPI is used where possible to avoid key management issues." cssFile="guidance.css" Date="2007-12-18T21:31:14.5Z" Author="J.D. Meier, Srinath Vasireddy, Ashish Babbar, John Allen and Alex Mackman" Category="Cryptography" filePath="..\Libraries\patterns &amp; practices Library\Checklist Item\3a172360-afc1-4eae-9178-585d81f4d4eb.xml" Priority="2" Rule_Type="Design" Source="patterns &amp; practices Library" Status="Beta" Technology="ASP.NET 1.1" Topic="Security" Type="Checklist Item" xmlns="urn:microsoft:guidanceexplorer:guidanceItem"><content><![CDATA[<H1>Applies to</H1><UL><LI><DIV>ASP.NET 1.1</DIV></LI></UL><H1>What to Check For</H1><P>Check to ensure that&nbsp;your application avoids key management issues uses by using&nbsp;DPAPI.</P><H1>How to Check</H1><P>If you use DPAPI, the platform manages the key for you. Otherwise, the application is responsible for key management. Examine how your application secures its encryption keys. A good approach is to use DPAPI to encrypt the encryption keys that are required by other forms of encryption. Then securely store the encrypted key, for example, by placing it in the registry beneath a key configured with a restricted ACL. </P><P></P>]]></content></guidanceItem>