﻿<?xml version="1.0" encoding="utf-8"?><guidanceItem id="3a217a86-ff17-4828-a8c4-9bfcfc62f522" type="checklist" title="Application cookies have unique path/name combinations" cssFile="guidance.css" Date="2007-12-14T01:44:14.06Z" Author="J.D. Meier, Srinath Vasireddy, Ashish Babbar, John Allen and Alex Mackman" Category="Authentication" filePath="..\Libraries\patterns &amp; practices Library\Checklist Item\3a217a86-ff17-4828-a8c4-9bfcfc62f522.xml" Priority="2" Rule_Type="Implementation" Source="patterns &amp; practices Library" Status="Beta" Technology="ASP.NET 1.1" Topic="Security" Type="Checklist Item" xmlns="urn:microsoft:guidanceexplorer:guidanceItem"><content><![CDATA[<H1>Applies to</H1><UL><LI><DIV>ASP.NET 1.1</DIV></LI></UL><H1>What to Check For</H1><P>Check to ensure that your application cookies have unique path and name combinations.</P><H1>How to Check</H1><P>Use unique <B>name</B> and <B>path</B> attribute values on the <B>&lt;forms&gt;</B> element. By ensuring unique names, you prevent possible problems that can occur when hosting multiple applications on the same server. For example, if you don't use distinct names, it is possible for a user who is authenticated in one application to make a request to another application without being redirected to that application's logon page.</P><P>For more information, see Microsoft Knowledge Base articles 313116, "PRB: Forms Authentication Requests Are Not Directed to loginUrl Page," and 310415, "PRB: Mobile Forms Authentication and Different Web Applications."</P>]]></content></guidanceItem>