﻿<?xml version="1.0" encoding="utf-8"?><guidanceItem id="3a518a17-3d3a-40b5-9d14-5ee3dde3731e" type="checklist" title="ICMP traffic is screened from the internal network." cssFile="guidance.css" Date="2007-12-18T19:31:53.02Z" Author="J.D. Meier, Alex Mackman, Michael Dunner, Srinath Vasireddy, Ray Escamilla and Anandha Murukan" Category="Router Considerations" filePath="..\Libraries\patterns &amp; practices Library\Checklist Item\3a518a17-3d3a-40b5-9d14-5ee3dde3731e.xml" Priority="2" Rule_Type="Deployment" Source="patterns &amp; practices Library" Status="Beta" Technology="Web Application" Topic="Security" Type="Checklist Item" xmlns="urn:microsoft:guidanceexplorer:guidanceItem"><content><![CDATA[<H1>Applies to</H1><UL><LI><DIV>Web Application</DIV></LI></UL><H1>What to Check For</H1><P>Check to ensure that ICMP traffic is screened from the internal network.</P><P></P><H1>How to Fix</H1><P>ICMP is a stateless protocol that sits on top of IP and allows host availability information to be verified from one host to another. Commonly used ICMP messages are shown in the Table below.</P><P><B>Commonly Used ICMP Messages</B></P><DIV><TABLE><TBODY><TR><TH>Message</TH><TH>Description</TH></TR><TR><TD>Echo request</TD><TD>Determines whether an IP node (a host or a router) is available on the network</TD></TR><TR><TD>Echo reply</TD><TD>Replies to an ICMP echo request</TD></TR><TR><TD>Destination unreachable</TD><TD>Informs the host that a datagram cannot be delivered</TD></TR><TR><TD>Source quench</TD><TD>Informs the host to lower the rate at which it sends datagrams because of congestion</TD></TR><TR><TD>Redirect</TD><TD>Informs the host of a preferred route</TD></TR><TR><TD>Time exceeded</TD><TD>Indicates that the time to live (TTL) of an IP datagram has expired</TD></TR></TBODY></TABLE></DIV><P>Blocking ICMP traffic at the outer perimeter router protects you from attacks such as cascading ping floods. Other ICMP vulnerabilities exist that justify blocking this protocol. While ICMP can be used for troubleshooting, it can also be used for network discovery and mapping. Therefore, control the use of ICMP. If you must enable it, use it in echo-reply mode only.</P>]]></content></guidanceItem>