﻿<?xml version="1.0" encoding="utf-8"?><guidanceItem id="3adfe6a6-f335-48fe-92e2-357e5aef03df" type="checklist" title="Know your application allocation pattern." cssFile="guidance.css" Date="2007-12-18T21:50:30.42Z" Author="J.D. Meier, Srinath Vasireddy, Ashish Babbar, John Allen and Alex Mackman" Category="Resource Management" filePath="..\Libraries\patterns &amp; practices Library\Checklist Item\3adfe6a6-f335-48fe-92e2-357e5aef03df.xml" Priority="2" Rule_Type="Implementation" Source="patterns &amp; practices Library" Status="Beta" Technology="ASP.NET 1.1" Topic="Performance" Type="Checklist Item" xmlns="urn:microsoft:guidanceexplorer:guidanceItem"><content><![CDATA[<H1>Applies to</H1><UL><LI><DIV>ASP.NET 1.1</DIV></LI></UL><H1>What to Check For</H1><P>Check to ensure that the memory allocation patterns&nbsp;used by your application are known.</P><H1>How to Check</H1><P>Poor memory allocation patterns may cause the garbage collector to spend most of its time collecting objects from Generation 2. Collecting objects from Generation 2 leads to poor application performance and high loads on the CPU.</P><P>Coding techniques that cause large numbers of temporary allocations during a short interval put pressure on the garbage collector. For example, when you perform a large number of string concatenation operations by using the <B>&#43;=</B> operator in a tight loop, or when you use <B>String.Split</B> for every request, you may put pressure on the garbage collector. All of these operations create hidden objects (temporary allocations). Use tools such as the CLR Profiler and System Monitor to better understand allocation patterns in your application.</P><H1>Additional Resources</H1><UL><LI>For more information, see "<A href="http://msdn2.microsoft.com/en-us/library/ms979205.aspx">How To: Use CLR Profiler</A>" in the "How To" section of this guide. Also, see "CLR and Managed Code" in Chapter 15, "<A href="http://msdn2.microsoft.com/en-us/library/ms998579.aspx">Measuring .NET Application Performance</A>" <LI>For more information about the mechanics of garbage collection and generations, see "Garbage Collection Explained" in Chapter 5, "<A href="http://msdn2.microsoft.com/en-us/library/ms998547.aspx">Improving Managed Code Performance</A>"</LI></UL>]]></content></guidanceItem>