﻿<?xml version="1.0" encoding="utf-8"?><guidanceItem id="3af7a237-960e-4dad-9a92-839e2609a6d2" type="checklist" title="Treat StringBuilder as an accumulator." cssFile="guidance.css" Date="2007-12-15T01:22:37.537Z" Author="J.D. Meier, Srinath Vasireddy, Ashish Babbar, Rico Mariani, and Alex Mackman" Category="String Management" filePath="..\Libraries\patterns &amp; practices Library\Checklist Item\3af7a237-960e-4dad-9a92-839e2609a6d2.xml" Priority="2" Rule_Type="Implementation" Source="patterns &amp; practices Library" Status="Beta" Technology=".NET 1.1" Topic="Performance" Type="Checklist Item" xmlns="urn:microsoft:guidanceexplorer:guidanceItem"><content><![CDATA[<H1>Applies to</H1><UL><LI><DIV>.NET 1.1</DIV></LI></UL><H1>What to Check For</H1><P>Check to ensure that your application&nbsp;treats StringBuilder as an accumulator.</P><H1>How to Check</H1><P>You can treat <B>StringBuilder</B> as an accumulator or reusable buffer. This helps avoid the allocations of temporary strings during multiple append iterations. Some of the scenarios where this helps are as follows: </P><UL><LI><B>Concatenating strings</B>. You should always prefer the following approach to string concatenation when using <B>StringBuilder</B>. <DIV><PRE>StringBuilder sb;<BR>sb.Append(str1);<BR>sb.Append(str2);</PRE></DIV><P>Use the preceding code rather than the following. </P><DIV><PRE>sb.Append(str1&#43;str2);</PRE></DIV><P>This is because you do not need to make the temporary str1&#43;str2 to append str1 and then str2. </P><LI><B>Concatenating the strings from various functions</B>. An example of this is shown in the following code sample. <DIV><PRE>StringBuilder sb;<BR>sb.Append(f1(&#8230;));<BR>sb.Append(f2(&#8230;));<BR>sb.Append(f3(&#8230;));</PRE></DIV><P>The preceding code snippet results in temporary string allocations for the return values by the functions f1 (...), f2 (&#8230;), f3 (&#8230;). You can avoid these temporary allocations by using the following pattern. </P><DIV><PRE>void f1( sb,&#8230;);<BR>void f2( sb,&#8230;);<BR>void f3( sb,&#8230;);</PRE></DIV><P>In this case, the <B>StringBuilder</B> instance is directly passed as an input parameter to the methods. <B>sb.Append</B> is directly called in the function body, which avoids the allocation of temporary strings.&nbsp;&nbsp;</P></LI></UL><H1>Additional Resources</H1><UL><LI>For more information on string management performance, see "Improving String Handling Performance in .NET Framework Applications" on MSDN at <A href="http://msdn.microsoft.com/library/en-us/dndotnet/html/vbnstrcatn.asp">http://msdn.microsoft.com/library/en-us/dndotnet/html/vbnstrcatn.asp</A>.</LI></UL>]]></content></guidanceItem>