﻿<?xml version="1.0" encoding="utf-8"?><guidanceItem id="3b908ad0-e162-4a1f-ae09-785097a46599" type="checklist" title="Avoid impersonating in the middle tier." cssFile="guidance.css" Date="2007-12-18T06:44:49.983Z" Author="J.D. Meier, Srinath Vasireddy, Ashish Babbar, and Alex Mackman " Category="Security Considerations" filePath="..\Libraries\patterns &amp; practices Library\Checklist Item\3b908ad0-e162-4a1f-ae09-785097a46599.xml" Priority="2" Rule_Type="Implementation" Source="patterns &amp; practices Library" Status="Beta" Technology="Enterprise Services (.NET 1.1)" Topic="Performance" Type="Checklist Item" xmlns="urn:microsoft:guidanceexplorer:guidanceItem"><content><![CDATA[<H1>Applies to</H1><UL><LI><DIV>Enterprise Services (.NET 1.1)</DIV></LI></UL><H1>What to Check For</H1><P>Check to ensure that your application avoids impersonating in the middle tier.</P><H1>How to Check</H1><P>Middle tier impersonation is generally performed to flow the original caller's identity to the back-end resource. It allows the back-end resource to authorize the caller directly because the caller's identity is used for access. You should generally avoid this approach because it prevents the efficient use of connection pooling and it does not scale.</P><P>If you need to audit the caller at the back end, pass the original caller's identity through a stored procedure parameter. Authorize the original caller in the application's middle tier using Enterprise Service roles.</P><H1>Additional Resources</H1><UL><LI>For more information, see "Choosing a Resource Access Model" in Chapter 3, "Authentication and Authorization," of Building Secure ASP.NET Applications<I>: Authentication, Authorization, and Secure Communication </I>on MSDN at <A href="http://msdn2.microsoft.com/en-us/library/aa302383.aspx">http://msdn2.microsoft.com/en-us/library/aa302383.aspx</A>.</LI></UL>]]></content></guidanceItem>