﻿<?xml version="1.0" encoding="utf-8"?><guidanceItem id="3baf0d47-2c80-4b1d-928e-aedf9d1c83bf" type="checklist" title="Methods that override other methods that are protected with LinkDemands also issue the same LinkDemand." cssFile="guidance.css" Date="2007-12-15T00:24:20.92Z" Author="J.D. Meier, Srinath Vasireddy, Ashish Babbar, Rico Mariani, and Alex Mackman" Category="Code Access Security" filePath="..\Libraries\patterns &amp; practices Library\Checklist Item\3baf0d47-2c80-4b1d-928e-aedf9d1c83bf.xml" Priority="2" Rule_Type="Implementation" Source="patterns &amp; practices Library" Status="Beta" Technology=".NET 1.1" Topic="Security" Type="Checklist Item" xmlns="urn:microsoft:guidanceexplorer:guidanceItem"><content><![CDATA[<H1>Applies to</H1><UL><LI><DIV>.NET 1.1</DIV></LI></UL><H1>What to Check For</H1><P>Check to ensure that methods that override other methods that are protected with LinkDemands also issue the same LinkDemand.</P><H1>How to Check</H1><P>If you call a link demand protected method, only your code will be checked by the link demand. In this situation, you should make sure your code takes adequate measures to authorize its callers, for example, by demanding a permission.</P>]]></content></guidanceItem>