﻿<?xml version="1.0" encoding="utf-8"?><guidanceItem id="3bbcd791-68bc-406b-a763-5815f47ebbeb" type="checklist" title="If You Use ASP.NET Roles" cssFile="guidance.css" Date="2008-06-27T15:26:55.28Z" Author="J.D. Meier, Jason Taylor, Prashant Bansode, Carlos Farre, Madhu Sundararajan, Rob Boucher, Steve Gregersen" Category="Authorization" filePath="..\Libraries\patterns &amp; practices Library\Checklist Item\3bbcd791-68bc-406b-a763-5815f47ebbeb.xml" Priority="2" Rule_Type="Implementation" Source="patterns &amp; practices Library" Status="Release" Technology="WCF 3.5" Topic="Security" Type="Checklist Item" xmlns="urn:microsoft:guidanceexplorer:guidanceItem"><content><![CDATA[<H1>Applies to</H1><UL><LI>Microsoft&#174; Windows Communication Foundation (WCF) 3.5 <LI>Microsoft Visual Studio&#174; 2008</LI></UL><H1>What to Check For</H1><P>Check to ensure that your service uses ASP.NET Roles.</P>

]]></content></guidanceItem>