﻿<?xml version="1.0" encoding="utf-8"?><guidanceItem id="3c23d206-7a66-4c4c-bfff-f062c16f978f" type="checklist" title="Use Enterprise Services only if you need to." cssFile="guidance.css" Date="2007-12-18T06:57:38.297Z" Author="J.D. Meier, Srinath Vasireddy, Ashish Babbar, and Alex Mackman " Category="Design Considerations" filePath="..\Libraries\patterns &amp; practices Library\Checklist Item\3c23d206-7a66-4c4c-bfff-f062c16f978f.xml" Priority="2" Rule_Type="Implementation" Source="patterns &amp; practices Library" Status="Beta" Technology="Enterprise Services (.NET 1.1)" Topic="Performance" Type="Checklist Item" xmlns="urn:microsoft:guidanceexplorer:guidanceItem"><content><![CDATA[<H1>Applies to</H1><UL><LI><DIV>Enterprise Services (.NET 1.1)</DIV></LI></UL><H1>What to Check For</H1><P>Check to ensure that your application uses Enterprise Services only if it is needed.</P><H1>How to Check</H1><P>Use Enterprise Services inside your service implementation when you need the component services that Enterprise Services provides. Enterprise Services provides a broad range of important infrastructure-level features for middle tier components, including distributed transaction management, object pooling, and role-based security.</P><P>Each service means more infrastructure code to execute. As a result, there is a performance overhead with using Enterprise Services so you should build serviced components and host them in Enterprise Services only if you specifically need to use the features it provides. If you need those services, more code needs to be executed anyway, so using Enterprise Services is the right choice.</P><H1>Additional Resources</H1><UL><LI>For more information&nbsp;see "<A href="http://msdn2.microsoft.com/en-us/library/ms998556.aspx">Improving Enterprise Services Performance</A>".</LI></UL>]]></content></guidanceItem>