﻿<?xml version="1.0" encoding="utf-8"?><guidanceItem id="3c2e2413-b28e-4ee7-8143-ba49f0ebc8bb" type="checklist" title="Use Page.IsPostBack to minimize redundant processing." cssFile="guidance.css" Date="2007-12-18T21:49:35.853Z" Author="J.D. Meier, Srinath Vasireddy, Ashish Babbar, John Allen and Alex Mackman" Category="Pages" filePath="..\Libraries\patterns &amp; practices Library\Checklist Item\3c2e2413-b28e-4ee7-8143-ba49f0ebc8bb.xml" Priority="2" Rule_Type="Implementation" Source="patterns &amp; practices Library" Status="Beta" Technology="ASP.NET 1.1" Topic="Performance" Type="Checklist Item" xmlns="urn:microsoft:guidanceexplorer:guidanceItem"><content><![CDATA[<H1>Applies to</H1><UL><LI><DIV>ASP.NET 1.1</DIV></LI></UL><H1>What to Check For</H1><P>Check to ensure that your application minimizes redundant processing by using Page.IsPostBack property in its pages.</P><H1>How to Check</H1><P>Use the <B>Page.IsPostBack</B> property to ensure that you only perform page initialization logic when a page is first loaded and not in response to client postbacks. The following code fragment shows how to use the <B>Page.IsPostBack</B> property.</P><DIV><PRE>if (Page.IsPostBack == false)<BR> &#123;<BR>  // Initialization logic<BR>&#125;<BR> else<BR> &#123;<BR>  // Client post-back logic<BR>&#125;</PRE></DIV>]]></content></guidanceItem>