﻿<?xml version="1.0" encoding="utf-8"?><guidanceItem id="3c553ba4-661e-43d3-8c85-8ed94b6a7c0c" type="checklist" title="Use System.Data.SqlClient for Microsoft SQL Server 7.0 and later." cssFile="guidance.css" Date="2007-12-17T03:08:13.96Z" Author="J.D. Meier, Alex Mackman, Blaine Wastell, Prashant Bansode, Chaitanya Bijwe" Category="Data Access" filePath="..\Libraries\patterns &amp; practices Library\Checklist Item\3c553ba4-661e-43d3-8c85-8ed94b6a7c0c.xml" Priority="2" Rule_Type="Implementation" Source="patterns &amp; practices Library" Status="Beta" Technology="ADO.NET 2.0" Topic="Performance" Type="Checklist Item" xmlns="urn:microsoft:guidanceexplorer:guidanceItem"><content><![CDATA[<H1>Applies to</H1><UL><LI><DIV>ADO.NET 2.0</DIV></LI></UL><H1>What to Check For</H1><P>Check to ensure that your application uses System.Data.SqlClient data provider for Microsoft SQL Server 7.0 and later.</P><H1>How to Check</H1><P>For SQL Server 7.0 or later, use the .NET Framework Data Provider for SQL Server, <B>System.Data.SqlClient</B>. It is optimized for accessing SQL Server and communicates directly by using the Tabular Data Stream (TDS) protocol. TDS is the native data transfer protocol of SQL Server.</P><P>The commonly used classes in <B>System.Data.SqlClient</B> are <B>SqlConnection</B>, <B>SqlCommand</B>, <B>SqlDataAdapter</B>, and <B>SqlDataReader</B>.</P><H1>Additional Resources</H1><P>For more information about .NET Framework Data Providers, see the following: </P><UL><LI>Knowledge Base article 313480, "INFO: Roadmap for .NET Data Providers," at <A href="http://support.microsoft.com/default.aspx?scid=kb;en-us;313480">http://support.microsoft.com/default.aspx?scid=kb;en-us;313480</A> <LI>MSDN article, "Using .NET Framework Data Provider for Oracle to Improve .NET Application Performance," at <A href="http://msdn.microsoft.com/library/default.asp?url=/library/en-us/dndotnet/html/manprooracperf.asp">http://msdn.microsoft.com/library/default.asp?url=/library/en-us/dndotnet/html/manprooracperf.asp</A> <LI>"Implementing a .NET Framework Data Provider" in <I>.NET Framework Developer's Guide</I> at <A href="http://msdn.microsoft.com/library/default.asp?url=/library/en-us/cpguide/html/cpconimplementingnetdataprovider.asp">http://msdn.microsoft.com/library/default.asp?url=/library/en-us/cpguide/html/cpconimplementingnetdataprovider.asp</A></LI></UL>]]></content></guidanceItem>