﻿<?xml version="1.0" encoding="utf-8"?><guidanceItem id="3c5f21ca-e1a5-4f3b-b124-c65d844e0a68" type="checklist" title="Tracing is disabled " cssFile="guidance.css" Date="2007-12-18T20:09:01.767Z" Author="J.D. Meier, Alex Mackman, Michael Dunner, Srinath Vasireddy, Ray Escamilla and Anandha Murukan" Category="Administration" filePath="..\Libraries\patterns &amp; practices Library\Checklist Item\3c5f21ca-e1a5-4f3b-b124-c65d844e0a68.xml" Priority="2" Rule_Type="Deployment" Source="patterns &amp; practices Library" Status="Beta" Technology="Web Services (.NET 1.1)" Topic="Security" Type="Checklist Item" xmlns="urn:microsoft:guidanceexplorer:guidanceItem"><content><![CDATA[<H1>Applies to</H1><UL><LI><DIV>Web Services (.NET 1.1)</DIV></LI></UL><H1>What to Check For</H1><P>Check to ensure that&nbsp;Tracing is disabled when your application is deployed. </P><H1>How to Fix</H1><P>Tracing is disabled with: </P><DIV><DIV><DIV></DIV></DIV><PRE>&lt;trace enabled="false" /&gt;</PRE></DIV><H1>&nbsp;</H1>]]></content></guidanceItem>