﻿<?xml version="1.0" encoding="utf-8"?><guidanceItem id="3c618499-b397-446c-bac2-418f9121b77c" type="checklist" title="In full trust scenarios, StrongNameIdentityPermission is not relied upon to restrict code that can call the assembly. " cssFile="guidance.css" Date="2007-12-14T21:38:10.313Z" Author="J.D. Meier, Alex Mackman, Blaine Wastell, Prashant Bansode, Chaitanya Bijwe" Category="Strong Naming and Signing " filePath="..\Libraries\patterns &amp; practices Library\Checklist Item\3c618499-b397-446c-bac2-418f9121b77c.xml" Priority="2" Rule_Type="Implementation" Source="patterns &amp; practices Library" Status="Beta" Technology=".NET 2.0" Topic="Security" Type="Checklist Item" xmlns="urn:microsoft:guidanceexplorer:guidanceItem"><content><![CDATA[<H1>Applies to</H1><UL><LI><DIV>.NET 2.0</DIV><DIV></DIV></LI></UL><H1>What to Check For</H1><P>Check to ensure that StrongNameIdentityPermission is not relied upon to restrict code that can call the assembly in full trust scenarios.</P><P></P><H1>How to Fix</H1><P>If you protect your code with a link demand for a <B>StrongNameIdentityPermission</B> to restrict the code that can call your code, be aware that this only works for partial trust callers. The link demand will always succeed for full trust callers, regardless of the strong name of the calling code.</P><P>In .NET Framework 2.0, any fully trusted assembly will satisfy any demand, including a link demand for an identity permission that the assembly does not satisfy. In .NET Framework 1.0, this did not happen automatically. However, a fully trusted assembly could simply call <B>Assembly.Load</B>, supplying as evidence the strong name it wants to satisfy, or, alternatively, it could turn code access security off.</P><P>The only protection against fully trusted code is to put it in a separate process and run that process with a restricted token so that its limits are enforced by the operating system. This applies whether code marks its interfaces as internal or private, or places link demands for <B>StrongNameIdentityPermission</B> on them.</P><P>The following code sample shows a method decorated with a link demand for a specific <B>StrongNameIdentityPermission</B>.</P><DIV><PRE>public sealed class Utility&#123;<BR>  // Although SomeOperation() is a public method, the following<BR>   // permission demand means that it can only be called by partial trust<BR>   // assemblies with the specified public key OR by any fully trusted code.<BR>   &#91;StrongNameIdentityPermission(SecurityAction.LinkDemand,<BR>                                 PublicKey="00240000048...97e85d098615")&#93;<BR>  public static void SomeOperation()<BR> &#123;&#125;<BR>&#125;</PRE></DIV>]]></content></guidanceItem>