﻿<?xml version="1.0" encoding="utf-8"?><guidanceItem id="3c738326-6f20-461c-96fc-4e7c963bd06e" type="checklist" title="Keys are cycled periodically." cssFile="guidance.css" Date="2007-12-15T00:03:39.133Z" Author="J.D. Meier, Srinath Vasireddy, Ashish Babbar, Rico Mariani, and Alex Mackman" Category="Cryptography" filePath="..\Libraries\patterns &amp; practices Library\Checklist Item\3c738326-6f20-461c-96fc-4e7c963bd06e.xml" Priority="2" Rule_Type="Implementation" Source="patterns &amp; practices Library" Status="Beta" Technology=".NET 1.1" Topic="Security" Type="Checklist Item" xmlns="urn:microsoft:guidanceexplorer:guidanceItem"><content><![CDATA[<H1>Applies to</H1><UL><LI><DIV>.NET 1.1</DIV></LI></UL><H1>What to Check For</H1><P>Check to ensure that the encyption keys used in your application are changed periodically.</P><H1>How to Check</H1><P>You should change your encryption keys from time to time because a static secret is more likely to be discovered over time. Did you write it down somewhere? Did Bob the administrator with the secrets change positions in your company or leave the company? Are you using the same session key to encrypt communication for a long time? Do not overuse keys.</P>]]></content></guidanceItem>