﻿<?xml version="1.0" encoding="utf-8"?><guidanceItem id="3c80e491-d410-4413-9c77-3ff32e9c3146" type="checklist" title="Determine if you need synchronization." cssFile="guidance.css" Date="2007-12-15T00:52:49.797Z" Author="J.D. Meier, Srinath Vasireddy, Ashish Babbar, Rico Mariani, and Alex Mackman" Category="Locking and Synchronization " filePath="..\Libraries\patterns &amp; practices Library\Checklist Item\3c80e491-d410-4413-9c77-3ff32e9c3146.xml" Priority="2" Rule_Type="Implementation" Source="patterns &amp; practices Library" Status="Beta" Technology=".NET 1.1" Topic="Performance" Type="Checklist Item" xmlns="urn:microsoft:guidanceexplorer:guidanceItem"><content><![CDATA[<H1>Applies to</H1><UL><LI><DIV>.NET 1.1</DIV></LI></UL><H1>What to Check For</H1><P>Check&nbsp;that whether your application&nbsp;determines the need for synchronization.</P><H1>How to Check</H1><P>Before considering synchronization options, you should think about other approaches that avoid the necessity of synchronization, such as loose coupling. Particularly, you need to synchronize when multiple users concurrently need to access or update a shared resource, such as static data.</P><H1>Additional Resources</H1><UL><LI>For more information about performance testing, see Chapter 5, "<A href="http://msdn2.microsoft.com/en-us/library/ms998547.aspx">Improving Managed Code Performance</A>".</LI></UL>]]></content></guidanceItem>