﻿<?xml version="1.0" encoding="utf-8"?><guidanceItem id="3caaa4cc-1239-4e43-9c04-1828a140afb3" type="checklist" title="Configuration files are locked down and secured for both the client and the server." cssFile="guidance.css" Date="2007-12-18T20:48:40.527Z" Author="J.D. Meier, Alex Mackman, Michael Dunner, Srinath Vasireddy, Ray Escamilla and Anandha Murukan" Category="Configuration" filePath="..\Libraries\patterns &amp; practices Library\Checklist Item\3caaa4cc-1239-4e43-9c04-1828a140afb3.xml" Priority="2" Rule_Type="Deployment" Source="patterns &amp; practices Library" Status="Beta" Technology="Remoting (.NET 1.1)" Topic="Security" Type="Checklist Item" xmlns="urn:microsoft:guidanceexplorer:guidanceItem"><content><![CDATA[<H1>Applies to</H1><UL><LI><DIV>Remoting (.NET 1.1)</DIV></LI></UL><H1>What to Check For</H1><P>Check to ensure that the configuration files are locked down and secured for both the client and the server.</P>]]></content></guidanceItem>