﻿<?xml version="1.0" encoding="utf-8"?><guidanceItem id="3cb76be8-1041-43ff-b7a0-9e8e61692bb7" type="checklist" title="Structured exception handling is used instead of returning error codes." cssFile="guidance.css" Date="2007-12-14T21:15:18.16Z" Author="J.D. Meier, Alex Mackman, Blaine Wastell, Prashant Bansode, Chaitanya Bijwe" Category="Exception Management" filePath="..\Libraries\patterns &amp; practices Library\Checklist Item\3cb76be8-1041-43ff-b7a0-9e8e61692bb7.xml" Priority="2" Rule_Type="Implementation" Source="patterns &amp; practices Library" Status="Beta" Technology=".NET 2.0" Topic="Security" Type="Checklist Item" xmlns="urn:microsoft:guidanceexplorer:guidanceItem"><content><![CDATA[<H1>Applies to</H1><UL><LI><DIV>.NET 2.0</DIV><DIV></DIV></LI></UL><H1>What to Check For</H1><P>Check to ensure that your application uses structured exception handling to catch exception conditions. Make sure that it&nbsp;does not rely on function return codes to perform all error handling. </P><P></P><H1>How to Fix</H1><P>Use structured exception handling instead of returning error codes from methods because it is easy to forget to check a return code, and, as a result, your code will fail to an insecure mode.</P><P>Microsoft Visual C# &#174; development tool and Microsoft Visual Basic&#174; .NET development system provide structured exception handling constructs. C# provides the <B>try / catch</B> and <B>finally</B> construct. You can protect code by placing it inside <B>try</B> blocks, and implement <B>catch</B> blocks to log and process exceptions. Also, use the <B>finally</B> construct to ensure that critical system resources such as connections are closed, whether an exception condition occurs or not.</P>]]></content></guidanceItem>