﻿<?xml version="1.0" encoding="utf-8"?><guidanceItem id="3cdc17d8-e3c9-4de5-8b82-4fa522df6bf3" type="checklist" title="Members of sysadmin fixed server role are limited (ideally, no more than two users)." cssFile="guidance.css" Date="2007-12-18T18:30:48.703Z" Author="J.D. Meier, Alex Mackman, Michael Dunner, Srinath Vasireddy, Ray Escamilla and Anandha Murukan" Category="Security Considerations" filePath="..\Libraries\patterns &amp; practices Library\Checklist Item\3cdc17d8-e3c9-4de5-8b82-4fa522df6bf3.xml" Priority="2" Rule_Type="Deployment" Source="patterns &amp; practices Library" Status="Beta" Technology="SQL Server 2000" Topic="Security" Type="Checklist Item" xmlns="urn:microsoft:guidanceexplorer:guidanceItem"><content><![CDATA[<H1>Applies to</H1><UL><LI><DIV>SQL Server 2000 </DIV><LI><DIV>Windows 2000 Server</DIV><DIV></DIV></LI></UL><H1>What to Check For</H1><P>Check to ensure that the number of accounts that are members of the <B>sysadmin</B> role are restricted for individual accountability.&nbsp;Ideally, no more than two users are members of this role. </P>]]></content></guidanceItem>