﻿<?xml version="1.0" encoding="utf-8"?><guidanceItem id="3ce02790-22e1-4612-a711-a5b2c6800dda" type="checklist" title="Debug compiles are turned off. " cssFile="guidance.css" Date="2007-12-18T19:51:22.553Z" Author="J.D. Meier, Alex Mackman, Michael Dunner, Srinath Vasireddy, Ray Escamilla and Anandha Murukan" Category="IIS Configuration" filePath="..\Libraries\patterns &amp; practices Library\Checklist Item\3ce02790-22e1-4612-a711-a5b2c6800dda.xml" Priority="2" Rule_Type="Deployment" Source="patterns &amp; practices Library" Status="Beta" Technology="Web Application" Topic="Security" Type="Checklist Item" xmlns="urn:microsoft:guidanceexplorer:guidanceItem"><content><![CDATA[<H1>Applies to</H1><UL><LI><DIV>Web Application</DIV></LI></UL><H1>What to Check For</H1><P>Check to ensure that debug compiles are turned off&nbsp;in the machine.config file on production servers.</P><P></P><H1>How to Fix</H1><P>You can control whether or not the compiler produces debug builds that include debug symbols by using the<B> &lt;compilation&gt;</B> element. To turn off debug compiles, set <B>debug="false"</B> as shown below:</P><DIV><PRE>&lt;compilation debug="false" explicit="true" defaultLanguage="vb" /&gt;</PRE></DIV>]]></content></guidanceItem>