﻿<?xml version="1.0" encoding="utf-8"?><guidanceItem id="3cf48d6f-b123-4b17-bad1-f17229f6b522" type="checklist" title="All unnecessary shares are removed (including default administration shares)." cssFile="guidance.css" Date="2007-12-18T19:35:08.233Z" Author="J.D. Meier, Alex Mackman, Michael Dunner, Srinath Vasireddy, Ray Escamilla and Anandha Murukan" Category="IIS Configuration" filePath="..\Libraries\patterns &amp; practices Library\Checklist Item\3cf48d6f-b123-4b17-bad1-f17229f6b522.xml" Priority="2" Rule_Type="Deployment" Source="patterns &amp; practices Library" Status="Beta" Technology="Web Application" Topic="Security" Type="Checklist Item" xmlns="urn:microsoft:guidanceexplorer:guidanceItem"><content><![CDATA[<H1>Applies to</H1><UL><LI><DIV>Web Application</DIV></LI></UL><H1>What to Check For</H1><P>Check to ensure that all unnecessary shares including default administration shares&nbsp;are removed.</P><P></P><H1>How to Fix</H1><P>Remove all unnecessary shares. To review shares and associated permissions, run the Computer Management MMC snap-in, and select <B>Shares</B> from <B>Shared</B> <B>Folders</B> as shown below.</P><P><IMG alt="" src="http://msdn2.microsoft.com/en-us/library/Aa302432.f16thcm03(en-us,MSDN.10).gif" border=0></P><P><B><I>Computer Management MMC snap-in Shares</I></B></P>]]></content></guidanceItem>