﻿<?xml version="1.0" encoding="utf-8"?><guidanceItem id="3cf79dc0-9e3a-4129-a52c-a5f492bc7842" type="checklist" title="Consider the fire in parallel option." cssFile="guidance.css" Date="2007-12-18T06:44:14.653Z" Author="J.D. Meier, Srinath Vasireddy, Ashish Babbar, and Alex Mackman " Category="Queued Components" filePath="..\Libraries\patterns &amp; practices Library\Checklist Item\3cf79dc0-9e3a-4129-a52c-a5f492bc7842.xml" Priority="2" Rule_Type="Implementation" Source="patterns &amp; practices Library" Status="Beta" Technology="Enterprise Services (.NET 1.1)" Topic="Performance" Type="Checklist Item" xmlns="urn:microsoft:guidanceexplorer:guidanceItem"><content><![CDATA[<H1>Applies to</H1><UL><LI><DIV>Enterprise Services (.NET 1.1)</DIV></LI></UL><H1>What to Check For</H1><P>Check to ensure that your application considers the fire in parallel option for better performance.</P><H1>How to Check</H1><P>When a publisher raises an event, the method call does not return until all subscriber components are activated and contacted. With large numbers of subscribers, this can severely affect performance. You can use the <B>FireInParallel</B> property to instruct the event system to use multiple threads to deliver events to subscribers.</P><DIV><PRE>public interface ICustomInterface&#123;<BR>&nbsp;&nbsp;&nbsp;void OnEventA();<BR>&nbsp;&nbsp;&nbsp;void OnEventB();<BR>&#125;<BR>&#91;EventClass(FireInParallel = true)&#93;<BR>public class CustomClass : ServicedComponent, ICustomInterface<BR>&#123;<BR>   public void OnEventA();<BR>   public void OnEventB();<BR>&#125;</PRE></DIV><P>This approach can increase performance in certain circumstances, particularly when one or more of the subscribers take a long time to process the notification.</P><BLOCKQUOTE><B>Note&nbsp;&nbsp;&nbsp;</B>Selecting <B>Fire in parallel</B> does not guarantee that the event is delivered at the same time to multiple subscribers, but it instructs COM&#43; to permit it to happen.</BLOCKQUOTE><P>You can set the <B>Fire in parallel</B> option on the <B>Advanced</B> tab of the event class component's <B>Properties</B> dialog box.</P><P>Fire in parallel might mean that the subscribers gain concurrent access to the same objects. For example, if you use a <B>DataSet</B> as a parameter, you might end up with many threads accessing it. As a result, observe the following: </P><UL><LI>Do not use STA objects as parameters to LCE events. <LI>Make your LCE subscribers read only the data. Otherwise, you might run into synchronization issues where subscriber A writes to the same object at the same time as subscriber B reads from it. </LI></UL><H1>Additional Resources</H1><UL><LI>For more information, see Microsoft Knowledge Base article 318185, "HOW TO: Use Loosely Coupled Events from Visual Studio .NET," at <A href="http://support.microsoft.com/default.aspx?scid=kb;en-us;318185">http://support.microsoft.com/default.aspx?scid=kb;en-us;318185</A>.</LI></UL>]]></content></guidanceItem>