﻿<?xml version="1.0" encoding="utf-8"?><guidanceItem id="3d0e2d78-8dd2-4abb-8f5d-b25d40ba8568" type="checklist" title="Use server controls where appropriate." cssFile="guidance.css" Date="2007-12-18T21:47:11.133Z" Author="J.D. Meier, Srinath Vasireddy, Ashish Babbar, John Allen and Alex Mackman" Category="Server Controls" filePath="..\Libraries\patterns &amp; practices Library\Checklist Item\3d0e2d78-8dd2-4abb-8f5d-b25d40ba8568.xml" Priority="2" Rule_Type="Implementation" Source="patterns &amp; practices Library" Status="Beta" Technology="ASP.NET 1.1" Topic="Performance" Type="Checklist Item" xmlns="urn:microsoft:guidanceexplorer:guidanceItem"><content><![CDATA[<H1>Applies to</H1><UL><LI><DIV>ASP.NET 1.1</DIV></LI></UL><H1>What to Check For</H1><P>Check to ensure that your application uses server controls where appropriate.</P><H1>How to Check</H1><P>The HTTP protocol is stateless; however, server controls provide a rich programming model that manages state between page requests by using view state. Server controls require a fixed amount of processing to establish the control and all of its child controls. This makes server controls relatively expensive compared to HTML controls or possibly static text. Scenarios where server controls are expensive include the following: </P><UL><LI><B>Large payload over low bandwidth</B>. The more controls that you have on a page, the higher the network payload is. Therefore, multiple controls decreases the time to last byte (TTLB) and the time to first byte (TTFB) for the response that is sent to the client. When the bandwidth between client and server is limited, as is the case when a client uses a low-speed dial-up connection, pages that carry a large view state payload can significantly affect performance. <LI><B>View state overhead</B>. View state is serialized and deserialized on the server. The CPU effort is proportional to the view state size. In addition to server controls that use view state, it is easy to programmatically add any object that can be serialized to the view state property. However, adding objects to the view state adds to the overhead. Other techniques such as storing, computed data or storing several copies of common data adds unnecessary overhead. <LI><B>Composite controls or large number of controls</B>. Pages that have composite controls such as <B>DataGrid</B> may increase the footprint of the view state. Pages that have a large number of server controls also may increase the footprint of the view state. Where possible, consider the alternatives that are presented later in this section. </LI></UL><P>When you do not need rich interaction, replace server controls with an inline representation of the user interface that you want to present. You might be able to replace a server control under the following conditions: </P><UL><LI>You do not need to retain state across postbacks. <LI>The data that appears in the control is static. For example, a label is static data. <LI>You do not need programmatic access to the control on the server-side. <LI>The control is displaying read-only data. <LI>The control is not needed during postback processing. </LI></UL><P>Alternatives to server controls include simple rendering, HTML elements, inline <B>Response.Write</B> calls, and raw inline angle brackets (&lt;&#37; &#37;&gt;). It is essential to balance your tradeoffs. Avoid over optimization if the overhead is acceptable and if your application is within the limits of its performance objectives.</P>]]></content></guidanceItem>