﻿<?xml version="1.0" encoding="utf-8"?><guidanceItem id="3d32fb62-228b-411e-801d-8e301eeb9a38" type="checklist" title="If LinkDemands are used on structures, the structures contain explicitly defined constructors." cssFile="guidance.css" Date="2007-12-15T00:26:38.91Z" Author="J.D. Meier, Srinath Vasireddy, Ashish Babbar, Rico Mariani, and Alex Mackman" Category="Code Access Security" filePath="..\Libraries\patterns &amp; practices Library\Checklist Item\3d32fb62-228b-411e-801d-8e301eeb9a38.xml" Priority="2" Rule_Type="Implementation" Source="patterns &amp; practices Library" Status="Beta" Technology=".NET 1.1" Topic="Security" Type="Checklist Item" xmlns="urn:microsoft:guidanceexplorer:guidanceItem"><content><![CDATA[<H1>Applies to</H1><UL><LI><DIV>.NET 1.1</DIV></LI></UL><H1>What to Check For</H1><P>Check to ensure that&nbsp;if LinkDemands are used on structures, the structures contain explicitly defined constructors.</P><P></P><H1>How to Fix</H1><P>Link demands do not prevent the construction of structures by untrusted callers. This&nbsp;is because default constructors are not automatically generated for structures. Therefore, the structure level link demand only applies if you use an explicit constructor.</P><P>For example:</P><DIV><PRE>&#91;SecurityPermission(SecurityAction.LinkDemand,<BR>            Flags=SecurityPermissionFlag.ControlPrincipal)&#93;<BR>public struct SomeStruct&#123;<BR>  // This explicit constructor is protected by the link demand<BR>  public SomeStruct(int i)<BR>  &#123;<BR>    field = i;<BR>  &#125;<BR>  private int field;<BR>&#125;</PRE></DIV><P>The following two lines of code both result in a new structure with the field initialized to zero. However, only the first line that uses the explicit constructor is subject to a link demand.</P><DIV><PRE>SomeStruct s = new SomeStruct(0);<BR>SomeStruct s = new SomeStruct();</PRE></DIV><P>The second line is not subject to a link demand because a default constructor is not generated. If this were a class instead of a structure, the compiler would generate a default constructor annotated with the specified link demand.</P>]]></content></guidanceItem>