﻿<?xml version="1.0" encoding="utf-8"?><guidanceItem id="3d340b0a-19a7-44fc-b2b2-8f7790257e54" type="checklist" title="Assemblies have a strong name. " cssFile="guidance.css" Date="2007-12-15T00:03:01.82Z" Author="J.D. Meier, Srinath Vasireddy, Ashish Babbar, Rico Mariani, and Alex Mackman" Category="Assembly Level Checks" filePath="..\Libraries\patterns &amp; practices Library\Checklist Item\3d340b0a-19a7-44fc-b2b2-8f7790257e54.xml" Priority="2" Rule_Type="Implementation" Source="patterns &amp; practices Library" Status="Beta" Technology=".NET 1.1" Topic="Security" Type="Checklist Item" xmlns="urn:microsoft:guidanceexplorer:guidanceItem"><content><![CDATA[<H1>Applies to</H1><UL><LI><DIV>.NET 1.1</DIV></LI></UL><H1>What to Check For</H1><P>Check to ensure that the dynamically generated ASP.NET Web page assemblies&nbsp;have a strong name.</P><P></P><H1>How to Fix</H1><P>The .NET Framework includes the Sn.exe utility to help you strong name assemblies. You do not need an X.509 certificate to add a strong name to an assembly.</P><P><B>To strong name an assembly</B> </P><OL><LI>Generate the key file in the assembly's project directory by using the following command. <DIV><PRE>sn.exe -k keypair.snk</PRE></DIV><LI>Add an <B>AssemblyKeyFile</B> attribute to Assemblyinfo.cs to reference the generated key file, as shown in the following code sample. <DIV><PRE>// The keypair file is usually placed in the project directory<BR>&#91;assembly: AssemblyKeyFile(&#64;"..\..\keypair.snk")&#93;</PRE></DIV><BLOCKQUOTE><B>Note</B>&nbsp;&nbsp;&nbsp;In .NET 2.0, strong naming and key pair generation is also available through the Signing pane in the Project Designer of the Microsoft Visual Studio 2005 project. For more information, see "<A href="http://msdn2.microsoft.com/en-us/library/ms247123.aspx">How to: Sign an Assembly (Visual Studio)</A>."</BLOCKQUOTE></LI></OL>]]></content></guidanceItem>