﻿<?xml version="1.0" encoding="utf-8"?><guidanceItem id="3d9fba58-2373-42f5-873c-28bb20e27fab" type="checklist" title="Scenarios with limited or no sharing should not use Ngen.exe." cssFile="guidance.css" Date="2007-12-15T01:15:55.34Z" Author="J.D. Meier, Srinath Vasireddy, Ashish Babbar, Rico Mariani, and Alex Mackman" Category="Ngen.exe" filePath="..\Libraries\patterns &amp; practices Library\Checklist Item\3d9fba58-2373-42f5-873c-28bb20e27fab.xml" Priority="2" Rule_Type="Implementation" Source="patterns &amp; practices Library" Status="Beta" Technology=".NET 1.1" Topic="Performance" Type="Checklist Item" xmlns="urn:microsoft:guidanceexplorer:guidanceItem"><content><![CDATA[<H1>Applies to</H1><UL><LI><DIV>.NET 1.1</DIV></LI></UL><H1>What to Check For</H1><P>Check to ensure that your application&nbsp;does not use Ngen.exe for scenarios with limited or no sharing.</P><H1>How to Check</H1><P>In general, Ngen.exe is not beneficial for scenarios with limited or no sharing, for the following reasons: </P><UL><LI>A dependency on Ngen.exe creates a servicing burden. <LI>Single instance applications or libraries gain little benefit. Although code is shareable, no processes will be sharing it because there is only a single instance. <LI>The JIT compiler is itself shareable, so the 200 KB cost of loading the JIT compiler is amortized over the applications using it.&nbsp; </LI></UL><H1>Additional Resources</H1><UL><LI>For more information about how to use Ngen.exe, see "Native Image Generator (Ngen.exe)" in "<I>.</I>NET Framework Tools" on MSDN at <A href="http://msdn.microsoft.com/library/en-us/cptools/html/cpgrfnativeimagegeneratorngenexe.asp">http://msdn.microsoft.com/library/en-us/cptools/html/cpgrfnativeimagegeneratorngenexe.asp</A>.</LI></UL>]]></content></guidanceItem>