﻿<?xml version="1.0" encoding="utf-8"?><guidanceItem id="3ded8fa0-1cf9-4511-84c6-cf67480afb65" type="checklist" title="Common machine keys are enabled on all servers in a Web farm." cssFile="guidance.css" Date="2007-12-18T21:30:40.19Z" Author="J.D. Meier, Srinath Vasireddy, Ashish Babbar, John Allen and Alex Mackman" Category="Deployment Considerations" filePath="..\Libraries\patterns &amp; practices Library\Checklist Item\3ded8fa0-1cf9-4511-84c6-cf67480afb65.xml" Priority="2" Rule_Type="Deployment" Source="patterns &amp; practices Library" Status="Beta" Technology="ASP.NET 1.1" Topic="Security" Type="Checklist Item" xmlns="urn:microsoft:guidanceexplorer:guidanceItem"><content><![CDATA[<H1>Applies to</H1><UL><LI><DIV>ASP.NET 1.1</DIV></LI></UL><H1>What to Check For</H1><P>Check to ensure that Common machine keys are enabled on all servers in a Web farm. </P>]]></content></guidanceItem>