﻿<?xml version="1.0" encoding="utf-8"?><guidanceItem id="3e423bb8-2d48-4132-ad50-87842555add8" type="checklist" title="Use Page.IsPostBack to minimize redundant processing." cssFile="guidance.css" Date="2007-12-14T00:19:45.443Z" Author="J.D. Meier, Alex Mackman, Blaine Wastell, Prashant Bansode, Andy Wigley, Kishore Gopalan" Category="Pages" filePath="..\Libraries\patterns &amp; practices Library\Checklist Item\3e423bb8-2d48-4132-ad50-87842555add8.xml" Priority="2" Rule_Type="Implementation" Source="patterns &amp; practices Library" Status="Beta" Technology="ASP.NET 2.0" Topic="Performance" Type="Checklist Item" xmlns="urn:microsoft:guidanceexplorer:guidanceItem"><content><![CDATA[<H1>Applies to</H1><UL><LI><DIV>ASP.NET 2.0</DIV></LI></UL><H1>What to Check For</H1><P>Check to ensure that your application minimizes redundant processing by using Page.IsPostBack property in its pages.</P><H1>How to Check</H1><P>Use the <B>Page.IsPostBack</B> property to ensure that you only perform page initialization logic when a page is first loaded and not in response to client postbacks. The following code fragment shows how to use the <B>Page.IsPostBack</B> property.</P><DIV><PRE>if (Page.IsPostBack == false) &#123;  // Initialization logic&#125; else &#123;  // Client post-back logic&#125;</PRE></DIV>]]></content></guidanceItem>