﻿<?xml version="1.0" encoding="utf-8"?><guidanceItem id="3e7d68a8-844b-4ae8-9829-9791ac802b6a" type="checklist" title="Consider output caching for less volatile data." cssFile="guidance.css" Date="2007-12-18T20:29:45.877Z" Author="J.D. Meier, Srinath Vasireddy, Ashish Babbar, and Alex Mackman" Category="Caching" filePath="..\Libraries\patterns &amp; practices Library\Checklist Item\3e7d68a8-844b-4ae8-9829-9791ac802b6a.xml" Priority="2" Rule_Type="Implementation" Source="patterns &amp; practices Library" Status="Beta" Technology="Web Services (.NET 1.1)" Topic="Performance" Type="Checklist Item" xmlns="urn:microsoft:guidanceexplorer:guidanceItem"><content><![CDATA[<H1>Applies to</H1><UL><LI><DIV>Web Services (.NET 1.1)</DIV></LI></UL><H1>What to Check For</H1><P>Check to ensure that your application considers output caching for less volatile data.</P><H1>How to Fix</H1><P>If portions of your output are static or nearly static, use ASP.NET output caching. To use ASP.NET output caching with Web services, configure the <B>CacheDuration</B> property of the <B>WebMethod</B> attribute. The following code snippet shows the cache duration set to 30 seconds.</P><DIV><PRE>&#91;WebMethod(CacheDuration=30)&#93;<BR>public string SomeMethod()<BR> &#123;  ... . &#125;</PRE></DIV><H1>Additional Resources</H1><UL><LI>For more information, see Microsoft Knowledge Base article 318299, "HOW TO: Perform Output Caching with Web Services in Visual C# .NET," at <A href="http://support.microsoft.com/default.aspx?scid=kb;en-us;318299">http://support.microsoft.com/default.aspx?scid=kb;en-us;318299</A>.</LI></UL>]]></content></guidanceItem>