﻿<?xml version="1.0" encoding="utf-8"?><guidanceItem id="3eec57e1-e53f-434b-9301-9997984474ab" type="checklist" title="Prioritize performance, maintainability, and productivity when you choose how to pass data across layers." cssFile="guidance.css" Date="2007-12-17T05:19:49.203Z" Author="J.D. Meier, Alex Mackman, Blaine Wastell, Prashant Bansode, Chaitanya Bijwe" Category="Design Considerations" filePath="..\Libraries\patterns &amp; practices Library\Checklist Item\3eec57e1-e53f-434b-9301-9997984474ab.xml" Priority="2" Rule_Type="Implementation" Source="patterns &amp; practices Library" Status="Beta" Technology="ADO.NET 2.0" Topic="Performance" Type="Checklist Item" xmlns="urn:microsoft:guidanceexplorer:guidanceItem"><content><![CDATA[<H1>Applies to</H1><UL><LI><DIV>ADO.NET 2.0</DIV></LI></UL><H1>What to Check For</H1><P>Check to ensure that your application considers the factors such as performance, maintainability, and productivity when passing data across layers.</P><H1>How to Check</H1><P>You should consider several factors when you choose an approach for passing data across layers: </P><UL><LI><B>Maintainability</B>. Consider how hard it is to build and keep up with changes. <LI><B>Productivity</B>. Consider how hard it is to implement the solution. <LI><B>Programmability</B>. Consider how hard it is to code. <LI><B>Performance</B>. Consider how efficient it is for collections, browsing, and serializing. </LI></UL><P>This section summarizes the main approaches for passing data across application layers and the relative tradeoffs that exist: </P><UL><LI><B>DataSets</B>.<B> </B>With this approach, you use a generic <B>DataSet</B> object. This approach offers great flexibility because of the extensive functionality of the <B>DataSet</B>. This includes serialization, XML support, ability to handle complex relationships, support for optimistic concurrency, and others. However, <B>DataSet</B> objects are expensive to create because of their internal object hierarchy, and clients must access them through collections. <P>The <B>DataSet</B> contains collections of many subobjects, such as the <B>DataTable</B>, <B>DataRow</B>, <B>DataColumn</B>, <B>DataRelation</B> and <B>Constraint</B> objects. Most of these objects are passed with the <B>DataSet</B> between the layers. This is a lot of objects and a lot of data to be passed between the layers. It also takes time to fill a <B>DataSet</B>, because there are many objects that need to be instantiated and populated. All of this affects performance. Generally, the <B>DataSet</B> is most useful for caching when you want to create an in-memory representation of your database, when you want to work with relations between tables, and when you want to perform sorting and filtering operations. </P><LI><B>Typed</B> <B>DataSets</B>. Instantiation and marshaling performance of the typed <B>DataSet</B> is roughly equivalent to the <B>DataSet</B>. The main performance advantage of the typed <B>DataSet</B> is that clients can access methods and properties directly, without having to use collections. <LI><B>DataReaders</B>. This approach offers the optimum performance when you need to render data as quickly as possible. You should close <B>DataReader</B> objects as soon as possible and make sure that client applications cannot affect the amount of time the <B>DataReader</B> and, hence, the database connection is held open. <P>The <B>DataReader</B> is very fast compared to a <B>DataSet,</B> but you should avoid passing <B>DataReader</B> objects between layers, because they require an open connection. </P><LI><B>XML</B>. This is a loosely coupled approach that natively supports serialization and collections of data. For example, an XML document can contain data for multiple business entities. It also supports a wide range of client types. Performance issues to consider include the fact that XML strings can require substantial parsing effort, and large and verbose strings can consume large amounts of memory. <LI><B>Custom Classes</B>. With this approach, you use private data members to maintain the object's state and provide public accessor methods. For simple types, you can use structures instead of classes, which means you avoid having to implement your own serialization. The main performance benefit of custom classes is that they enable you to create your own optimized serialization. You should avoid complex object hierarchies and optimize your class design to minimize memory consumption and reduce the amount of data that needs to be serialized when the object is passed between layers. </LI></UL><H1>Additional Resources</H1><UL><LI><P>For more information about how to pass data across the layers, see "<I>Designing Data Tier Components and Passing Data Through Tiers</I>" at <A href="http://msdn.microsoft.com/library/default.asp?url=/library/en-us/dnbda/html/boagag.asp">http://msdn.microsoft.com/library/default.asp?url=/library/en-us/dnbda/html/BOAGag.asp</A>.</P></LI></UL>]]></content></guidanceItem>