﻿<?xml version="1.0" encoding="utf-8"?><guidanceItem id="3f345653-816e-4f7a-9a84-c0756077aebb" type="checklist" title="Absolute URLs are used for navigation where the site is partitioned with secure and non-secure folders" cssFile="guidance.css" Date="2008-01-19T00:04:42.567Z" Author="J.D. Meier, Srinath Vasireddy, Ashish Babbar, John Allen and Alex Mackman" Category="Authentication" filePath="..\Libraries\patterns &amp; practices Library\Checklist Item\3f345653-816e-4f7a-9a84-c0756077aebb.xml" Priority="2" Rule_Type="Implementation" Source="patterns &amp; practices Library" Status="Beta" Technology="ASP.NET 1.1" Topic="Security" Type="Checklist Item" xmlns="urn:microsoft:guidanceexplorer:guidanceItem"><content><![CDATA[<H1>Applies to</H1><UL><LI><DIV>ASP.NET 1.1</DIV></LI></UL><H1>What to Check For</H1><P>Check to ensure that Absolute URLs are used for navigation where the site is partitioned with secure and non-secure folders.</P><H1>How to Check</H1><P>Navigating between the public and restricted areas of your site (that is, between HTTP and HTTPS pages) is an issue because a redirect always uses the protocol (HTTPS or HTTP) of the current page, not the target page.</P><P>Once a user logs on and browses pages in a directory that is secured with SSL, relative links such as "..\publicpage.aspx" or redirects to HTTP pages result in the&nbsp;pages being served using the https protocol, which incurs an unnecessary performance overhead. To avoid this, use absolute links such as "http://servername/appname/publicpage.aspx" when redirecting from an HTTPS page to an HTTP page.</P><P>Similarly, when you redirect to a secure page (for example, the login page) from a&nbsp;public area of your site, you must use an absolute HTTPS path, such as "https://servername/appname/secure/login.aspx", rather than a relative path, such&nbsp;as restricted/login.aspx. For example, if your Web page provides a logon button, use the following code to redirect to the secure login page.</P><DIV><PRE>private void btnLogon_Click( object sender, System.EventArgs e )&#123;<BR>  // Form an absolute path using the server name and v-dir name<BR>  string serverName = <BR>         HttpUtility.UrlEncode(Request.ServerVariables&#91;"SERVER_NAME"&#93;);<BR>  string vdirName = Request.ApplicationPath;<BR>  Response.Redirect("https://" &#43; serverName &#43; vdirName &#43;<BR>                     "/Restricted/Login.aspx");<BR>&#125;</PRE></DIV>]]></content></guidanceItem>