﻿<?xml version="1.0" encoding="utf-8"?><guidanceItem id="3f9d3ece-2ee2-45d8-b00f-6b7546272380" type="checklist" title="Set unneeded member variables to Null before making long-running calls." cssFile="guidance.css" Date="2007-12-15T01:20:52.497Z" Author="J.D. Meier, Srinath Vasireddy, Ashish Babbar, Rico Mariani, and Alex Mackman" Category="Garbage Collection" filePath="..\Libraries\patterns &amp; practices Library\Checklist Item\3f9d3ece-2ee2-45d8-b00f-6b7546272380.xml" Priority="2" Rule_Type="Implementation" Source="patterns &amp; practices Library" Status="Beta" Technology=".NET 1.1" Topic="Performance" Type="Checklist Item" xmlns="urn:microsoft:guidanceexplorer:guidanceItem"><content><![CDATA[<H1>Applies to</H1><UL><LI><DIV>.NET 1.1</DIV></LI></UL><H1>What to Check For</H1><P>Check that your application&nbsp;sets unneeded member variables to Null before making long-running calls.</P><H1>How to Check</H1><P>Before you block on a long-running call, you should explicitly set any unneeded member variables to <B>null</B> before making the call so they can be collected. This is demonstrated in the following code fragment.</P><DIV><PRE>class MyClass&#123;<BR>  private string str1;<BR>  private string str2;<BR>  void DoSomeProcessing(&#8230;)&#123;<BR>    str1= GetResult(&#8230;);<BR>    str2= GetOtherResult(&#8230;);<BR>  &#125;<BR>  void MakeDBCall(&#8230;)&#123;<BR>    PrepareForDBCall(str1,str2);<BR>    str1=null;<BR>    str2=null;<BR>    // Make a database (long running) call<BR>  &#125;<BR>&#125;</PRE></DIV><P>This advice applies to any objects which are still statically or lexically reachable but are actually not needed: </P><UL><LI>If you no longer need a static variable in your class, or some other class, set it to <B>null</B>. <LI>If you can "prune" your state, that is also a good idea. You might be able to eliminate most of a tree before a long-running call, for instance. <LI>If there are any objects that could be disposed before the long-running call, set those to <B>null</B>. </LI></UL><P>Do not set local variables to <B>null</B> (C#) or <B>Nothing</B> (Visual Basic .NET) because the JIT compiler can statically determine that the variable is no longer referenced and there is no need to explicitly set it to <B>null</B>. The following code shows an example using local variables.</P><DIV><PRE>void func(&#8230;)&#123;<BR>  String str1;<BR>  str1="abc";<BR>  // Avoid this  str1=null;<BR>&#125;</PRE></DIV><H1>Additional Resources</H1><UL><LI>For more information about garbage collection, see the following resources: <UL><LI>"Garbage Collector Basics and Performance Hints" on MSDN at <A href="http://msdn2.microsoft.com/en-us/library/ms973837.aspx">http://msdn2.microsoft.com/en-us/library/ms973837.aspx</A>. <LI><I>MSDN Magazine</I> article, "Garbage Collection: Automatic Memory Management in the Microsoft .NET Framework," by Jeffrey Richter, at <A href="http://msdn.microsoft.com/msdnmag/issues/1100/gci/toc.asp?frame=true">http://msdn.microsoft.com/msdnmag/issues/1100/GCI/TOC.ASP?frame=true</A>. <LI><I>MSDN Magazine</I> article, "Garbage Collection&#8212;Part 2: Automatic Memory Management in the Microsoft .NET Framework," by Jeffrey Richter, at <A href="http://msdn.microsoft.com/msdnmag/issues/1200/gci2/toc.asp?frame=true">http://msdn.microsoft.com/msdnmag/issues/1200/GCI2/TOC.ASP?frame=true</A>. </LI></UL></LI></UL>]]></content></guidanceItem>