﻿<?xml version="1.0" encoding="utf-8"?><guidanceItem id="3fbe2320-cc4d-4d20-9954-6e9993021ed2" type="checklist" title="Tracing is disabled &lt;trace enable=&quot;false&quot;/&gt;" cssFile="guidance.css" Date="2007-12-18T19:50:07.797Z" Author="J.D. Meier, Alex Mackman, Michael Dunner, Srinath Vasireddy, Ray Escamilla and Anandha Murukan" Category="IIS Configuration" filePath="..\Libraries\patterns &amp; practices Library\Checklist Item\3fbe2320-cc4d-4d20-9954-6e9993021ed2.xml" Priority="2" Rule_Type="Deployment" Source="patterns &amp; practices Library" Status="Beta" Technology="Web Application" Topic="Security" Type="Checklist Item" xmlns="urn:microsoft:guidanceexplorer:guidanceItem"><content><![CDATA[<H1>Applies to</H1><UL><LI><DIV>Web Application</DIV></LI></UL><H1>What to Check For</H1><P>Check to ensure that tracing is disabled in the Machine.config on production servers.</P><P></P><H1>How to Fix</H1><P>You configure tracing in Machine.config by using the <B>&lt;trace&gt;</B> element. While it is useful on development and test servers, do not enable tracing on production servers, because system-level trace information can greatly assist an attacker to profile an application and probe for weak spots.</P><P>Use the following configuration on production servers:</P><DIV><PRE>&lt;trace enabled="false" localOnly="true" pageOutput="false"<BR>        requestLimit="10" traceMode="SortByTime"/&gt;</PRE></DIV><P>Set <B>enabled="false"</B> on production servers. If you do need to trace problems with live applications, simulate the problem in a test environment, or if necessary, enable tracing and set <B>localOnly="true"</B> to prevent trace details from being returned to remote clients.</P>]]></content></guidanceItem>