﻿<?xml version="1.0" encoding="utf-8"?><guidanceItem id="3fcb731a-56d7-490f-b2a9-89c4c1b20c79" type="checklist" title="Pool connections" cssFile="guidance.css" Date="2007-12-17T05:27:09.647Z" Author="J.D. Meier, Alex Mackman, Blaine Wastell, Prashant Bansode, Chaitanya Bijwe" Category="Connections" filePath="..\Libraries\patterns &amp; practices Library\Checklist Item\3fcb731a-56d7-490f-b2a9-89c4c1b20c79.xml" Priority="2" Rule_Type="Implementation" Source="patterns &amp; practices Library" Status="Beta" Technology="ADO.NET 2.0" Topic="Performance" Type="Checklist Item" xmlns="urn:microsoft:guidanceexplorer:guidanceItem"><content><![CDATA[<H1>Applies to</H1><UL><LI><DIV>ADO.NET 2.0</DIV></LI></UL><H1>What to Check For</H1><P>Check to ensure&nbsp;that your application uses database connection pooling to reduce the overhead caused when creating database connections.</P><H1>Why</H1><P>Creating database connections is expensive. You reduce overhead by pooling your database connections. </P><H1>How to Check</H1><P>Make sure you call <B>Close</B> or <B>Dispose</B> on a connection as soon as possible. When pooling is enabled, calling <B>Close</B> or <B>Dispose</B> returns the connection to the pool instead of closing the underlying database connection.</P><P>You must account for the following issues when pooling is part of your design: </P><UL><LI><B>Share connections</B>. Use a per-application or per-group service account to connect to the database. This creates a single pool or a small number of pools, and it enables many client requests to share the same connections. <LI><B>Avoid per-user logons to the database</B>. Each logon creates a separate pooled connection. This means that you end up with a large number of small pools. If you need a different user for each connection, disable pooling or set a small maximum size for the pool. <LI><B>Do not vary connection strings</B>. Different connection strings generate different connection pools. For example, using different capitalization, extra spaces, or different ordering of attributes causes connections to go to different pools. The SQL Server .NET Data Provider performs a byte-by-byte comparison to determine whether connection strings match. <LI><B>Release connections</B>. Do not cache connections. For example, do not put them in session or application variables. Close connections as soon as you are finished with them. Busy connections are not pooled. <LI><B>Passing connections</B>. Do not pass connections between logical or physical application layers. <LI><B>Consider tuning your pool size if needed</B>. For example, in the case of the .NET Framework Data Provider for SQL Server, the default minimum pool size is zero and the maximum is 100. You might need to increase the minimum size to reduce warm-up time. You might need to increase the maximum size if your application needs more than 100 connections. <LI><B>Connection pools are managed by the specific database provider</B>. SqlClient, OleDB client, and third-party clients may provide different configuration and monitoring options. </LI></UL><P>The following list details the pooling mechanisms that are available, and it summarizes pooling behavior for the .NET Framework data providers: </P><UL><LI>The .NET Framework Data Provider for SQL Server pools connections by using a pooling mechanism implemented in managed code. You control pooling behaviors such as lifetime and pool size through connection string arguments. <LI>The .NET Framework Data Provider for Oracle also pools connections by using a managed code solution. <LI>The .NET Framework Data Provider for OLE DB automatically uses OLE DB session pooling to pool connections. You control pooling behavior through connection string arguments. <LI>The .NET Framework Data Provider for ODBC uses ODBC connection pooling. </LI></UL><H2>Monitoring Pooling</H2><P>You can monitor connection pooling to determine that it is working as expected and to help you identify the best minimum and maximum pool sizes.</P><H3>Monitoring Pooling on a Computer that is Running SQL Server</H3><P>You can monitor the number of open connections to SQL Server by using the SQL Server <B>SQLServer:General Statistics</B> performance counter object. This object is available only on a computer that is running SQL Server.</P><P>The connections are not specific to one particular application. If there are multiple applications accessing the server, this object reflects the total number of open connections for every application. Figure&nbsp;shows the <B>SQLServer:General Statistics</B> object in the Performance Monitor tool.</P><P><IMG alt="" src="http://msdn2.microsoft.com/en-us/library/ms998569.ch12---sql-server-general-statistics(en-us,MSDN.10).gif" border=0></P><P><B>Figure :&nbsp; Performance monitor showing the SQLServer:General Statistics counter</B></P><P>When monitoring <B>SQLServer:General Statistics</B>, you should observe the following: </P><UL><LI>The number of logins per second increases during application startup when the connection pool is established. The number of logins per second should then drop to zero and stay there. Repeated logins and logouts per second indicate that the connection pool is not being used because a different security context is being used to establish the connection. <LI>The <B>User Connections</B> value should stabilize and remain constant. If this value increases and you see a jagged pattern in the number of logins per second, you may be experiencing a connection leak in the connection pool. </LI></UL><H3>Monitoring Pooling Using the .NET Framework</H3><P>The .NET Framework Data Provider for SQL Server provides several counters. The following counters are of particular significance: </P><UL><LI><B>SqlClient: Current # connection pools</B> <LI><B>SqlClient: Current # pooled and nonpooled connections</B> <LI><B>SqlClient: Current # pooled connections</B> <LI><B>SqlClient: Peak # pooled connections</B> </LI></UL><P>The <B>SqlClient: Current # connection pools</B> counter indicates the number of connection pools that are currently in use. A large number of pools indicates that a pool is not being shared across clients. Using different connection strings creates new pools.</P><P>The <B>SqlClient: Peak # pooled connections</B> counter indicates the maximum number of connections that are currently in use. If this value remains at its peak, consider measuring the performance impact of increasing the <B>Max Pool Size </B>attribute in your connection string. The default value is 100. If you see this value at its peak in conjunction with a high number of failed connections in the <B>SqlClient: Total # failed connects</B> counter, consider changing the value and monitoring performance.</P><BLOCKQUOTE><B>Note&nbsp;&nbsp;&nbsp;</B>These SqlClient counters may not be reset in .NET Framework version 1.1 when you stop and then restart an application. To reset the counters, stop the application and exit System Monitor, and then start the application and System Monitor again.</BLOCKQUOTE><H1>Additional Resources</H1><UL><LI>For more information about pooling connections, see the following resources on MSDN: <UL><LI>"Connection Pooling for the .NET Framework Data Provider for SQL Server" in <I>.NET Framework Developer's Guide</I> at <A href="http://msdn.microsoft.com/library/default.asp?url=/library/en-us/cpguide/html/cpconconnectionpoolingforsqlservernetdataprovider.asp">http://msdn.microsoft.com/library/default.asp?url=/library/en-us/cpguide/html/cpconConnectionPoolingForSQLServerNETDataProvider.asp</A> </LI></UL><LI>For more information about pooling connections, see the following Knowledge Base articles: <UL><LI>164221, "INFO: How to Enable Connection Pooling in an ODBC Application" at <A href="http://support.microsoft.com/default.aspx?scid=kb;en-us;164221">http://support.microsoft.com/default.aspx?scid=kb;en-us;164221</A> <LI>166083, "INFO: How to Enable Connection Pooling in an OLE DB Application" at <A href="http://support.microsoft.com/default.aspx?scid=kb;en-us;166083">http://support.microsoft.com/default.aspx?scid=kb;en-us;166083</A> <LI>169470, "INFO: Frequently Asked Questions About ODBC Connection Pooling" at <A href="http://support.microsoft.com/default.aspx?scid=kb;en-us;169470">http://support.microsoft.com/default.aspx?scid=kb;en-us;169470</A> <LI>216950, "How to Enable ODBC Connection Pooling Performance Counters" at <A href="http://support.microsoft.com/default.aspx?scid=kb;en-us;216950">http://support.microsoft.com/default.aspx?scid=kb;en-us;216950</A> <LI>237977, "INFO: OLE DB Session Pooling Timeout Configuration" at <A href="http://support.microsoft.com/default.aspx?scid=kb;en-us;237977">http://support.microsoft.com/default.aspx?scid=kb;en-us;237977</A> <LI>316757, "BUG: SqlClient Connection Pooling That Uses Integrated Security Is Slower Than OleDb" at <A href="http://support.microsoft.com/default.aspx?scid=kb;en-us;316757">http://support.microsoft.com/default.aspx?scid=kb;en-us;316757</A> </LI></UL><LI>For more information about how to reset the .NET counters, see Knowledge Base article 314429, "BUG: Performance Counters for SQL Server .NET Data Provider Are Not Reset," at <A href="http://support.microsoft.com/default.aspx?scid=kb;en-us;314429">http://support.microsoft.com/default.aspx?scid=kb;en-us;314429</A>.</LI></UL>]]></content></guidanceItem>