﻿<?xml version="1.0" encoding="utf-8"?><guidanceItem id="404c07e2-75d0-4b78-8888-9159457ce549" type="checklist" title="Write correctly formed queries." cssFile="guidance.css" Date="2007-12-18T18:42:22.82Z" Author="J.D. Meier, Srinath Vasireddy, Ashish Babbar, Sharon Bjeletich and Alex Mackman" Category="Queries" filePath="..\Libraries\patterns &amp; practices Library\Checklist Item\404c07e2-75d0-4b78-8888-9159457ce549.xml" Priority="2" Rule_Type="Implementation" Source="patterns &amp; practices Library" Status="Beta" Technology="SQL Server 2000" Topic="Performance" Type="Checklist Item" xmlns="urn:microsoft:guidanceexplorer:guidanceItem"><content><![CDATA[<H1>Applies to</H1><UL><LI><DIV>SQL Server 2000</DIV></LI></UL><H1>What to Check For</H1><P>Check to ensure that your application&nbsp;queries are correctly written and well formed.</P><H1>How to Check</H1><P>Ensure that your queries are correctly formed. Ensure that your joins are correct, that all parts of the keys are included in the ON clause, and that there is a predicate for all queries. Pay extra attention to ensure that no cross products result from missing ON or WHERE clauses for joined tables. Cross products are also known as Cartesian products.</P><P>Do not automatically add a DISTINCT clause to SELECT statements. There is no need to include a DISTINCT clause by default. If you find that you need it because duplicate data is returned, the duplicate data may be the result of an incorrect data model or an incorrect join. For example, a join of a table with a composite primary key against a table with a foreign key that is referencing only part of the primary key results in duplicate values. You should investigate queries that return redundant data for these problems.</P><H1>Additional Resources</H1><UL><LI>For more information&nbsp;see "<A href="http://msdn2.microsoft.com/en-us/library/ms998577.aspx">Improving SQL Server Performance</A>".</LI></UL>]]></content></guidanceItem>