﻿<?xml version="1.0" encoding="utf-8"?><guidanceItem id="4051d3a0-8fb5-4311-b9e4-50f373ee5150" type="checklist" title="If you are using username authentication, use Membership Provider instead of custom authentication " cssFile="guidance.css" Date="2008-06-27T15:27:07.967Z" Author="J.D. Meier, Jason Taylor, Prashant Bansode, Carlos Farre, Madhu Sundararajan, Rob Boucher, Steve Gregersen" Category="Authentication" filePath="..\Libraries\patterns &amp; practices Library\Checklist Item\4051d3a0-8fb5-4311-b9e4-50f373ee5150.xml" Priority="2" Rule_Type="Implementation" Source="patterns &amp; practices Library" Status="Release" Technology="WCF 3.5" Topic="Security" Type="Checklist Item" xmlns="urn:microsoft:guidanceexplorer:guidanceItem"><content><![CDATA[<H1>Applies to</H1><UL><LI>Microsoft&#174; Windows Communication Foundation (WCF) 3.5 <LI>Microsoft Visual Studio&#174; 2008</LI></UL><H1>What to Check For</H1><P>Check to ensure that you use Membership Provider instead of custom authentication&nbsp;when using username authentication.</P>

]]></content></guidanceItem>