﻿<?xml version="1.0" encoding="utf-8"?><guidanceItem id="40d6dae3-035a-483d-a195-97a4bdc0828e" type="checklist" title="PasswordDeriveBytes is used for password-based encryption." cssFile="guidance.css" Date="2007-12-14T23:52:05.907Z" Author="J.D. Meier, Srinath Vasireddy, Ashish Babbar, Rico Mariani, and Alex Mackman" Category="Cryptography" filePath="..\Libraries\patterns &amp; practices Library\Checklist Item\40d6dae3-035a-483d-a195-97a4bdc0828e.xml" Priority="2" Rule_Type="Implementation" Source="patterns &amp; practices Library" Status="Beta" Technology=".NET 1.1" Topic="Security" Type="Checklist Item" xmlns="urn:microsoft:guidanceexplorer:guidanceItem"><content><![CDATA[<H1>Applies to</H1><UL><LI><DIV>.NET 1.1</DIV></LI></UL><H1>What to Check For</H1><P>Check to ensure that PasswordDeriveBytes is used for password-based encryption.</P><H1>How to Fix</H1><P>The <B>System.Security.Cryptography.DeriveBytes</B> namespace provides <B>PasswordDeriveBytes</B> for use when encrypting data based on a password the user supplies. To decrypt, the user must supply the same password used to encrypt.</P><P>Note that this approach is not for password authentication. Store a password verifier in the form of a hash value with a salt value order to authenticate a user's password. Use <B>PasswordDeriveBytes</B> to generate keys for password-based encryption.</P><P><B>PasswordDeriveBytes</B> accepts a password, salt, an encryption algorithm, a hashing algorithm, key size (in bits), and initialization vector data to create a symmetric key to be used for encryption.</P><BLOCKQUOTE><B>Note</B>&nbsp;&nbsp;&nbsp;Although .NET 2.0 still supports <B>PasswordDeriveBytes</B> for backward compatibility with .NET 1.1, you should use <B>Rfc2898DeriveBytes.</B> It supports the RSA Password-Based Key Derivation Function version 2 (PBKDF2), which is an improved version of the PBKDF1 standard implementation used by <B>PasswordDeriveBytes</B>. For more information, see <A href="http://msdn2.microsoft.com/en-us/library/system.security.cryptography.rfc2898derivebytes.aspx">".NET Framework Class Library - Rfc2898DeriveBytes Class</A>."</BLOCKQUOTE><P>After the key is used to encrypt the data, clear it from memory but persist the salt and initialization vector. These values should be protected and are needed to re-generate the key for decryption.</P><H1>Additional Resources</H1><UL><LI>For more information about storing password hashes with salt, see Chapter 14, "<A href="http://msdn2.microsoft.com/en-us/library/aa302430.aspx">Building Secure Data Access</A>."</LI></UL>]]></content></guidanceItem>