﻿<?xml version="1.0" encoding="utf-8"?><guidanceItem id="40e3bab1-8771-4892-968c-89b5cbea13ed" type="checklist" title="Only use Secure Sockets Layer (SSL) for pages that require it." cssFile="guidance.css" Date="2007-12-14T01:31:01.3Z" Author="J.D. Meier, Srinath Vasireddy, Ashish Babbar, John Allen and Alex Mackman" Category="Security Considerations" filePath="..\Libraries\patterns &amp; practices Library\Checklist Item\40e3bab1-8771-4892-968c-89b5cbea13ed.xml" Priority="2" Rule_Type="Implementation" Source="patterns &amp; practices Library" Status="Beta" Technology="ASP.NET 1.1" Topic="Performance" Type="Checklist Item" xmlns="urn:microsoft:guidanceexplorer:guidanceItem"><content><![CDATA[<H1>Applies to</H1><UL><LI><DIV>ASP.NET 1.1</DIV></LI></UL><H1>What to Check For</H1><P>Check to ensure that your application uses Secure Sockets Layer (SSL) only for pages that require it.</P><H1>How to Check</H1><P>Using SSL is expensive. Only use SSL for pages that require it. This includes pages that contain or capture sensitive data, such as pages that accept credit card numbers and passwords. Use SSL only if the following conditions are true: </P><UL><LI>You want to encrypt the page data. <LI>You want to guarantee that the server to which you send the data is the server that you expect. </LI></UL><P>For pages where you must use SSL, follow these guidelines: </P><UL><LI>Make the page size as small as possible. <LI>Avoid using graphics that have large file sizes. If you use graphics, use graphics that have smaller file sizes and resolution. Or, use graphics from a site that is not secure. However, when you use graphics from a site that is not secure, Web browsers display a dialog box that asks the user if the user wants to display the content from the site that is not secure.</LI></UL><H1>Additional Resources</H1><UL><LI><DIV><DIV><P>For more information about security-related performance considerations, see the following: </P><UL><LI>"Cryptographic Services" in the <I>.Net Framework Developer's Guide </I>at <A href="http://msdn.microsoft.com/library/en-us/cpguide/html/cpconcryptographicservices.asp">http://msdn.microsoft.com/library/en-us/cpguide/html/cpconcryptographicservices.asp</A> <LI>"Performance Comparison: Security Design Choices" on MSDN at <A href="http://msdn.microsoft.com/library/en-us/dnbda/html/bdadotnetarch15.asp">http://msdn.microsoft.com/library/en-us/dnbda/html/bdadotnetarch15.asp</A> </LI></UL></DIV></DIV></LI></UL>]]></content></guidanceItem>