﻿<?xml version="1.0" encoding="utf-8"?><guidanceItem id="4107ccec-1734-453a-80a1-5ddc5712cc4a" type="checklist" title="ASP.NET process account is configured for least privilege. " cssFile="guidance.css" Date="2007-12-18T19:38:24.903Z" Author="J.D. Meier, Alex Mackman, Michael Dunner, Srinath Vasireddy, Ray Escamilla and Anandha Murukan" Category="IIS Configuration" filePath="..\Libraries\patterns &amp; practices Library\Checklist Item\4107ccec-1734-453a-80a1-5ddc5712cc4a.xml" Priority="2" Rule_Type="Deployment" Source="patterns &amp; practices Library" Status="Beta" Technology="Web Application" Topic="Security" Type="Checklist Item" xmlns="urn:microsoft:guidanceexplorer:guidanceItem"><content><![CDATA[<H1>Applies to</H1><UL><LI><DIV>Web Application</DIV></LI></UL><H1>What to Check For</H1><P>Check to ensure that ASP.NET process account is configured for least privilege if your application&nbsp;does not use the default ASPNET account, which is a least-privileged account.</P>]]></content></guidanceItem>