﻿<?xml version="1.0" encoding="utf-8"?><guidanceItem id="410a2a59-6fcb-4725-b8e0-4b91be739b10" type="checklist" title="All the Input is Validated For Length, Range, Format, and Type" cssFile="guidance.css" Date="2008-01-16T05:26:03.54Z" Author="J.D. Meier, Alex Mackman, Blaine Wastell, Prashant Bansode, Andy Wigley, Kishore Gopalan" Category="Input and Data Validation" filePath="..\Libraries\patterns &amp; practices Library\Checklist Item\410a2a59-6fcb-4725-b8e0-4b91be739b10.xml" Priority="2" Rule_Type="Implementation" Source="patterns &amp; practices Library" Status="Release" Technology="ASP.NET 2.0" Topic="Security" Type="Checklist Item" xmlns="urn:microsoft:guidanceexplorer:guidanceItem"><content><![CDATA[<H1>Applies to</H1><UL><LI>ASP.NET 2.0 </LI></UL><H1>What to Check For</H1><P>Check for input that is not passed through a validation routine.&nbsp; Validation routines should check for length, range, format, and type. Validation should check first&nbsp;for known valid and safe data and then for malicious, dangerous data.&nbsp; <SPAN></P></SPAN><H1>Why</H1><P>An attacker passing malicious input can attempt SQL injection, cross-site scripting, and other injection attacks that aim to exploit your application's vulnerabilities.&nbsp;&nbsp; Input validation on it's own is not sufficient; output encoding is also needed to fully prevent these attacks.<SPAN></P></SPAN><H1>How to Check</H1><P>To check for this problem, use the following steps:&nbsp;</P><H2>1. Find all sources of input in your application</H2><P>During design time identify all of the potential sources of input to your application. Scour the source code to discover sources of input that may have been missed in the design.&nbsp; Compile a list that you can use in the following steps.</P><H2>2. Trace data from source to sink</H2><P>Trace each of source of input through your application until you find its ultimate destination.&nbsp; The final sink may be in memory, on the hard drive, sent over the network or stored in a database.&nbsp; </P><H2>3. Identify validation routines</H2><P>Each input source should have a data validation routine associated with it.&nbsp; Ideally the validation will occur as soon after the input reaches your application as possible.&nbsp; Shared validation routines are better than creating many spread throughout your code base, check for consolidation of routines to aid testing and reduce the chance of one-off bugs.&nbsp; If an input source does not have a validation routine associated with it, flag it for fixing.</P><H2>4. Ensure quality of validation routines</H2><P>Validation routines&nbsp;should check for length, range, format, and type. Validation should check first&nbsp;for known valid and safe data and then for malicious, dangerous data.&nbsp;Do not rely on filtering out all malicious data, it is too easy to miss something. Do not rely on client-side validation alone as it can be easily bypassed.</P><P><SPAN></P></SPAN><H1>How to Fix</H1><P>Check for known good data and constrain input by validating it for type, length, format, and range.&nbsp; For Web form applications that obtain input through server controls, use the ASP.NET validator controls, such as the RegularExpressionValidator, RangeValidator, and CustomValidator, to validate and constrain input.&nbsp; Check all numeric fields for type and range. If you are not using server controls, you can use regular expressions and the Regex class, and you can validate numeric ranges by converting the input value to an integer or double and then performing a range check.&nbsp; Validate your input against the least permissive expression possible that will accept all the input you expect for that field.&nbsp; If you know that the field will have certain intrnal structure, check for it.&nbsp; If your input has an internal checksum, like a credit card number, check that too. </P><P>Most Web applications accept input from various sources, including HTML controls, server controls, query strings, and cookies.&nbsp; Validate input from all of these sources to help prevent injection attacks.&nbsp; Use regular expressions to help validate input.&nbsp; The following example shows how to use the Regex class. </P><PRE>using System.Text.RegularExpressions ;<BR> // Instance method:Regex reg = new Regex(&#64;"&#94;&#91;a-zA-Z'.\s&#93;&#123;1,40&#125;&#36;");<BR>Response.Write(reg.IsMatch(Request.QueryString&#91;"Name"&#93;));<BR>// Static method:<BR>if (&#33;Regex.IsMatch(Request.QueryString&#91;"Name"&#93;,&#64;"&#94;&#91;a-zA-Z'.\s&#93;&#123;1,40&#125;&#36;"))<BR> &#123;<BR>   // Name does not match expression<BR>&#125;</PRE><P>If you cannot cache your regular expression for frequent use, you should use the static IsMatch method where possible for performance reasons, to avoid unnecessary object creation. </P><P>Remember that validating input does not remove the need to format output, parametrize queries, or otherwisehandle user input carefully. </P><H1>Problem Example</H1><P>An ASP.NET applcation contains an order form for a web store which has several fields, specifically, a name, address, phone number, item number, and quantity.&nbsp; Each item is simply added to the database, with any typecasting handled by the database.&nbsp; While casting to the appropriate type helps a little, it happens too late to prevent SQL injection issues.&nbsp; Furthermore, there are no guarantees about the quality of the data. </P><SPAN></SPAN><H1>Solution Example</H1><P>An ASP.NET application contains an order for for a web store.&nbsp; Each of the forms fields are validated, giving stronger guarantees about the data gathered.&nbsp; The phone number&nbsp;is validated as a string of ten digits (after stripping all non-numeric characters), or a variable number of digits beginning with the character '&#43;' if international numbers are allowed.&nbsp; </P><P>Validating a name, address, and item number can all be a bit more complicated.&nbsp; The first order of business is determining the legal character set for each case.&nbsp; For names, spaces, upper and lower case letters (including the accented forms for your current codepage), and possible numbrs and periods are enough.&nbsp; Addresses need to add commas, hyphens, and number signs, at a minimum.&nbsp; Validating item numbers may be as simple as casting to an integer and checking that the result is in the right range, or it may mean a more complicated regular expression that checks for internal formatting in a string. </P><P>The last, optional step of data validation is to ensure that the data refers to a valid things.&nbsp; The data should be validated for format first, especially as further checks may require database queries.&nbsp; Item numbers are an obvious thing to check for existence in the DB, and this would normally happen as part of the stored procedure which creates a new order, but names, addresses, and phone numbers can be similarly checked, some times.&nbsp; For example, if the address field is broken up into components, state or province information, zip/post codes, and city names, at a minimum, can all be validated against existing lists.</P><P><SPAN></P></SPAN><H1>Additional Resources</H1><UL><LI><DIV><A href="http://msdn.microsoft.com/library/en-us/dnpag2/html/PAGHT000003.asp">How To: Protect From Injection Attacks in ASP.NET</A></DIV><LI><DIV><A href="http://msdn.microsoft.com/library/en-us/dnpag2/html/PAGHT000001.asp">How To: Use Regular Expressions to Constrain Input in ASP.NET</A></DIV><LI><DIV><A href="http://msdn.microsoft.com/library/en-us/dnpag2/html/PAGHT000004.asp">How To: Prevent Cross-Site Scripting in ASP.NET</A></DIV><LI><DIV><A href="http://msdn.microsoft.com/library/en-us/dnpag2/html/PAGHT000002.asp">How To: Protect From SQL Injection in ASP.NET</A></DIV></LI></UL><H1>Related Items</H1><UL><LI>Guideline: Validate All Input</LI></UL>]]></content></guidanceItem>