﻿<?xml version="1.0" encoding="utf-8"?><guidanceItem id="412c8ee0-d3b3-451c-b499-e1ed59e1554e" type="checklist" title="Choose the right formatter." cssFile="guidance.css" Date="2007-12-18T20:46:22.8Z" Author="J.D. Meier, Srinath Vasireddy, Ashish Babbar, and Alex Mackman" Category="Design Considerations" filePath="..\Libraries\patterns &amp; practices Library\Checklist Item\412c8ee0-d3b3-451c-b499-e1ed59e1554e.xml" Priority="2" Rule_Type="Implementation" Source="patterns &amp; practices Library" Status="Beta" Technology="Remoting (.NET 1.1)" Topic="Performance" Type="Checklist Item" xmlns="urn:microsoft:guidanceexplorer:guidanceItem"><content><![CDATA[<H1>Applies to</H1><UL><LI><DIV>Remoting (.NET 1.1)</DIV></LI></UL><H1>What to Check For</H1><P>Check to ensure that your application uses the right formatter.</P><H1>How to Check</H1><P>Both channels, <B>TcpChannel</B> and <B>HttpChannel</B>, can work with both the <B>BinaryFormatter</B> and the <B>SoapFormatter</B>. If speed is your primary concern, use the <B>BinaryFormatter</B>. The following describes both formatters: </P><UL><LI><B>BinaryFormatter</B>. The <B>HttpChannel</B> defaults to the <B>SoapFormatter</B>. To change this default, change the following configuration information in the configuration files for your server and client application. <UL><LI>Server configuration: <DIV><PRE>&lt;?xml version="1.0" encoding="utf-8" ?&gt;<BR>&lt;configuration&gt;<BR>  &lt;system.runtime.remoting&gt;<BR>    &lt;application&gt;<BR>      &lt;channels&gt;<BR>        &lt;channel ref="http" port="8080"&gt;<BR>          &lt;serverProviders&gt;<BR>            &lt;formatter ref="binary"/&gt;<BR>          &lt;/serverProviders&gt;<BR>        &lt;/channel&gt;<BR>     &lt;/channels&gt;<BR>    &lt;/application&gt;<BR>  &lt;/system.runtime.remoting&gt;<BR>&lt;/configuration&gt;</PRE></DIV><LI>Client configuration: <DIV><PRE>&lt;?xml version="1.0" encoding="utf-8" ?&gt;<BR>&lt;configuration&gt;<BR>  &lt;system.runtime.remoting&gt;<BR>    &lt;application&gt;<BR>      &lt;channels&gt;<BR>        &lt;channel ref="http" port="8080"&gt;<BR>          &lt;clientProviders&gt;<BR>            &lt;formatter ref="binary"/&gt;<BR>          &lt;/clientProviders&gt;<BR>        &lt;/channel&gt;<BR>     &lt;/channels&gt;<BR>    &lt;/application&gt;<BR>  &lt;/system.runtime.remoting&gt;<BR>&lt;/configuration&gt;</PRE></DIV></LI></UL><LI><B>SoapFormatter</B>. This is primarily used for interoperability. If you need to use SOAP for message communication, consider using Web services. <BLOCKQUOTE><B>Note&nbsp;&nbsp;&nbsp;</B>The SOAP format used by the <B>SoapFormatter</B> is not entirely interoperable and should not be considered a truly interoperable approach for cross-platform communication. Interoperability is best achieved with Web services.</BLOCKQUOTE></LI></UL>]]></content></guidanceItem>