﻿<?xml version="1.0" encoding="utf-8"?><guidanceItem id="41a5fcbb-e234-4a76-ac5f-89de24395e6a" type="checklist" title="Security assessments are regularly performed." cssFile="guidance.css" Date="2007-12-18T18:32:37.32Z" Author="J.D. Meier, Alex Mackman, Michael Dunner, Srinath Vasireddy, Ray Escamilla and Anandha Murukan" Category="Deployment Considerations" filePath="..\Libraries\patterns &amp; practices Library\Checklist Item\41a5fcbb-e234-4a76-ac5f-89de24395e6a.xml" Priority="2" Rule_Type="Deployment" Source="patterns &amp; practices Library" Status="Beta" Technology="SQL Server 2000" Topic="Security" Type="Checklist Item" xmlns="urn:microsoft:guidanceexplorer:guidanceItem"><content><![CDATA[<H1>Applies to</H1><UL><LI><DIV>SQL Server 2000 </DIV><LI><DIV>Windows 2000 Server</DIV><DIV></DIV></LI></UL><H1>What to Check For</H1><P>Check to ensure that security assessments are regularly performed for security vulnerabilities and to identify missing patches and updates.</P><P></P><H1>How to Fix</H1><P>Use MBSA to regularly check for security vulnerabilities and to identify missing patches and updates. Schedule MBSA to run daily and analyze the results to take action as needed. For more information about automating MBSA, see "<A href="http://msdn2.microsoft.com/en-us/library/aa302360.aspx">How To: Use&nbsp;the&nbsp;Microsoft&nbsp;Baseline Security&nbsp;Analyzer</A>" .</P>]]></content></guidanceItem>