﻿<?xml version="1.0" encoding="utf-8"?><guidanceItem id="41be64d8-af0a-4135-bee0-d2686ae8fe47" type="checklist" title="Open and close the connection in the method." cssFile="guidance.css" Date="2007-12-17T07:25:18.69Z" Author="J.D. Meier, Srinath Vasireddy, Ashish Babbar, and Alex Mackman" Category="Connections" filePath="..\Libraries\patterns &amp; practices Library\Checklist Item\41be64d8-af0a-4135-bee0-d2686ae8fe47.xml" Priority="2" Rule_Type="Implementation" Source="patterns &amp; practices Library" Status="Beta" Technology="ADO.NET 1.1" Topic="Performance" Type="Checklist Item" xmlns="urn:microsoft:guidanceexplorer:guidanceItem"><content><![CDATA[<H1>Applies to</H1><UL><LI><DIV>ADO.NET 1.1</DIV></LI></UL><H1>What to Check For</H1><P>Check to ensure&nbsp;that connections are reused by opening and closing the connection on a per-method basis as possible.</P><H1>How to Check</H1><P>Acquire connections late and release them early. Opening connections before they are needed reduces the number of connections that are available and increases resource pressure. Close connections quickly to ensure that they can be reused as soon as possible. Do not hold on to connections. Holding on to connections reduces the connections that are available to other code and increases resource pressure. The general pattern is to open and close connections on a per-method basis.</P>]]></content></guidanceItem>