﻿<?xml version="1.0" encoding="utf-8"?><guidanceItem id="41cb811a-982a-4a2c-aabc-b7968bdd9add" type="checklist" title="Tradeoffs associated with use of impersonation are fully understood. " cssFile="guidance.css" Date="2007-12-14T00:03:22.51Z" Author="J.D. Meier, Alex Mackman, Blaine Wastell, Prashant Bansode, Andy Wigley, Kishore Gopalan" Category="Impersonation and Delegation" filePath="..\Libraries\patterns &amp; practices Library\Checklist Item\41cb811a-982a-4a2c-aabc-b7968bdd9add.xml" Priority="2" Rule_Type="Implementation" Source="patterns &amp; practices Library" Status="Beta" Technology="ASP.NET 2.0" Topic="Security" Type="Checklist Item" xmlns="urn:microsoft:guidanceexplorer:guidanceItem"><content><![CDATA[<H1>Applies to</H1><UL><LI><DIV>ASP.NET 2.0</DIV></LI></UL><H1>What to Check For</H1><P>Check to ensure that your application knows the&nbsp;tradeoffs associated with use of impersonation.</P><P></P><H1>How to Fix</H1><P>Be aware that impersonation prevents the efficient use of connection pooling if you access downstream databases by using the impersonated identity. This impacts the ability of your application to scale. Also, using impersonation can introduce other security vulnerabilities, particularly in multi-threaded applications, such as ASP.NET Web applications.</P><P>You might need impersonation if you need to: </P><UL><LI>Flow the original caller's security context to the middle tier and/or data tier of your Web application to support fine-grained (per-user) authorization. <LI>Flow the original caller's security context to the downstream tiers to support operating system level auditing. <LI>Access a particular network resource by using a specific identity. </LI></UL>]]></content></guidanceItem>