﻿<?xml version="1.0" encoding="utf-8"?><guidanceItem id="41f6b257-1be8-43de-987c-d9a5afd1f3a9" type="checklist" title="Partition tables vertically and horizontally." cssFile="guidance.css" Date="2007-12-18T19:02:54.55Z" Author="J.D. Meier, Srinath Vasireddy, Ashish Babbar, Sharon Bjeletich and Alex Mackman" Category="Schema" filePath="..\Libraries\patterns &amp; practices Library\Checklist Item\41f6b257-1be8-43de-987c-d9a5afd1f3a9.xml" Priority="2" Rule_Type="Implementation" Source="patterns &amp; practices Library" Status="Beta" Technology="SQL Server 2000" Topic="Performance" Type="Checklist Item" xmlns="urn:microsoft:guidanceexplorer:guidanceItem"><content><![CDATA[<H1>Applies to</H1><UL><LI><DIV>SQL Server 2000</DIV></LI></UL><H1>What to Check For</H1><P>Check to ensure that your application&nbsp;design partitions tables vertically and horizontally for better performance.</P><H1>How to Check</H1><P>You can use vertical table partitioning to move infrequently used columns into another table. Moving the infrequently used columns makes the main table narrower and allows more rows to fit on a page.</P><P>Horizontal table partitioning is a bit more complicated. But when tables that use horizontal table partitioning are designed correctly, you may obtain huge scalability gains. One of the most common scenarios for horizontal table partitioning is to support history or archive databases where partitions can be easily delineated by date. A simple method that you can use to view the data is to use partitioned views in conjunction with check constraints.</P><P>Data-dependent routing is even more effective for very large systems. With this approach, you use tables to hold partition information. Access is then routed to the appropriate partition directly so that the overhead of the partitioned view is avoided.</P><P>If you use a partitioned view, make sure that the execution plan shows that only the relevant partitions are being accessed. Figure 1 shows an execution plan over a partitioned view on three orders tables that have been horizontally partitioned by the <B>OrderDate </B>column. There is one table per year for 1996, 1997, and 1998. Each table has a <B>PartitionID</B> column that has a check constraint. There is also a partition table that includes a <B>PartitionID</B> and the year for that partition. The query then uses the partition table to get the appropriate <B>PartitionID</B> for each year and to access only the appropriate partition.</P><P>Although the graphical query plan includes both tables in the plan, moving the mouse over the <B>Tip on the Filter</B> icon shows that this is a start filter, as seen in the STARTUP clause in the argument of the filter. A start filter is a special type of filter that you want to see in plans that use partitioned views.</P><P><P><A href="http://msdn2.microsoft.com/en-us/library/ms998577.ch14---execution-plan-with-filter-details(en-us,msdn.10).gif"><IMG alt="Click here for larger image" src="http://msdn2.microsoft.com/en-us/library/ms998577.CH14---Execution-Plan-with-Filter-Details_Thumbnail(en-us,MSDN.10).gif" border=0></A></P><P><B>Figure 1: An execution plan that shows the filter details</B> </P><P>Note that the SET STATISITCS IO output shown in Figure 2 shows that only the Orders98 table was actually accessed.</P><P><A href="http://msdn2.microsoft.com/en-us/library/ms998577.ch14---set-statistics-io-output(en-us,msdn.10).gif"><IMG alt="Click here for larger image" src="http://msdn2.microsoft.com/en-us/library/ms998577.CH14---Set-Statistics-IO-Output_Thumbnail(en-us,MSDN.10).gif" border=0></A></P><P><B>Figure 2: SET STATISTICS IO output</B></P><H1>Additional Resources</H1><UL><LI>For more information about the graphical execution plan, see "Graphically Displaying the Execution Plan Using SQL Query Analyzer" on MSDN at <A href="http://msdn2.microsoft.com/en-us/library/Aa178423(SQL.80).aspx">http://msdn2.microsoft.com/en-us/library/Aa178423(SQL.80).aspx</A>.</LI></UL>]]></content></guidanceItem>