﻿<?xml version="1.0" encoding="utf-8"?><guidanceItem id="42005afb-a481-4cb2-96c8-a5c9beefe92d" type="checklist" title="Consider perimeter caching." cssFile="guidance.css" Date="2007-12-18T20:29:20.257Z" Author="J.D. Meier, Srinath Vasireddy, Ashish Babbar, and Alex Mackman" Category="Caching" filePath="..\Libraries\patterns &amp; practices Library\Checklist Item\42005afb-a481-4cb2-96c8-a5c9beefe92d.xml" Priority="2" Rule_Type="Implementation" Source="patterns &amp; practices Library" Status="Beta" Technology="Web Services (.NET 1.1)" Topic="Performance" Type="Checklist Item" xmlns="urn:microsoft:guidanceexplorer:guidanceItem"><content><![CDATA[<H1>Applies to</H1><UL><LI><DIV>Web Services (.NET 1.1)</DIV></LI></UL><H1>What to Check For</H1><P>Check to ensure that your application considers caching at the network perimeters.</P><H1>How to Fix</H1><P>If the output from your Web services changes infrequently, use hardware or software to cache the response at the perimeter network. For example, consider ISA firewall-based caching. Perimeter caching means that a response is returned before the request even reaches the Web server, which reduces the number of requests that need to be serviced.</P><H1>Additional Resources</H1><UL><LI>For more information about ISA caching, see the white paper, "Scale-Out Caching with ISA," at <A href="http://www.microsoft.com/isaserver/techinfo/deployment/scaleoutcachingwithisa.asp">http://www.microsoft.com/isaserver/techinfo/deployment/ScaleOutCachingwithISA.asp</A>.</LI></UL>]]></content></guidanceItem>