﻿<?xml version="1.0" encoding="utf-8"?><guidanceItem id="4227e548-49b6-4ef5-b840-2490e426e9b2" type="checklist" title="Assemblies are not loaded dynamically based on user input for assembly or type names." cssFile="guidance.css" Date="2007-12-14T21:28:27.687Z" Author="J.D. Meier, Alex Mackman, Blaine Wastell, Prashant Bansode, Chaitanya Bijwe" Category="Reflection" filePath="..\Libraries\patterns &amp; practices Library\Checklist Item\4227e548-49b6-4ef5-b840-2490e426e9b2.xml" Priority="2" Rule_Type="Implementation" Source="patterns &amp; practices Library" Status="Beta" Technology=".NET 2.0" Topic="Security" Type="Checklist Item" xmlns="urn:microsoft:guidanceexplorer:guidanceItem"><content><![CDATA[<H1>Applies to</H1><UL><LI><DIV>.NET 2.0</DIV><DIV></DIV></LI></UL><H1>What to Check For</H1><P>Check to ensure that assemblies are not loaded dynamically based on user input for assembly or type names.</P><H1>How to Check</H1><P>Avoid letting the user or untrusted code directly control which assemblies or types your code loads. Avoid using user input to derive assembly or type names. These precautions prevent your application from loading a malicious assembly or blindly invoking a method that could be used for malicious purposes.</P>]]></content></guidanceItem>