﻿<?xml version="1.0" encoding="utf-8"?><guidanceItem id="423883cd-43b5-4378-b7f2-765a2c644473" type="checklist" title="There is script source access only on folders that support content authoring." cssFile="guidance.css" Date="2007-12-18T19:41:55.897Z" Author="J.D. Meier, Alex Mackman, Michael Dunner, Srinath Vasireddy, Ray Escamilla and Anandha Murukan" Category="IIS Configuration" filePath="..\Libraries\patterns &amp; practices Library\Checklist Item\423883cd-43b5-4378-b7f2-765a2c644473.xml" Priority="2" Rule_Type="Deployment" Source="patterns &amp; practices Library" Status="Beta" Technology="Web Application" Topic="Security" Type="Checklist Item" xmlns="urn:microsoft:guidanceexplorer:guidanceItem"><content><![CDATA[<H1>Applies to</H1><UL><LI><DIV>Web Application</DIV></LI></UL><H1>What to Check For</H1><P>Check to ensure that script source access permissions are configured only for folders that allow content authoring.</P><H1>How to Check</H1><P>Web permissions are configured through the IIS snap-in and are maintained in the IIS metabase. They are not NTFS permissions.</P><P><STRONG>Note</STRONG>&nbsp;&nbsp;&nbsp;Folders that support content authoring should be configured to require authentication and SSL for encryption.</P>]]></content></guidanceItem>