﻿<?xml version="1.0" encoding="utf-8"?><guidanceItem id="4261239a-a2b3-4144-9390-17b6f3516f37" type="checklist" title="A strong sa password is used (for all accounts)." cssFile="guidance.css" Date="2007-12-18T18:12:30.143Z" Author="J.D. Meier, Alex Mackman, Michael Dunner, Srinath Vasireddy, Ray Escamilla and Anandha Murukan" Category="Security Considerations" filePath="..\Libraries\patterns &amp; practices Library\Checklist Item\4261239a-a2b3-4144-9390-17b6f3516f37.xml" Priority="2" Rule_Type="Deployment" Source="patterns &amp; practices Library" Status="Beta" Technology="SQL Server 2000" Topic="Security" Type="Checklist Item" xmlns="urn:microsoft:guidanceexplorer:guidanceItem"><content><![CDATA[<H1>Applies to</H1><UL><LI><DIV>SQL Server 2000 </DIV><LI><DIV>Windows 2000 Server</DIV><DIV></DIV></LI></UL><H1>What to Check For</H1><P>Check to ensure that&nbsp;a strong sa (System Administrator)&nbsp;password is used for all accounts.</P><P></P><H1>How to Fix</H1><P>The default system administrator (<B>sa</B>) account has been a subject of countless attacks. It is the default member of the SQL Server administration fixed server role <B>sysadmin</B>. Make sure you use a strong password with this account.</P><BLOCKQUOTE><B>Important</B>&nbsp;&nbsp;&nbsp;The <B>sa</B> account is still active even when you change from SQL authentication to Windows authentication.</BLOCKQUOTE><P>Apply strong passwords to all accounts, particularly privileged accounts such as members of the <B>sysadmin</B> and <B>db_owner</B> roles. If you are using replication, also apply a strong password to the <B>distributor_admin</B> account that is used to establish connections to remote distributor servers.</P>]]></content></guidanceItem>