﻿<?xml version="1.0" encoding="utf-8"?><guidanceItem id="42f22971-b4da-4420-bb10-f0b1b42b32b5" type="checklist" title="Least-privileged service account is used for running ASP.NET applications." cssFile="guidance.css" Date="2007-12-13T23:59:10.397Z" Author="J.D. Meier, Alex Mackman, Blaine Wastell, Prashant Bansode, Andy Wigley, Kishore Gopalan" Category="Deployment Considerations" filePath="..\Libraries\patterns &amp; practices Library\Checklist Item\42f22971-b4da-4420-bb10-f0b1b42b32b5.xml" Priority="2" Rule_Type="Deployment" Source="patterns &amp; practices Library" Status="Beta" Technology="ASP.NET 2.0" Topic="Security" Type="Checklist Item" xmlns="urn:microsoft:guidanceexplorer:guidanceItem"><content><![CDATA[<H1>Applies to</H1><UL><LI><DIV>ASP.NET 2.0</DIV></LI></UL><H1>What to Check For</H1><P>Check to ensure that your application uses a least-privileged service account is used for running ASP.NET applications.</P><P></P><H1>How to Fix</H1><P>On IIS 5, ASP.NET Web applications run by default using the least privileged ASPNET account. On IIS 6, they run inside an application pool using the least privileged Network Service account. If you need to use a custom service account to run your ASP.NET Web application, create a least-privileged account. You might need to create a custom service account to isolate your application from other applications on the same server or to be able to audit each application separately. </P><P><B>To create a least privileged account</B> </P><OL><LI>Create a local or domain Windows account. <LI>Run the following Aspnet_regiis.exe command to assign the relevant ASP.NET permissions to the account: <P><B>aspnet_regiis.exe -ga machineName\userName</B> </P><P>On Windows Server 2003, running the Aspnet_regiis.exe -ga command will add the account to the IIS_WPG group. The IIS_WPG group provides the <B>Log on as a batch job</B> user right and ensures that the necessary file system permissions are granted. </P><BLOCKQUOTE><B>Note</B>&nbsp;&nbsp;&nbsp;With ASP.NET Beta 2, the Aspnet_regiis.exe-ga command does not add the account to the IIS_WPG group. However, it will do so prior to the final release of ASP.NET 2.0.<B> </B></BLOCKQUOTE><LI>Use the Local Security Policy tool to grant the Windows account the <B>Deny logon locally</B> user right. This reduces the privileges of the account and prevents anyone logging onto Windows locally with the account. <LI>Use IIS Manager to create an application pool running under the new account's identity and assign your ASP.NET application to the pool.<B> </B></LI></OL><H1>Additional Resources</H1><UL><LI>For more information, see <A href="http://msdn2.microsoft.com/en-us/library/ms998297.aspx">How To: Create a Service Account for an ASP.NET 2.0 Application</A>.</LI></UL>]]></content></guidanceItem>