﻿<?xml version="1.0" encoding="utf-8"?><guidanceItem id="42f43a0c-2f85-4730-9f5c-67b4e4c6a19a" type="checklist" title="Consider using HTTP compression." cssFile="guidance.css" Date="2007-12-14T01:29:05.937Z" Author="J.D. Meier, Srinath Vasireddy, Ashish Babbar, John Allen and Alex Mackman" Category="Deployment Considerations" filePath="..\Libraries\patterns &amp; practices Library\Checklist Item\42f43a0c-2f85-4730-9f5c-67b4e4c6a19a.xml" Priority="2" Rule_Type="Implementation" Source="patterns &amp; practices Library" Status="Beta" Technology="ASP.NET 1.1" Topic="Performance" Type="Checklist Item" xmlns="urn:microsoft:guidanceexplorer:guidanceItem"><content><![CDATA[<H1>Applies to</H1><UL><LI><DIV>ASP.NET 1.1</DIV></LI></UL><H1>What to Check For</H1><P>Check to ensure that your application considers using HTTP compression.</P><H1>How to Check</H1><P>HTTP compression is supported by most modern browsers and by IIS. HTTP compression is likely to improve performance when the client accesses the Web server over a low bandwidth connection.</P>]]></content></guidanceItem>