﻿<?xml version="1.0" encoding="utf-8"?><guidanceItem id="431b17f3-e54c-4e1a-8ae7-6f5903852a28" type="checklist" title="Membership of the local administrators group is restricted (ideally, no more than two administration accounts)." cssFile="guidance.css" Date="2007-12-18T18:19:51.157Z" Author="J.D. Meier, Alex Mackman, Michael Dunner, Srinath Vasireddy, Ray Escamilla and Anandha Murukan" Category="Deployment Considerations" filePath="..\Libraries\patterns &amp; practices Library\Checklist Item\431b17f3-e54c-4e1a-8ae7-6f5903852a28.xml" Priority="2" Rule_Type="Deployment" Source="patterns &amp; practices Library" Status="Beta" Technology="SQL Server 2000" Topic="Security" Type="Checklist Item" xmlns="urn:microsoft:guidanceexplorer:guidanceItem"><content><![CDATA[<H1>Applies to</H1><UL><LI><DIV>SQL Server 2000 </DIV><LI><DIV>Windows 2000 Server</DIV><DIV></DIV></LI></UL><H1>What to Check For</H1><P>Check to ensure that&nbsp;the Local Administrators Group Membership&nbsp;is restricted by limiting the administration accounts to two.&nbsp;Also, passwords must not be shared, to provide accountability.</P>]]></content></guidanceItem>