﻿<?xml version="1.0" encoding="utf-8"?><guidanceItem id="435771b2-e525-45a3-9438-77b903bc5425" type="checklist" title="Use small MBV objects when you need to update data frequently on the server." cssFile="guidance.css" Date="2007-12-18T20:43:56.107Z" Author="J.D. Meier, Srinath Vasireddy, Ashish Babbar, and Alex Mackman" Category="MBR and MBV" filePath="..\Libraries\patterns &amp; practices Library\Checklist Item\435771b2-e525-45a3-9438-77b903bc5425.xml" Priority="2" Rule_Type="Implementation" Source="patterns &amp; practices Library" Status="Beta" Technology="Remoting (.NET 1.1)" Topic="Performance" Type="Checklist Item" xmlns="urn:microsoft:guidanceexplorer:guidanceItem"><content><![CDATA[<H1>Applies to</H1><UL><LI><DIV>Remoting (.NET 1.1)</DIV></LI></UL><H1>What to Check For</H1><P>Check to ensure that your application uses small MBV objects when&nbsp;it needs to update data frequently on the server.</P><H1>How to Check</H1><P>If you frequently need to update data on the server, use small MBV objects where the complete state of the object is passed to the server. Using MBV reduces the marshaling and unmarshaling overhead associated with MBR, especially where non-blittable types are passed. </P>]]></content></guidanceItem>