﻿<?xml version="1.0" encoding="utf-8"?><guidanceItem id="4361246c-61ec-4d7b-816a-541930ac2815" type="checklist" title="The HttpOnly cookie option is used for defense in depth to help prevent cross-site scripting." cssFile="guidance.css" Date="2007-12-18T21:58:37.52Z" Author="J.D. Meier, Srinath Vasireddy, Ashish Babbar, John Allen and Alex Mackman" Category="Input and Data Validation" filePath="..\Libraries\patterns &amp; practices Library\Checklist Item\4361246c-61ec-4d7b-816a-541930ac2815.xml" Priority="2" Rule_Type="Implementation" Source="patterns &amp; practices Library" Status="Beta" Technology="ASP.NET 1.1" Topic="Security" Type="Checklist Item" xmlns="urn:microsoft:guidanceexplorer:guidanceItem"><content><![CDATA[<H1>Applies to</H1><UL><LI><DIV>ASP.NET 1.1</DIV></LI></UL><H1>What to Check For</H1><P>Check to ensure that if your site uses Internet Explorer 6.1 or later, it uses HttpOnly cookie option which&nbsp;helps preventing cross-site scripting.</P><H1>How to Check</H1><P>Internet Explorer 6 Service Pack 1 supports a new <B>HttpOnly</B> cookie attribute, which prevents client-side script from accessing the cookie from the <B>document.cookie</B> property. Instead, an empty string is returned. The cookie is still sent to the server whenever the user browses to a Web site in the current domain.</P><BLOCKQUOTE><B>Note</B>&nbsp;&nbsp;&nbsp;Web browsers that do not support the <B>HttpOnly</B> cookie attribute either ignore the cookie or ignore the attribute, which means it is still subject to XSS attacks.</BLOCKQUOTE><P>The <B>System.Net.Cookie</B> class does not currently support an <B>HttpOnly</B> property. To add an <B>HttpOnly</B> attribute to the cookie, you need to use an ISAPI filter, or if you want a managed code solution, add the following code to your application's <B>Application_EndRequest</B> event handler in Global.asax:</P><DIV><PRE>protected void Application_EndRequest(Object sender, EventArgs e) &#123;<BR>  string authCookie = FormsAuthentication.FormsCookieName;<BR>  foreach (string sCookie in Response.Cookies)<BR>   &#123;<BR>    // Just set the HttpOnly attribute on the Forms authentication cookie<BR>    // Skip this check to set the attribute on all cookies in the collection<BR>    if (sCookie.Equals(authCookie))<BR>    &#123;<BR>       // Force HttpOnly to be added to the cookie header<BR>      Response.Cookies&#91;sCookie&#93;.Path &#43;= ";HttpOnly";<BR>    &#125;<BR>  &#125;<BR>&#125;</PRE></DIV><BLOCKQUOTE><B>Note</B>&nbsp;&nbsp;&nbsp;ASP.NET 2.0 provides an <B>HttpOnly</B> property on the <B>HttpCookie</B>&nbsp;class, which you can directly set to true</BLOCKQUOTE>]]></content></guidanceItem>