﻿<?xml version="1.0" encoding="utf-8"?><guidanceItem id="43664f41-991e-452b-bb5e-ea3fccf8b4ae" type="checklist" title="Design chunky interfaces to reduce round trips" cssFile="guidance.css" Date="2007-12-18T20:34:23.653Z" Author="J.D. Meier, Srinath Vasireddy, Ashish Babbar, and Alex Mackman" Category="Design Considerations" filePath="..\Libraries\patterns &amp; practices Library\Checklist Item\43664f41-991e-452b-bb5e-ea3fccf8b4ae.xml" Priority="2" Rule_Type="Implementation" Source="patterns &amp; practices Library" Status="Beta" Technology="Web Services (.NET 1.1)" Topic="Performance" Type="Checklist Item" xmlns="urn:microsoft:guidanceexplorer:guidanceItem"><content><![CDATA[<H1>Applies to</H1><UL><LI><DIV>Web Services (.NET 1.1)</DIV></LI></UL><H1>What to Check For</H1><P>Check to ensure that your application design&nbsp;has chunky interfaces to reduce round trips.</P><H1>How to Fix</H1><P>Design chunky interfaces by exposing Web methods that allow your clients to perform single logical operations by calling a single Web method. Avoid exposing properties. Instead, provide methods that accept multiple parameters to reduce roundtrips.</P><P>Do not create a Web service for each of your business objects. A Web service should wrap a set of business objects. Use Web services to abstract these objects and increase the chunkiness of your calls.</P>]]></content></guidanceItem>