﻿<?xml version="1.0" encoding="utf-8"?><guidanceItem id="436afe02-2052-41f9-9a29-4136b13781c2" type="checklist" title="Approval is required for account delegation." cssFile="guidance.css" Date="2007-12-18T19:34:32.49Z" Author="J.D. Meier, Alex Mackman, Michael Dunner, Srinath Vasireddy, Ray Escamilla and Anandha Murukan" Category="IIS Configuration" filePath="..\Libraries\patterns &amp; practices Library\Checklist Item\436afe02-2052-41f9-9a29-4136b13781c2.xml" Priority="2" Rule_Type="Deployment" Source="patterns &amp; practices Library" Status="Beta" Technology="Web Application" Topic="Security" Type="Checklist Item" xmlns="urn:microsoft:guidanceexplorer:guidanceItem"><content><![CDATA[<H1>Applies to</H1><UL><LI><DIV>Web Application</DIV></LI></UL><H1>What to Check For</H1><P>Check to ensure that domain accounts in Active Directory are not marked as trusted for delegation unless you first obtain special approval to do so.</P>]]></content></guidanceItem>