﻿<?xml version="1.0" encoding="utf-8"?><guidanceItem id="43ee3089-a003-42ba-a816-a7855cb381fd" type="checklist" title="Plaintext passwords are not used in configuration files (Web.config and Machine.config)." cssFile="guidance.css" Date="2007-12-13T23:57:46.587Z" Author="J.D. Meier, Alex Mackman, Blaine Wastell, Prashant Bansode, Andy Wigley, Kishore Gopalan" Category="Sensitive Data" filePath="..\Libraries\patterns &amp; practices Library\Checklist Item\43ee3089-a003-42ba-a816-a7855cb381fd.xml" Priority="2" Rule_Type="Implementation" Source="patterns &amp; practices Library" Status="Beta" Technology="ASP.NET 2.0" Topic="Security" Type="Checklist Item" xmlns="urn:microsoft:guidanceexplorer:guidanceItem"><content><![CDATA[<H1>Applies to</H1><UL><LI><DIV>ASP.NET 2.0</DIV></LI></UL><H1>What to Check For</H1><P>Check to ensure that your application does not uses any plaintext passwords in configuration files.</P><P></P><H1>How to Fix</H1><P>The &lt;<B>sessionState</B>&gt; and &lt;<B>identity</B>&gt; elements in the Machine.config and Web.config files have <B>userName</B> and <B>password</B> attributes. If you store credentials in these sections, encrypt them by using one of the protected configuration providers. </P><H1>Additional Resources</H1><UL><LI>For more information, see <A href="http://msdn2.microsoft.com/en-us/library/ms998280.aspx">How To: Encrypt Configuration Sections in ASP.NET 2.0 Using DPAPI</A> and <A href="http://msdn2.microsoft.com/en-us/library/ms998283.aspx">How To: Encrypt Configuration Sections in ASP.NET 2.0 Using RSA</A>.</LI></UL>]]></content></guidanceItem>