﻿<?xml version="1.0" encoding="utf-8"?><guidanceItem id="441a91cb-4350-4825-9d47-578d1180de5d" type="checklist" title="Consider assemblies that are being loaded as side effects." cssFile="guidance.css" Date="2007-12-15T01:16:46.273Z" Author="J.D. Meier, Srinath Vasireddy, Ashish Babbar, Rico Mariani, and Alex Mackman" Category="Assembly Level Checks" filePath="..\Libraries\patterns &amp; practices Library\Checklist Item\441a91cb-4350-4825-9d47-578d1180de5d.xml" Priority="2" Rule_Type="Implementation" Source="patterns &amp; practices Library" Status="Beta" Technology=".NET 1.1" Topic="Performance" Type="Checklist Item" xmlns="urn:microsoft:guidanceexplorer:guidanceItem"><content><![CDATA[<H1>Applies to</H1><UL><LI><DIV>.NET 1.1</DIV></LI></UL><H1>What to Check For</H1><P>Check to ensure that your application&nbsp;considers assemblies that are being loaded as side effects.</P><H1>Additional Resources</H1><UL><LI>For more information about performance testing, see Chapter 5, "<A href="http://msdn2.microsoft.com/en-us/library/ms998547.aspx">Improving Managed Code Performance</A>".</LI></UL>]]></content></guidanceItem>