﻿<?xml version="1.0" encoding="utf-8"?><guidanceItem id="44352c94-a21b-4c46-9335-30424a35b00d" type="checklist" title="Secrets are not hard coded." cssFile="guidance.css" Date="2007-12-14T23:51:12.27Z" Author="J.D. Meier, Srinath Vasireddy, Ashish Babbar, Rico Mariani, and Alex Mackman" Category="Cryptography" filePath="..\Libraries\patterns &amp; practices Library\Checklist Item\44352c94-a21b-4c46-9335-30424a35b00d.xml" Priority="2" Rule_Type="Implementation" Source="patterns &amp; practices Library" Status="Beta" Technology=".NET 1.1" Topic="Security" Type="Checklist Item" xmlns="urn:microsoft:guidanceexplorer:guidanceItem"><content><![CDATA[<H1>Applies to</H1><UL><LI><DIV>.NET 1.1</DIV></LI></UL><H1>What to Check For</H1><P>Check to ensure that no secrets are hard coded in your application.</P><H1>Why</H1><P>Your compiled assembly can be disassembled using tools similar to ILDASM, which will render your key in plaintext.</P>]]></content></guidanceItem>