﻿<?xml version="1.0" encoding="utf-8"?><guidanceItem id="44800b83-9bbb-4b90-9d6d-dfb5f86dbacf" type="checklist" title="Intranet traffic is encrypted (for example, with SSL) or restricted if you do not have a secure data center infrastructure." cssFile="guidance.css" Date="2007-12-18T19:34:29.057Z" Author="J.D. Meier, Alex Mackman, Michael Dunner, Srinath Vasireddy, Ray Escamilla and Anandha Murukan" Category="IIS Configuration" filePath="..\Libraries\patterns &amp; practices Library\Checklist Item\44800b83-9bbb-4b90-9d6d-dfb5f86dbacf.xml" Priority="2" Rule_Type="Deployment" Source="patterns &amp; practices Library" Status="Beta" Technology="Web Application" Topic="Security" Type="Checklist Item" xmlns="urn:microsoft:guidanceexplorer:guidanceItem"><content><![CDATA[<H1>Applies to</H1><UL><LI><DIV>Web Application</DIV></LI></UL><H1>What to Check For</H1><P>Check to ensure that intranet traffic is encrypted (for example, with SSL) or restricted if you do not have a secure data center infrastructure.</P><P></P><H1>How to Fix</H1><P>For inside (intranet-facing) NICs, if you do not have a secure data center and you have sensitive information passing between computers, you need to consider whether to encrypt the traffic and whether to restrict communications between the Web server and downstream servers (such as an application server or database server). Encrypting network traffic addresses the threat posed by network eavesdropping. If the risk is deemed sufficiently small you may choose not to encrypt&nbsp;the traffic.</P><P>The type of encryption used also affects the types of threats that it addresses. For&nbsp;example, SSL is application-level encryption, whereas IPSec is transport layer encryption. As a result, SSL counters the threat of data tampering or information disclosure from another process on the same machine, particularly one running under a different account in addition to the network eavesdropping threat.</P>]]></content></guidanceItem>