﻿<?xml version="1.0" encoding="utf-8"?><guidanceItem id="44abe8db-a946-4bda-be67-da1ac381c07c" type="checklist" title="Design your data access layer based on how the data is used." cssFile="guidance.css" Date="2007-12-17T07:59:25.433Z" Author="J.D. Meier, Srinath Vasireddy, Ashish Babbar, and Alex Mackman" Category="Design Considerations" filePath="..\Libraries\patterns &amp; practices Library\Checklist Item\44abe8db-a946-4bda-be67-da1ac381c07c.xml" Priority="2" Rule_Type="Implementation" Source="patterns &amp; practices Library" Status="Beta" Technology="ADO.NET 1.1" Topic="Performance" Type="Checklist Item" xmlns="urn:microsoft:guidanceexplorer:guidanceItem"><content><![CDATA[<H1>Applies to</H1><UL><LI><DIV>ADO.NET 1.1</DIV></LI></UL><H1>What to Check For</H1><P>Check to ensure that the data access layer is designed based on how the data is used in your application.</P><H1>How to Check</H1><P>If you choose to access tables directly from your application without an intermediate data access layer, you may improve the performance of your application at the expense of maintainability. The data access logic layer provides a level of abstraction from the underlying data store. A well-designed data access layer exposes data and functionality based on how the data is used and abstracts the underlying data store complexity.</P><P>Do not arbitrarily map objects to tables and columns, and avoid deep object hierarchies. For example, if you want to display a subset of data, and your design retrieves an entire object graph instead of the necessary portions, there is unnecessary object creation overhead. Evaluate the data you need and how you want to use the data against your underlying data store.</P>]]></content></guidanceItem>