﻿<?xml version="1.0" encoding="utf-8"?><guidanceItem id="44f0316c-5f69-4a3b-bb23-db0f75c11843" type="checklist" title="Session identifiers are not passed in query strings." cssFile="guidance.css" Date="2007-12-18T22:04:02.49Z" Author="J.D. Meier, Srinath Vasireddy, Ashish Babbar, John Allen and Alex Mackman" Category="Session Management" filePath="..\Libraries\patterns &amp; practices Library\Checklist Item\44f0316c-5f69-4a3b-bb23-db0f75c11843.xml" Priority="2" Rule_Type="Design" Source="patterns &amp; practices Library" Status="Beta" Technology="ASP.NET 1.1" Topic="Security" Type="Checklist Item" xmlns="urn:microsoft:guidanceexplorer:guidanceItem"><content><![CDATA[<H1>Applies to</H1><UL><LI><DIV>ASP.NET 1.1</DIV></LI></UL><H1>What to Check For</H1><P>Check to ensure that&nbsp;your application does not pass session identifiers in query strings.</P><H1>Why</H1><P>The query&nbsp;strings can be easily modified at the client, which would allow a user to access the application as another user, access the private data of other users, and potentially elevate privileges.</P>]]></content></guidanceItem>