﻿<?xml version="1.0" encoding="utf-8"?><guidanceItem id="4504dfed-15d3-4f8e-8e76-3f25e54ced0d" type="checklist" title="Use StringBuilder for temporary buffers." cssFile="guidance.css" Date="2007-12-18T21:36:17.043Z" Author="J.D. Meier, Srinath Vasireddy, Ashish Babbar, John Allen and Alex Mackman" Category="String Management" filePath="..\Libraries\patterns &amp; practices Library\Checklist Item\4504dfed-15d3-4f8e-8e76-3f25e54ced0d.xml" Priority="2" Rule_Type="Implementation" Source="patterns &amp; practices Library" Status="Beta" Technology="ASP.NET 1.1" Topic="Performance" Type="Checklist Item" xmlns="urn:microsoft:guidanceexplorer:guidanceItem"><content><![CDATA[<H1>Applies to</H1><UL><LI><DIV>ASP.NET 1.1</DIV></LI></UL><H1>What to Check For</H1><P>Check to ensure that your application uses StringBuilder objects&nbsp;for&nbsp;temporary buffers.</P><H1>How to Check</H1><P>In many cases it is not feasible to use <B>Response.Write</B>. For example, you might need to create strings to write to a log file or to build XML documents. In these situations, use a <B>StringBuilder</B> object as a temporary buffer to hold your data. Measure the performance of your scenario by trying various initial capacity settings for the <B>StringBuilder</B> object.</P><H1>Additional Resources</H1><UL><LI><P>For more information about strings, see "String Operations" in Chapter 5, "<A href="http://msdn2.microsoft.com/en-us/library/ms998547.aspx">Improving Managed Code Performance</A>".</P></LI></UL>]]></content></guidanceItem>