﻿<?xml version="1.0" encoding="utf-8"?><guidanceItem id="451047fa-020c-429c-aeff-cc2604daa9ec" type="checklist" title="The Everyone group is restricted (no access to \WINNT\system32 or Web directories)." cssFile="guidance.css" Date="2007-12-18T19:35:29.313Z" Author="J.D. Meier, Alex Mackman, Michael Dunner, Srinath Vasireddy, Ray Escamilla and Anandha Murukan" Category="IIS Configuration" filePath="..\Libraries\patterns &amp; practices Library\Checklist Item\451047fa-020c-429c-aeff-cc2604daa9ec.xml" Priority="2" Rule_Type="Deployment" Source="patterns &amp; practices Library" Status="Beta" Technology="Web Application" Topic="Security" Type="Checklist Item" xmlns="urn:microsoft:guidanceexplorer:guidanceItem"><content><![CDATA[<H1>Applies to</H1><UL><LI><DIV>Web Application</DIV></LI></UL><H1>What to Check For</H1><P>Check to ensure that full control access&nbsp;is not given to&nbsp;the Everyone group for \WINNT\system32 or Web directories.</P><P></P><H1>How to Fix</H1><P>The default NTFS permissions for Windows&nbsp;2000 grant members of the <B>Everyone</B> group full control access to a number of key locations, including the root directory, \inetpub, and \inetpub\scripts.</P><P>First grant FULL CONTROL to the Administrator account to the root (\), then remove access rights for the <B>Everyone</B> group from the following directories. </P><UL><LI>Root (\) <LI>System directory (\WINNT\system32) <LI>Framework tools directory (\WINNT\Microsoft.NET\Framework\&#123;version&#125;) <LI>Web site root directory and all content directories (the default is \inetpub\&#42;) </LI></UL><BLOCKQUOTE><B>Note</B>&nbsp;&nbsp;&nbsp;This is not an issue in Windows Server 2003.</BLOCKQUOTE>]]></content></guidanceItem>