﻿<?xml version="1.0" encoding="utf-8"?><guidanceItem id="45206d56-3ea5-4f7f-a861-a69382ac33ec" type="checklist" title="Avoid using the Shared Property Manager (SPM)." cssFile="guidance.css" Date="2007-12-18T06:44:26.63Z" Author="J.D. Meier, Srinath Vasireddy, Ashish Babbar, and Alex Mackman " Category="State Management" filePath="..\Libraries\patterns &amp; practices Library\Checklist Item\45206d56-3ea5-4f7f-a861-a69382ac33ec.xml" Priority="2" Rule_Type="Implementation" Source="patterns &amp; practices Library" Status="Beta" Technology="Enterprise Services (.NET 1.1)" Topic="Performance" Type="Checklist Item" xmlns="urn:microsoft:guidanceexplorer:guidanceItem"><content><![CDATA[<H1>Applies to</H1><UL><LI><DIV>Enterprise Services (.NET 1.1)</DIV></LI></UL><H1>What to Check For</H1><P>Check to ensure that your application&nbsp;avoids using the Shared Property Manager (SPM).</P><H1>How to Check</H1><P>The SPM is designed for storing small pieces of information (simple strings, integers) and not complex or large amounts of data. It uses <B>ReaderWriterlock</B> to synchronize single-write and multiple-reads; therefore, storing large amounts of data can cause throughput bottlenecks and high CPU. Using this feature causes server affinity, so you cannot use it in applications that will be deployed in a Web farm or application cluster. Even for single machine scenarios, do not use it as a cache or as a placeholder for complex data. </P><H1>Additional Resources</H1><UL><LI>For more information, see "Design Stateless Components" and "Object Pooling" in this chapter. Also see "State Management" in Chapter 3, "<A href="http://msdn2.microsoft.com/en-us/library/ms998541.aspx">Design Guidelines for Application Performance</A>"</LI></UL>]]></content></guidanceItem>