﻿<?xml version="1.0" encoding="utf-8"?><guidanceItem id="45233e83-666f-47c9-a3ba-89195023bcb0" type="checklist" title="If you need to expose your WCF service to legacy clients as an ASMX web service" cssFile="guidance.css" Date="2008-06-27T15:28:00.623Z" Author="J.D. Meier, Jason Taylor, Prashant Bansode, Carlos Farre, Madhu Sundararajan, Rob Boucher, Steve Gregersen" Category="Bindings" filePath="..\Libraries\patterns &amp; practices Library\Checklist Item\45233e83-666f-47c9-a3ba-89195023bcb0.xml" Priority="2" Rule_Type="Implementation" Source="patterns &amp; practices Library" Status="Release" Technology="WCF 3.5" Topic="Security" Type="Checklist Item" xmlns="urn:microsoft:guidanceexplorer:guidanceItem"><content><![CDATA[<H1>Applies to</H1><UL><LI>Microsoft&#174; Windows Communication Foundation (WCF) 3.5 <LI>Microsoft Visual Studio&#174; 2008</LI></UL><H1>What to Check For</H1><P>Check to ensure that your application exposes its WCF service to legacy clients as an ASMX web service.</P>

]]></content></guidanceItem>