﻿<?xml version="1.0" encoding="utf-8"?><guidanceItem id="4557163a-4218-472b-a2d3-8963d422d778" type="checklist" title="Protect Sensitive Data Over the Wire" cssFile="guidance.css" Date="2008-06-27T15:29:44.09Z" Author="J.D. Meier, Jason Taylor, Prashant Bansode, Carlos Farre, Madhu Sundararajan, Rob Boucher, Steve Gregersen" Category="Sensitive Data" filePath="..\Libraries\patterns &amp; practices Library\Checklist Item\4557163a-4218-472b-a2d3-8963d422d778.xml" Priority="2" Rule_Type="Implementation" Source="patterns &amp; practices Library" Status="Release" Technology="WCF 3.5" Topic="Security" Type="Checklist Item" xmlns="urn:microsoft:guidanceexplorer:guidanceItem"><content><![CDATA[<H1>Applies to</H1><UL><LI>Microsoft&#174; Windows Communication Foundation (WCF) 3.5 <LI>Microsoft Visual Studio&#174; 2008</LI></UL><H1>What to Check For</H1><P>Check to ensure that your application protects sensitive data over the wire.</P>

]]></content></guidanceItem>