﻿<?xml version="1.0" encoding="utf-8"?><guidanceItem id="456eca8f-630f-408c-8182-87d34985b4e3" type="checklist" title="Membership Providers Are Used Instead of Custom Authentication" cssFile="guidance.css" Date="2007-12-13T23:34:53.613Z" Author="J.D. Meier, Alex Mackman, Blaine Wastell, Prashant Bansode, Andy Wigley, Kishore Gopalan" Category="Forms Authentication" filePath="..\Libraries\patterns &amp; practices Library\Checklist Item\456eca8f-630f-408c-8182-87d34985b4e3.xml" Priority="2" Rule_Type="Implementation" Source="patterns &amp; practices Library" Status="Beta" Technology="ASP.NET 2.0" Topic="Security" Type="Checklist Item" xmlns="urn:microsoft:guidanceexplorer:guidanceItem"><content><![CDATA[<H1>Applies to</H1><UL><LI><DIV>ASP.NET 2.0</DIV></LI></UL><H1>What to Check For</H1><P>Check to ensure ASP.NET membership providers are used to authenticate your users.</P><H1>Why</H1>The membership feature helps protect credentials, can enforce strong passwords, and provides consistent APIs for user validation and secure user management.&nbsp; The membership feature also automatically creates the authentication ticket for you.&nbsp; <H1>How to Check</H1><P>To check if your application is using Membership Providers, use the following steps:</P><OL><LI><DIV>Check your web.config or machine.config file for a &lt;<STRONG>membership</STRONG>&gt; section.</DIV><LI><DIV>Within the &lt;<STRONG>membership</STRONG>&gt; section check that there is a &lt;<B>providers</B>&gt; section configured to the provider supporting your application's users.</DIV><LI><DIV>Check&nbsp;that the &lt;<STRONG>connectionStrings</STRONG>&gt; section contains connection information to the store pointed to in the &lt;<B>providers</B>&gt; section.</DIV><LI><DIV>Check that the <STRONG>defaultProvider</STRONG> attribute on the &lt;<B>membership</B>&gt; element points to your chosen provider.</DIV><LI><DIV>Ensure that your application uses the Membership API or the <STRONG>Login</STRONG> controls to authenticate users.</DIV></LI></OL><P>For example, a properly set up configuration file for a <STRONG>SqlMembershipProvider</STRONG> would look like:</P><PRE>&lt;connectionStrings&gt;<BR>&nbsp; &lt;add name="MySqlConnection" connectionString="Data Source=MySqlServer;<BR>&#9;&#9;Initial Catalog=aspnetdb;Integrated Security=SSPI;" /&gt;<BR>&lt;/connectionStrings&gt;<BR>&lt;system.web&gt;<BR>...<BR>&nbsp; &lt;membership defaultProvider="SqlProvider" userIsOnlineTimeWindow="15"&gt;<BR>&nbsp;&nbsp;&nbsp; &lt;providers&gt;<BR>&nbsp;&nbsp;&nbsp;&nbsp;&nbsp; &lt;clear /&gt;<BR>&nbsp;&nbsp;&nbsp;&nbsp;&nbsp; &lt;add <BR>&nbsp;&nbsp;&nbsp;&nbsp;&nbsp;&nbsp;&nbsp; name="SqlProvider" <BR>&nbsp;&nbsp;&nbsp;&nbsp;&nbsp;&nbsp;&nbsp; type="System.Web.Security.SqlMembershipProvider" <BR>&nbsp;&nbsp;&nbsp;&nbsp;&nbsp;&nbsp;&nbsp; connectionStringName="MySqlConnection"<BR>&nbsp;&nbsp;&nbsp;&nbsp;&nbsp;&nbsp;&nbsp; applicationName="MyApplication"<BR>&nbsp;&nbsp;&nbsp;&nbsp;&nbsp;&nbsp;&nbsp; enablePasswordRetrieval="false"<BR>&nbsp;&nbsp;&nbsp;&nbsp;&nbsp;&nbsp;&nbsp; enablePasswordReset="true"<BR>&nbsp;&nbsp;&nbsp;&nbsp;&nbsp;&nbsp;&nbsp; requiresQuestionAndAnswer="true"<BR>&nbsp;&nbsp;&nbsp;&nbsp;&nbsp;&nbsp;&nbsp; requiresUniqueEmail="true"<BR>&nbsp;&nbsp;&nbsp;&nbsp;&nbsp;&nbsp;&nbsp; passwordFormat="Hashed" /&gt;<BR>&nbsp;&nbsp;&nbsp; &lt;/providers&gt;<BR>&nbsp; &lt;/membership&gt;<BR></PRE><H1>How to Fix</H1><P>The membership feature has built-in providers for user stores including SQL Server, Active Directory, and Active Directory Application Mode (ADAM).&nbsp; If you want to use an existing user store, such as a non-Active Directory LDAP directory, or a user store on another platform, create a custom membership provider inheriting from the <B>MembershipProvider</B> abstract base class.&nbsp; By doing this, your application can still benefit from using the standard membership features and API and login controls.&nbsp; </P><P>To configure membership, you need to define a connection string to point to the provider store and configure your provider definition in the Web.config file. <P><B>To configure membership:</B> <OL><LI>Configure your application for forms authentication by setting<B> </B>&lt;<B>authentication mode="Forms"/</B>&gt; <LI>Add a connection string to the &lt;<B>connectionStrings/</B>&gt; section to point to your user store. If you are using the <B>ActiveDirectoryMembershipProvider</B>, this is a Lightweight Directory Access Protocol (LDAP) query string pointing to your user container in Active Directory or ADAM. If you are using the <B>SqlMembershipProvider</B>, this is a database connection string that points to your user store database. <LI>Add a &lt;<B>membership</B>&gt;<B> </B>section to configure your chosen membership provider. <LI>Configure the specific provider by creating a<B> </B>&lt;<B>providers</B>&gt; section beneath the &lt;<B>membership</B>&gt;<B> </B>element in your application's Web.config. The membership system supports a number of different providers: <LI>If your user accounts are in Active Directory or ADAM, use the <B>ActiveDirectoryMembershipProvider</B>. <LI>If your user accounts are in SQL Server, use <B>SqlMembershipProvider</B>. <LI>If your user accounts are in a store other than those previously listed, create a custom membership provider by inheriting from the <B>MembershipProvider</B> base class. <LI>Set the <B>defaultProvider</B> attribute on the &lt;<B>membership</B>&gt; element to your chosen provider. </LI></OL><P>To validate and manage users, use the Membership API (for example, <B>Membership.CreateUser </B>and <B>Membership.ValidateUser</B>) or use the <B>Login</B> controls, which automatically use your membership configuration. </P> <H1>Additional Resources</H1><UL><LI>For more information, see <A href="http://msdn.microsoft.com/library/en-us/dnpag2/html/paght000022.asp">How To: Use Membership in ASP.NET 2.0</A>. </LI></UL><H1>Related Items</H1><UL><LI>Guideline: Use Membership Providers Instead of Custom Authentication</LI></UL>]]></content></guidanceItem>