﻿<?xml version="1.0" encoding="utf-8"?><guidanceItem id="45950f2d-17fa-428b-82b6-13c2c61f1354" type="checklist" title="Remote components are not exposed to the Internet." cssFile="guidance.css" Date="2007-12-18T20:49:18.45Z" Author="J.D. Meier, Alex Mackman, Michael Dunner, Srinath Vasireddy, Ray Escamilla and Anandha Murukan" Category="Design Considerations" filePath="..\Libraries\patterns &amp; practices Library\Checklist Item\45950f2d-17fa-428b-82b6-13c2c61f1354.xml" Priority="2" Rule_Type="Design" Source="patterns &amp; practices Library" Status="Beta" Technology="Remoting (.NET 1.1)" Topic="Security" Type="Checklist Item" xmlns="urn:microsoft:guidanceexplorer:guidanceItem"><content><![CDATA[<H1>Applies to</H1><UL><LI><DIV>Remoting (.NET 1.1)</DIV></LI></UL><H1>What to Check For</H1><P>Check that the remote objects are hosted on middle-tier application servers that are only accessible from front-end Web applications and Web services and not directly accessible from the Internet.</P>]]></content></guidanceItem>