﻿<?xml version="1.0" encoding="utf-8"?><guidanceItem id="45b589de-34a1-4457-b970-4105bc7f72bc" type="checklist" title="Avoid per-request impersonation." cssFile="guidance.css" Date="2007-12-18T21:46:15.777Z" Author="J.D. Meier, Srinath Vasireddy, Ashish Babbar, John Allen and Alex Mackman" Category="Resource Management" filePath="..\Libraries\patterns &amp; practices Library\Checklist Item\45b589de-34a1-4457-b970-4105bc7f72bc.xml" Priority="2" Rule_Type="Implementation" Source="patterns &amp; practices Library" Status="Beta" Technology="ASP.NET 1.1" Topic="Performance" Type="Checklist Item" xmlns="urn:microsoft:guidanceexplorer:guidanceItem"><content><![CDATA[<H1>Applies to</H1><UL><LI><DIV>ASP.NET 1.1</DIV></LI></UL><H1>What to Check For</H1><P>Check to ensure that your application avoids using per-request impersonation.</P><H1>How to Check</H1><P>Identify and, if necessary, authorize the caller at the Web server. Obtain access to system resources or application-wide resources by using the identity of the Web application process or by using a fixed service account. System resources are resources such as event logs. Application-wide resources are resources such as databases. Avoiding per-request impersonation minimizes security overhead and maximizes resource pooling.</P><BLOCKQUOTE><B>Note&nbsp;&nbsp;&nbsp;</B>Impersonation on its own does not cause performance issues. However, impersonation often prevents efficient resource pooling. This is a common cause of performance and scalability problems.</BLOCKQUOTE>]]></content></guidanceItem>