﻿<?xml version="1.0" encoding="utf-8"?><guidanceItem id="4607ac13-c77e-4c76-8ec7-654e5a1c7284" type="checklist" title="Use GetOrdinal when using an index-based lookup." cssFile="guidance.css" Date="2008-01-12T01:03:04.537Z" Author="J.D. Meier, Srinath Vasireddy, Ashish Babbar, and Alex Mackman" Category="DataReader" filePath="..\Libraries\patterns &amp; practices Library\Checklist Item\4607ac13-c77e-4c76-8ec7-654e5a1c7284.xml" Priority="2" Rule_Type="Implementation" Source="patterns &amp; practices Library" Status="Beta" Technology="ADO.NET 1.1" Topic="Performance" Type="Checklist Item" xmlns="urn:microsoft:guidanceexplorer:guidanceItem"><content><![CDATA[<H1>Applies to</H1><UL><LI><DIV>ADO.NET 1.1</DIV></LI></UL><H1>What to Check For</H1><P>Check to ensure that your application uses GetOrdinal method when using an index-based lookup.</P><H1>How to Check</H1><P>Using an index or ordinal-based lookup is faster than using string-based column names. However, using an index adds code maintenance overhead. Using an index requires you to change the index when the query column-order changes or when table columns are changed. Instead of hard coding the values, you can use <B>GetOrdinal</B> to get the index as shown in the following code fragment.</P><DIV><PRE>cmd.CommandText = "Select RegionDescription, RegionId from Region";<BR>SqlDataReader dr = cmd.ExecuteReader();<BR>int RegionId = dr.GetOrdinal("RegionId");<BR>int RegionDescription = dr.GetOrdinal("RegionDescription");<BR>while( dr.Read())&#123;  Console.WriteLine(dr&#91;RegionId&#93; &#43; " - " &#43; dr&#91;RegionDescription&#93;);<BR>&#125;</PRE></DIV>]]></content></guidanceItem>