﻿<?xml version="1.0" encoding="utf-8"?><guidanceItem id="462513b6-0d81-44fa-9a3c-39536bf6a9a5" type="checklist" title="Registry access is constrained by using RegistryPermission. " cssFile="guidance.css" Date="2007-12-15T00:24:58.793Z" Author="J.D. Meier, Srinath Vasireddy, Ashish Babbar, Rico Mariani, and Alex Mackman" Category="Registry" filePath="..\Libraries\patterns &amp; practices Library\Checklist Item\462513b6-0d81-44fa-9a3c-39536bf6a9a5.xml" Priority="2" Rule_Type="Implementation" Source="patterns &amp; practices Library" Status="Beta" Technology=".NET 1.1" Topic="Security" Type="Checklist Item" xmlns="urn:microsoft:guidanceexplorer:guidanceItem"><content><![CDATA[<H1>Applies to</H1><UL><LI><DIV>.NET 1.1</DIV></LI></UL><H1>What to Check For</H1><P>Check to ensure that Registry access is constrained by using <STRONG>RegistryPermission</STRONG>. This applies especially if your registry access code could be called by untrusted callers.</P><H1>How to Check</H1><P>Code that accesses the registry by using the <B>Microsoft.Win32.Registry</B> class must be granted the <B>RegistryPermission </B>by code access security policy. This permission type can be used to constrain registry access to specific keys and sub keys, and can also control code's ability to read, write, or create registry keys and named values.</P><P></P><H1>How to Fix</H1><H3>Constraining Registry Access</H3><P>To constrain code to reading data from specific registry keys, you can use the <B>RegistryPermissionAttribute</B> together with <B>SecurityAction.PermitOnly</B>. The following attribute ensures that the code can only read from the <B>YourApp</B> key (and subkeys) beneath HKEY_LOCAL_MACHINE\SOFTWARE.</P><DIV><PRE>&#91;RegistryPermissionAttribute(SecurityAction.PermitOnly,<BR>                             Read=&#64;"HKEY_LOCAL_MACHINE\SOFTWARE\YourApp")&#93;<BR>public static string GetConfigurationData( string key, string namedValue )&#123;<BR>  return (string)Registry.<BR>                 LocalMachine.<BR>                 OpenSubKey(key).<BR>                 GetValue(namedValue);<BR>&#125;</PRE></DIV>]]></content></guidanceItem>