﻿<?xml version="1.0" encoding="utf-8"?><guidanceItem id="46318cf6-331d-49dc-a900-4f9b3b6f2bae" type="checklist" title="Data privacy and integrity over the network is provided with IPSec or SSL." cssFile="guidance.css" Date="2007-12-17T07:37:07.66Z" Author="J.D. Meier, Srinath Vasireddy, Ashish Babbar, and Alex Mackman" Category="Deployment Considerations" filePath="..\Libraries\patterns &amp; practices Library\Checklist Item\46318cf6-331d-49dc-a900-4f9b3b6f2bae.xml" Priority="2" Rule_Type="Deployment" Source="patterns &amp; practices Library" Status="Beta" Technology="ADO.NET 1.1" Topic="Security" Type="Checklist Item" xmlns="urn:microsoft:guidanceexplorer:guidanceItem"><content><![CDATA[<H1>Applies to</H1><UL><LI><DIV>ADO.NET 1.1</DIV></LI></UL><H1>What to Check For</H1><P>Check to ensure that the credentials are secured over the network by using IPSec or SSL, or by installing a database server certificate when using SQL authentication in your application.</P><H1>How to Check</H1><P>If you use SQL authentication to connect to SQL Server, ensure that login credentials are not exposed over the network. Either install a certificate on the database server (which causes SQL Server to encrypt the credentials) or use an IPSec encrypted channel to the database.</P><P>The use of IPSec or SSL to the database is recommended to protect sensitive application level data passed to and from the database. For more information, see Chapter 18, "<A href="http://msdn2.microsoft.com/en-us/library/aa302434.aspx">Securing Your Database Server</A>."</P>]]></content></guidanceItem>