﻿<?xml version="1.0" encoding="utf-8"?><guidanceItem id="4688fbf2-889d-4184-8246-e659fdbe58cb" type="checklist" title="SuppressUnmanagedCode is used with caution" cssFile="guidance.css" Date="2007-12-14T21:38:39.443Z" Author="J.D. Meier, Alex Mackman, Blaine Wastell, Prashant Bansode, Chaitanya Bijwe" Category="Unmanaged Code" filePath="..\Libraries\patterns &amp; practices Library\Checklist Item\4688fbf2-889d-4184-8246-e659fdbe58cb.xml" Priority="2" Rule_Type="Implementation" Source="patterns &amp; practices Library" Status="Beta" Technology=".NET 2.0" Topic="Security" Type="Checklist Item" xmlns="urn:microsoft:guidanceexplorer:guidanceItem"><content><![CDATA[<H1>Applies to</H1><UL><LI><DIV>.NET 2.0</DIV><DIV></DIV></LI></UL><H1>What to Check For</H1><P>Check to ensure that the SuppressUnmanagedCode attribute is used only if assembly takes precautions to ensure that malicious code cannot coerce it into performing unwanted operations.</P><P></P><H1>How to Fix</H1><P>If your assembly makes many calls to unmanaged code, the performance overhead associated with multiple unmanaged code permission demands can become an issue.</P><P>In this situation, you can use the <B>SupressUnmanagedCodeSecurity</B> attribute on the P/Invoke method declaration. This causes the full demand for the unmanaged permission to be replaced with a link demand which only occurs once at just-in-time (JIT) compilation time.</P><P>Link demands make your code vulnerable to luring attacks. To mitigate the risk, you should suppress the unmanaged code permission demand only if your assembly takes adequate precautions to ensure that it cannot be coerced by malicious code to perform unwanted operations. An example of a suitable countermeasure is if your assembly demands a custom permission that more closely reflects the operation being performed by the unmanaged code</P><H3>Using SuppressUnmanagedCodeSecurity with P/Invoke</H3><P>The following code shows how to apply the <B>SuppressUnmanagedCodeSecurity</B> attribute to a P/Invoke method declaration.</P><DIV><PRE>public NativeMethods&#123;<BR>  // The use of SuppressUnmanagedCodeSecurity here applies only to FormatMessage<BR>  &#91;DllImport("kernel32.dll"), SuppressUnmanagedCodeSecurity&#93;<BR>  private unsafe static extern int FormatMessage(<BR>                                      int dwFlags,<BR>                                       ref IntPtr lpSource,<BR>                                       int dwMessageId,<BR>                                      int dwLanguageId,<BR>                                       ref String lpBuffer, int nSize,<BR>                                       IntPtr &#42;Arguments);<BR>&#125;  </PRE></DIV><H3>Using SuppressUnmanagedCodeSecurity with COM Interop</H3><P>For COM interop calls, the attribute must be used at the interface level, as shown in the following example.</P><DIV><PRE> &#91;SuppressUnmanagedCodeSecurity&#93;<BR>public interface IComInterface&#123;&#125;</PRE></DIV>]]></content></guidanceItem>