﻿<?xml version="1.0" encoding="utf-8"?><guidanceItem id="46adc92d-e611-40d0-8e56-087786e6647f" type="checklist" title="Delegates are not accepted from untrusted sources." cssFile="guidance.css" Date="2007-12-14T21:14:41.577Z" Author="J.D. Meier, Alex Mackman, Blaine Wastell, Prashant Bansode, Chaitanya Bijwe" Category="Delegates" filePath="..\Libraries\patterns &amp; practices Library\Checklist Item\46adc92d-e611-40d0-8e56-087786e6647f.xml" Priority="2" Rule_Type="Implementation" Source="patterns &amp; practices Library" Status="Beta" Technology=".NET 2.0" Topic="Security" Type="Checklist Item" xmlns="urn:microsoft:guidanceexplorer:guidanceItem"><content><![CDATA[<H1>Applies to</H1><UL><LI><DIV>.NET 2.0</DIV><DIV></DIV></LI></UL><H1>What to Check For</H1><P>Check to ensure that delegates are not accepted from untrusted sources.</P><P></P><H1>How to Fix</H1><P>If your assembly exposes a delegate or an event, be aware that any code can associate a method with the delegate, and you have no advance knowledge of what the code will do. The safest policy is not to accept delegates from untrusted callers. If your assembly is strong named and does not include the <B>AllowPartiallyTrustedCallersAttribute</B>, only full trust callers can pass a delegate to your code.</P>]]></content></guidanceItem>