﻿<?xml version="1.0" encoding="utf-8"?><guidanceItem id="46b6ea92-e952-4007-a99f-5b6240580ce1" type="checklist" title="Do not validate the same document more than once." cssFile="guidance.css" Date="2007-12-18T21:14:29.223Z" Author="J.D. Meier, Srinath Vasireddy, Ashish Babbar, and Alex Mackman " Category="Input and Data Validation" filePath="..\Libraries\patterns &amp; practices Library\Checklist Item\46b6ea92-e952-4007-a99f-5b6240580ce1.xml" Priority="2" Rule_Type="Implementation" Source="patterns &amp; practices Library" Status="Beta" Technology="XML (.NET 1.1)" Topic="Performance" Type="Checklist Item" xmlns="urn:microsoft:guidanceexplorer:guidanceItem"><content><![CDATA[<H1>Applies to</H1><UL><LI><DIV>XML (.NET 1.1)</DIV></LI></UL><H1>What to Check For</H1><P>Check to ensure that your application does not validates the same document more than once.</P><H1>How to Check</H1><P>Make sure that you do not waste processor cycles by validating the same source document multiple times.</P>]]></content></guidanceItem>