﻿<?xml version="1.0" encoding="utf-8"?><guidanceItem id="46b7748b-4ccc-4331-a8c9-28fdf6842345" type="checklist" title="Do not use caching for data that is too volatile." cssFile="guidance.css" Date="2007-12-14T22:38:07.747Z" Author="J.D. Meier, Srinath Vasireddy, Ashish Babbar, Rico Mariani, and Alex Mackman" Category="Caching" filePath="..\Libraries\patterns &amp; practices Library\Checklist Item\46b7748b-4ccc-4331-a8c9-28fdf6842345.xml" Priority="2" Rule_Type="Implementation" Source="patterns &amp; practices Library" Status="Beta" Technology=".NET 2.0" Topic="Performance" Type="Checklist Item" xmlns="urn:microsoft:guidanceexplorer:guidanceItem"><content><![CDATA[<H1>Applies to</H1><UL><LI><DIV>.NET 2.0</DIV></LI></UL><H1>What to Check For</H1><P>Check to ensure that your application does not use caching for data that is too volatile.</P><H1>How to Check</H1><P>Do you know the frequency at which data is modified? Use this information to decide whether to cache the data. You should also be aware of how out-of-date the data you display can be, with respect to the source data. You should be aware of the permissible time limit for which the stale data can be displayed, even when the data has been updated in its source location.</P><P>Ideally, you should cache data that is relatively static over a period of time, and data that does not need to change for each user. However, even if your data is quite volatile and changes, for example, every two minutes, you can still benefit from caching. For example, if you usually expect to receive requests from 20 clients in a 2-minute interval, you can save 20 round trips to the server by caching the data.</P><P>To determine whether caching particular sets of data is beneficial, you should measure performance both with and without caching.</P><H1>Additional Resources</H1><UL><LI><DIV><DIV><P>For more information, see the following resources: </P><UL><LI>For more information about the questions raised in this section, see "Caching" in Chapter 3, "<A href="http://msdn2.microsoft.com/en-us/library/ms998541.aspx">Design Guidelines for Application Performance</A>" <LI>For more information and guidelines about caching, see the Caching Architecture Guide for .NET Framework Applications on MSDN at <A href="http://msdn.microsoft.com/library/en-us/dnbda/html/cachingarch.asp">http://msdn.microsoft.com/library/en-us/dnbda/html/CachingArch.asp</A>. <LI>For middle-tier caching solutions, consider the Caching Application Block for .NET on MSDN at <A href="http://msdn.microsoft.com/library/en-us/dnpag/html/cachingblock.asp">http://msdn.microsoft.com/library/en-us/dnpag/html/CachingBlock.asp</A>. </LI></UL></DIV></DIV></LI></UL>]]></content></guidanceItem>