﻿<?xml version="1.0" encoding="utf-8"?><guidanceItem id="46f95ab7-5fbc-4b7b-97ee-7b0fcedc2dda" type="checklist" title="Write code that avoids exceptions." cssFile="guidance.css" Date="2008-01-19T00:21:12.61Z" Author="J.D. Meier, Srinath Vasireddy, Ashish Babbar, John Allen and Alex Mackman" Category="Exception Management" filePath="..\Libraries\patterns &amp; practices Library\Checklist Item\46f95ab7-5fbc-4b7b-97ee-7b0fcedc2dda.xml" Priority="2" Rule_Type="Implementation" Source="patterns &amp; practices Library" Status="Beta" Technology="ASP.NET 1.1" Topic="Performance" Type="Checklist Item" xmlns="urn:microsoft:guidanceexplorer:guidanceItem"><content><![CDATA[<H1>Applies to</H1><UL><LI><DIV>ASP.NET 1.1</DIV></LI></UL><H1>What to Check For</H1><P>Check to ensure that your application code that avoids exceptions.</P><H1>How to Check</H1><P>The following is a list of common techniques you can use to avoid exceptions: </P><UL><LI><B>Check for null values</B>. If it is possible for an object to be <B>null</B>, check to make sure it is not <B>null</B>, rather then throwing an exception. This commonly occurs when you retrieve items from view state, session state, application state, or cache objects as well as query string and form field variables. For example, do not use the following code to access session state information. <DIV><PRE>try &#123;<BR>  loginid = Session&#91;"loginid"&#93;.ToString();<BR>&#125;<BR>catch(Exception ex) &#123;<BR>  Response.Redirect("login.aspx", false);<BR>&#125;</PRE></DIV><P>Instead, use the following code to access session state information. </P><DIV><PRE>if(Session&#91;"loginid"&#93;&#33;=null)<BR>  loginid = Session&#91;"loginid"&#93;.ToString();<BR>else<BR>  Response.Redirect("login.aspx", false);</PRE></DIV><LI><B>Do not use exceptions to control logic</B>. Exceptions are just that &#8212; exceptions. A database connection that fails to open is an exception. A user who mistypes his password is simply a condition that needs to be handled. For example, consider the following function prototype used to log in a user. <DIV><PRE>public void Login(string UserName, string Password) &#123;&#125;</PRE></DIV><P>The following code is used to call the login. </P><DIV><PRE>try&#123;<BR>  Login(userName,password);<BR>&#125;<BR>catch (InvalidUserNameException ex) &#123;&#8230;&#125;<BR>catch (InvalidPasswordException ex)&#123;&#8230;&#125;</PRE></DIV><P>It is better to create an enumeration of possible values and then change the <B>Login</B> method to return that enumeration, as follows. </P><DIV><PRE>public enum LoginResult&#123;<BR>  Success,InvalidUserName, InvalidPassword, AccountLockedOut<BR>&#125;<BR>public LoginResult Login(string UserName, string Password) &#123;&#125;</PRE></DIV><P>The following code is used to call <B>Login</B>. </P><DIV><PRE>LoginResult result = Login(userName,password)switch(result)&#123;<BR>  case Success:<BR>   . . .<BR>  case InvalidUserName:<BR>   . . .<BR>  case InvalidPassword:<BR>&#125;</PRE></DIV><LI><B>Suppress the internal call to</B> <B>Response.End</B>. The <B>Server.Transfer</B>, <B>Response.Redirect</B>, <B>Response.End</B> methods all raise exceptions. Each of these methods internally call <B>Response.End</B>. The call to <B>Response.End</B>, in turn, causes a <B>ThreadAbortException</B> exception. If you use <B>Response.Redirect</B>, consider using the overloaded method and passing <B>false</B> as the second parameter to suppress the internal call to <B>Response.End</B>. <P>For more information, see Knowledge Base article 312629, "PRB: ThreadAbortException Occurs If You Use Response.End, Response.Redirect, or Server.Transfer," at <A href="http://support.microsoft.com/default.aspx?scid=kb;en-us;312629">http://support.microsoft.com/default.aspx?scid=kb;en-us;312629</A>. </P><LI><B>Do not catch exceptions you cannot handle</B>. If your code cannot handle an exception, use a <B>try/finally </B>block to ensure that you close resources, regardless of whether an exception occurs. Do not catch the exception if you cannot try recovery. Permit the exception to propagate to an appropriate handler that can deal with the exception condition. </LI></UL><H1>Additional Resources</H1><UL><LI><P>For more information about exception handling, see the following MSDN articles: </P><UL><LI>"An Exception to the Rule, Part 1," at <A href="http://msdn.microsoft.com/library/en-us/dnaspnet/html/asp07232001.asp">http://msdn.microsoft.com/library/en-us/dnaspnet/html/asp07232001.asp</A> <LI>"An Exception to the Rule, Part 2," at <A href="http://msdn.microsoft.com/library/en-us/dnaspnet/html/asp08232001.asp">http://msdn.microsoft.com/library/en-us/dnaspnet/html/asp08232001.asp</A> </LI></UL></LI></UL>]]></content></guidanceItem>