﻿<?xml version="1.0" encoding="utf-8"?><guidanceItem id="470c0633-c121-4cae-b059-037c33df9f8b" type="checklist" title="Carefully consider lock granularity.." cssFile="guidance.css" Date="2007-12-14T22:24:53.753Z" Author="J.D. Meier, Srinath Vasireddy, Ashish Babbar, Rico Mariani, and Alex Mackman" Category="Concurrency" filePath="..\Libraries\patterns &amp; practices Library\Checklist Item\470c0633-c121-4cae-b059-037c33df9f8b.xml" Priority="2" Rule_Type="Implementation" Source="patterns &amp; practices Library" Status="Beta" Technology=".NET 2.0" Topic="Performance" Type="Checklist Item" xmlns="urn:microsoft:guidanceexplorer:guidanceItem"><content><![CDATA[<H1>Applies to</H1><UL><LI><DIV>.NET 2.0</DIV></LI></UL><H1>What to Check For</H1><P>Check to ensure that your application considers locking&nbsp;granularity.</P><H1>How to Check</H1><P>Evaluate the tradeoff between having coarse-grained and fine-grained locks. Fine&nbsp;-&nbsp;grained locks ensure atomic execution of a small amount of code. When used properly, they provide greater concurrency by reducing lock contention. When used at the wrong places, the fine-grained locks may add complexity and decrease performance and concurrency.</P><H1>Additional Resources</H1><UL><LI><DIV><DIV><P>For more information about the questions and issues raised in this section, see "Concurrency" in Chapter 3, "<A href="http://msdn2.microsoft.com/en-us/library/ms998541.aspx">Design Guidelines for Application Performance</A>"</P></DIV></DIV></LI></UL>]]></content></guidanceItem>