﻿<?xml version="1.0" encoding="utf-8"?><guidanceItem id="472bcafb-fe2d-4e03-9eea-429e4d622777" type="checklist" title="Preserve as much diagnostic information as possible in your exception handlers" cssFile="guidance.css" Date="2007-12-15T01:19:32.3Z" Author="J.D. Meier, Srinath Vasireddy, Ashish Babbar, Rico Mariani, and Alex Mackman" Category="Exception Management" filePath="..\Libraries\patterns &amp; practices Library\Checklist Item\472bcafb-fe2d-4e03-9eea-429e4d622777.xml" Priority="2" Rule_Type="Implementation" Source="patterns &amp; practices Library" Status="Beta" Technology=".NET 1.1" Topic="Performance" Type="Checklist Item" xmlns="urn:microsoft:guidanceexplorer:guidanceItem"><content><![CDATA[<H1>Applies to</H1><UL><LI><DIV>.NET 1.1</DIV></LI></UL><H1>What to Check For</H1><P>Check to ensure that your application&nbsp;preserves as much diagnostic information as possible in its exception handlers.</P><H1>How to Check</H1><P>Do not catch exceptions that you do not know how to handle and then fail to propagate the exception. By doing so, you can easily obscure useful diagnostic information as shown in the following example.</P><DIV><PRE>try&#123;<BR>  // exception generating code&#125;catch(Exception e)&#123;<BR>   // Do nothing<BR>&#125;</PRE></DIV><P>This might result in obscuring information that can be useful for diagnosing the erroneous code. </P><H1>Additional Resources</H1><UL><LI>For more information on exception management, see the following resources: <UL><LI><DIV>Chapter 15, "<A href="http://msdn2.microsoft.com/en-us/library/ms998579.aspx">Measuring .NET Application Performance</A>" </DIV><LI><DIV>Microsoft Knowledge Base article 315965, "HOW TO: Use Structured Exception Handling in Visual Basic .NET," at <A href="http://support.microsoft.com/default.aspx?scid=kb;en-us;315965">http://support.microsoft.com/default.aspx?scid=kb;en-us;315965</A>.</DIV></LI></UL></LI></UL>]]></content></guidanceItem>