﻿<?xml version="1.0" encoding="utf-8"?><guidanceItem id="47476a6a-4bb9-44d9-99cb-0af501248680" type="checklist" title="Use distributed architectures appropriately." cssFile="guidance.css" Date="2007-12-15T00:33:49.557Z" Author="J.D. Meier, Srinath Vasireddy, Ashish Babbar, Rico Mariani, and Alex Mackman" Category="Deployment Considerations" filePath="..\Libraries\patterns &amp; practices Library\Checklist Item\47476a6a-4bb9-44d9-99cb-0af501248680.xml" Priority="2" Rule_Type="Implementation" Source="patterns &amp; practices Library" Status="Beta" Technology=".NET 1.1" Topic="Performance" Type="Checklist Item" xmlns="urn:microsoft:guidanceexplorer:guidanceItem"><content><![CDATA[<H1>Applies to</H1><UL><LI><DIV>.NET 1.1</DIV></LI></UL><H1>What to Check For</H1><P>Check to ensure that your application uses distributed architectures appropriately. Do not introduce distribution unnecessarily.</P><H1>How to Check</H1><P>If you host your business logic on a remote server, you need to be aware of the significant performance implications of the additional overheads, such as network latency, data serialization and marshaling, and, often, additional security checks. Figure&nbsp;shows the nondistributed and distributed architectures.</P><P><IMG alt="" src="http://msdn2.microsoft.com/en-us/library/ms998544.ch04---non-distributed-and-distributed-architectures(en-us,MSDN.10).gif" border=0></P><P><B>Nondistributed and distributed architectures</B></P><P>By keeping your logical layers physically close to one another, such as on the same server or even in the same process, you minimize round trips and reduce call latency. If you do use a remote application tier, make sure your design minimizes the overhead. Where possible, batch together calls that represent a single unit of work, design coarse-grained services, and cache data locally, where appropriate. For more information about these design guidelines, see Chapter 3, "<A href="http://msdn2.microsoft.com/en-us/library/ms998541.aspx">Design Guidelines for Application Performance</A>."</P><P>The following are some sample scenarios where you would opt for a remote application tier: </P><UL><LI>You might need to add a Web front end to an existing set of business logic. <LI>Your Web front end and business logic might have different scaling needs. If you need to scale out only the business logic part, but both front end and business logic are on the same computer, you unnecessarily end up having multiple copies of the front end, which adds to the maintenance overhead. <LI>You might want to share your business logic among multiple client applications. <LI>The security policy of your organization might prohibit you from installing business logic on your front-end Web servers. <LI>Your business logic might be computationally intensive, so you want to offload the processing to a separate server.</LI></UL>]]></content></guidanceItem>