﻿<?xml version="1.0" encoding="utf-8"?><guidanceItem id="474d846f-03a3-466b-9e02-9985a1192126" type="checklist" title="Per-Request Impersonation Is Not Used" cssFile="guidance.css" Date="2008-01-19T00:08:04.197Z" Author="J.D. Meier, Srinath Vasireddy, Ashish Babbar, John Allen and Alex Mackman" Category="Resource Management" filePath="..\Libraries\patterns &amp; practices Library\Checklist Item\474d846f-03a3-466b-9e02-9985a1192126.xml" Priority="2" Rule_Type="Design" Source="patterns &amp; practices Library" Status="Beta" Technology="ASP.NET 1.1" Topic="Performance" Type="Checklist Item" xmlns="urn:microsoft:guidanceexplorer:guidanceItem"><content><![CDATA[<H1>Applies to</H1><UL><LI>ASP.NET 1.1&nbsp;</LI></UL><H1>What to Check For</H1>Check that users are not being impersonated, when accessing downstream resources, especially when accessing database.&nbsp;If it is required,&nbsp;the identity of the original caller is passed at the application level.&nbsp;&nbsp;&nbsp;&nbsp; <H1>Why</H1>Per-request impersonation is used where you use the original caller's identity to access downstream resources like a database.&nbsp;This&nbsp;places severe scalability constraints on your application by preventing the effective use of database connection pooling. <H1>How to Check</H1><P>Check the application configuration file and Machine.Config file and ensure that the&nbsp;Per-request impersonation has not been enabled using the following setting.</P><PRE>&lt;system.web&gt;<BR>   ...<BR>   &lt;identity impersonation=true /&gt;<BR>   ...<BR>&lt;/system.web&gt; </PRE><P>&nbsp;</P><H1>How to Fix</H1><P>Instead of using per- request impersonation when accessing a database, use the trusted sub system model. To implement the trusted sub system model use the following steps:</P><OL><LI>Create a least privileged domain or local account and configure it to run the ASP.NET application.<BR>For more information see "How To: Create a Custom Account to Run ASP.NET 1.1" at <A href="http://msdn.microsoft.com/library/default.asp?url=/library/en-us/dnnetsec/html/SecNetHT01.asp">http://msdn.microsoft.com/library/default.asp?url=/library/en-us/dnnetsec/html/SecNetHT01.asp</A> <LI>Configure the database or downstream resource for giving access to the account created in the step 1. If the account is local account, create a least privileged account on the database server with same name and password and give access to this account. <OL><LI>Create a SQL Server login for your application's account. <LI>Map the login to a database user in the required database. <LI>Place the database user in a database role. <LI>Grant the database role limited permissions to only those stored procedures or tables that your application needs to access.</LI></OL></LI></OL><P>Ideally, you should not provide direct table access, and you should limit access to selected stored procedures only. If you must grant table access, grant the minimum access that the application requires. For example, do not grant update access if read access is sufficient.&nbsp;</P><H1>Problem Example</H1><P>An ASP.NET application accesses a&nbsp;database on a separate physical server.<BR>The issue with this application is that original user is being impersonated for each request and the database is accessed using security context of the original user, this has impact on the&nbsp;performance and scalability of the application.</P><PRE>&lt;system.web&gt;<BR>   ...<BR>   &lt;identity impersonation=true /&gt;<BR>   ...<BR>&lt;/system.web&gt; </PRE><H1>Solution Example</H1><P>An ASP.NET application accesses a&nbsp;database on a separate physical server.<BR>Per-request impersonation is disabled&nbsp;using the following configuration setting.</P><PRE>&lt;system.web&gt;<BR>   ...<BR>   &lt;identity impersonation=false /&gt;<BR>   ...<BR>&lt;/system.web&gt; </PRE><P>A custom least privileged domain account is created and configured to run the ASP.NET application. On the database server this account is given access to the database. Now the ASP.NET application access the database using the security context of the process identity (custom account). Thus enabling to leverage the database pooling, in turn improving the application performance and scalability. </P><H1>Additional Resources</H1><LI>For more information about the trusted subsystem model, see Chapter 3, "Authentication and Authorization," in Building Secure ASP.NET Applications on MSDN at <A href="http://msdn.microsoft.com/library/default.asp?url=/library/en-us/dnnetsec/html/SecNetch03.asp">http://msdn.microsoft.com/library/default.asp?url=/library/en-us/dnnetsec/html/SecNetch03.asp</A> <LI>For more information see "How To: Create a Custom Account to Run ASP.NET 1.1" at <A href="http://msdn.microsoft.com/library/default.asp?url=/library/en-us/dnnetsec/html/SecNetHT01.asp">http://msdn.microsoft.com/library/default.asp?url=/library/en-us/dnnetsec/html/SecNetHT01.asp</A> <LI>For more information see "Checklist: ASP.NET Performance" at <A href="http://msdn.microsoft.com/library/default.asp?url=/library/en-us/dnpag/html/ScaleNetCheck03.asp">http://msdn.microsoft.com/library/default.asp?url=/library/en-us/dnpag/html/ScaleNetCheck03.asp</A>&nbsp; <H1>&nbsp;</H1></LI>]]></content></guidanceItem>