﻿<?xml version="1.0" encoding="utf-8"?><guidanceItem id="4757a9fa-6e24-403b-890b-3ee4cb54c96e" type="checklist" title="Choose the right activation model." cssFile="guidance.css" Date="2007-12-18T20:42:50.253Z" Author="J.D. Meier, Srinath Vasireddy, Ashish Babbar, and Alex Mackman" Category="Design Considerations" filePath="..\Libraries\patterns &amp; practices Library\Checklist Item\4757a9fa-6e24-403b-890b-3ee4cb54c96e.xml" Priority="2" Rule_Type="Implementation" Source="patterns &amp; practices Library" Status="Beta" Technology="Remoting (.NET 1.1)" Topic="Performance" Type="Checklist Item" xmlns="urn:microsoft:guidanceexplorer:guidanceItem"><content><![CDATA[<H1>Applies to</H1><UL><LI><DIV>Remoting (.NET 1.1)</DIV></LI></UL><H1>What to Check For</H1><P>Check to ensure that your application chooses the right activation model.</P><H1>How to Check</H1><P>The way an object is activated has a large impact on affinity, state management, load balancing, performance, and scalability. .NET remoting supports server-activated and client-activated objects. </P><UL><LI><B>Server-Activated Objects (SAOs)</B>. Server-activated objects (SAOs) are usually preferred, because they allow the method call from the client to be serviced by any available server that receives the request. There are two types of SAOs: <UL><LI><B>Singleton</B>. In the singleton case, an object is instantiated at the server and this instance serves requests for all clients. The common language runtime (CLR) provides a thread pool to service incoming client calls. As a result, singletons that maintain shared state require synchronization code to ensure valid state management. <BLOCKQUOTE><B>Note&nbsp;&nbsp;&nbsp;</B>Singletons do not guarantee that the same instance is always available in memory to serve client requests. They do guarantee that there is only a single instance of that type available, at any one time, to service client requests. For ways to control a singleton's lifetime, see "Lifetime Considerations" later in this chapter.</BLOCKQUOTE><LI><B>SingleCall</B>. <B>SingleCall</B> objects live only for the life of the method call. They cannot maintain any state because they are destroyed after servicing the method. <B>SingleCall</B> objects are free from synchronization code because they serve requests for only a single client before being destroyed. </LI></UL><LI><B>Client-Activated Objects (CAOs)</B>. Client-activated objects (CAOs) have the benefit of making state management in the object easier to maintain. However, CAOs limit the scalability of the system. CAOs are beneficial when you are using a single server approach and opting for stateful components. </LI></UL>]]></content></guidanceItem>