﻿<?xml version="1.0" encoding="utf-8"?>
<guidanceExplorer xmlns="urn:microsoft:guidanceexplorer">
  <library name="0fc5a8c1-a9df-4a0e-9a57-6ae81dd8c438" caption="My Library" readProtection="ReadWrite" suscribed="false" webSuscribed="false">
    <libraryStructure />
    <items />
    <columns>
      <column source="Type" caption="Type" sort="Ascending" visible="true" width="111" position="0" />
      <column source="Topic" caption="Topic" sort="Ascending" visible="true" width="111" position="1" />
      <column source="title" caption="Title" sort="None" visible="true" width="371" position="2" />
      <column source="Technology" caption="Technology" sort="Ascending" visible="true" width="110" position="3" />
      <column source="Category" caption="Category" sort="Ascending" visible="true" width="173" position="4" />
    </columns>
  </library>
</guidanceExplorer>