﻿<?xml version="1.0" encoding="utf-8"?>
<guidanceExplorer xmlns="urn:microsoft:guidanceexplorer">
  <userViews>
    <columns>
      <column source="Type" caption="Type" sort="Ascending" visible="true" width="111" position="1" />
      <column source="Topic" caption="Topic" sort="Ascending" visible="true" width="111" position="2" />
      <column source="title" caption="Title" sort="None" visible="true" width="371" position="3" />
      <column source="Technology" caption="Technology" sort="Ascending" visible="true" width="110" position="4" />
      <column source="Category" caption="Category" sort="Ascending" visible="true" width="173" position="5" />
    </columns>
    <structure>
      <view id="61b4d49e-143e-44bc-93c3-5948a7d8323c" caption="Create New View..." creationDate="2008-11-19T00:15:24.65625Z" description="" author="" rootView="false">
        <columns>
          <column source="Type" caption="Type" sort="Ascending" visible="true" width="111" position="1" />
          <column source="Topic" caption="Topic" sort="Ascending" visible="true" width="111" position="2" />
          <column source="title" caption="Title" sort="None" visible="true" width="371" position="3" />
          <column source="Technology" caption="Technology" sort="Ascending" visible="true" width="110" position="4" />
          <column source="Category" caption="Category" sort="Ascending" visible="true" width="173" position="5" />
        </columns>
        <items />
      </view>
    </structure>
  </userViews>
</guidanceExplorer>